Player,Squad,Pos,Saves,GoalsConceded,SoT,Cmp%,Tkl,Blocks,Int,DuelsTotal,DuelsWon,DrbAttempts,DrbSucc,Fld,season
P. Jones,Manchester United,DF,0,0,0,,0,0,0,0,0,0,0,0,2023-24
David de Gea,Manchester United,GK,0,0,0,,0,0,0,0,0,0,0,0,2023-24
Alex Telles,Manchester United,DF,0,0,0,,0,0,0,0,0,0,0,0,2023-24
W. Fish,Manchester United,DF,0,0,0,,0,0,0,0,0,0,0,0,2023-24
Elyh Harrison,Manchester United,GK,0,0,0,,0,0,0,0,0,0,0,0,2023-24
Sonny Aljofree,Manchester United,DF,0,0,0,,0,0,0,0,0,0,0,0,2023-24
Logan Pye,Manchester United,DF,0,0,0,,0,0,0,0,0,0,0,0,2023-24
M. Oyedele,Manchester United,MF,0,0,0,,0,0,0,0,0,0,0,0,2023-24
Noam Fritz Emeran,Manchester United,FW,0,0,0,,0,0,0,0,0,0,0,0,2023-24
C. McNeill,Manchester United,FW,0,0,0,,0,0,0,0,0,0,0,0,2023-24
José Mateo Mejía Piedrahita,Manchester United,FW,0,0,0,,0,0,0,0,0,0,0,0,2023-24
T. Mengi,Manchester United,DF,0,0,4,,54,27,57,223,128,10,7,7,2023-24
V. Lindelöf,Manchester United,DF,0,0,4,41.0,15,9,12,85,35,1,1,2,2023-24
H. Mejbri,Manchester United,MF,0,0,1,,3,1,0,29,13,3,2,6,2023-24
A. Garnacho,Manchester United,FW,0,0,28,,22,2,18,318,130,111,48,54,2023-24
A. Elanga,Manchester United,FW,0,0,23,,33,2,8,233,104,70,28,26,2023-24
D. Henderson,Manchester United,GK,58,30,0,,1,0,0,8,7,0,0,2,2023-24
T. Heaton,Manchester United,GK,0,0,0,,0,0,0,0,0,0,0,0,2023-24
A. Bayındır,Manchester United,GK,0,0,0,,0,0,0,0,0,0,0,0,2023-24
T. Malacia,Manchester United,DF,0,0,0,,0,0,0,0,0,0,0,0,2023-24
H. Maguire,Manchester United,DF,0,0,3,41.0,24,24,25,156,103,2,0,10,2023-24
L. Shaw,Manchester United,DF,0,0,0,,11,11,6,73,34,11,7,3,2023-24
H. Amass,Manchester United,DF,0,0,0,,0,0,0,0,0,0,0,0,2023-24
Diogo Dalot,Manchester United,DF,0,0,7,,81,16,37,278,158,49,31,14,2023-24
Lisandro Martínez,Manchester United,DF,0,0,0,,12,8,5,43,21,3,2,3,2023-24
Bruno Fernandes,Manchester United,MF,0,0,41,43.0,68,6,27,316,136,40,19,28,2023-24
M. Mount,Manchester United,MF,0,0,1,,22,1,6,82,41,10,4,9,2023-24
K. Mainoo,Manchester United,MF,0,0,5,,47,12,22,228,120,53,31,23,2023-24
Casemiro,Manchester United,MF,0,0,9,46.0,83,33,17,276,144,17,9,10,2023-24
J. Sancho,Manchester United,FW,0,0,0,,1,0,1,16,6,6,3,2,2023-24
A. Diallo,Manchester United,FW,0,0,4,,10,1,1,65,29,21,11,4,2023-24
Antony,Manchester United,FW,0,0,16,,40,1,12,211,100,59,26,32,2023-24
R. Højlund,Manchester United,FW,0,0,21,,11,1,1,223,84,36,18,30,2023-24
Matheus Cunha,Manchester United,FW,0,0,38,,30,7,13,373,160,125,64,50,2023-24
A. Wan-Bissaka,Manchester United,DF,0,0,1,,42,15,41,150,89,26,17,9,2023-24
A. Martial,Manchester United,FW,0,0,4,,4,0,0,53,20,4,2,6,2023-24
O. Forson,Manchester United,FW,0,0,0,,2,0,0,7,3,2,1,0,2023-24
R. Varane,Manchester United,DF,0,0,2,,18,18,15,63,43,2,1,3,2023-24
Reguilón,Manchester United,DF,0,0,2,,45,6,16,148,87,24,13,15,2023-24
M. Greenwood,Manchester United,FW,0,0,0,,0,0,0,0,0,0,0,0,2023-24
Marc Jurado,Manchester United,DF,0,0,0,,0,0,0,0,0,0,0,0,2023-24
Louis Jackson,Manchester United,DF,0,0,0,,0,0,0,0,0,0,0,0,2023-24
Dermot William Mee,Manchester United,GK,0,0,0,,0,0,0,0,0,0,0,0,2023-24
Willy Kambwala Ndengushi,Manchester United,DF,0,0,0,,3,3,4,22,11,2,0,2,2023-24
H. Ogunneye,Manchester United,DF,0,0,0,,0,0,0,0,0,0,0,0,2023-24
B. Williams,Manchester United,DF,0,0,0,,0,0,0,0,0,0,0,0,2023-24
J. Hugill,Manchester United,FW,0,0,0,,0,0,0,0,0,0,0,0,2023-24
Tobias Christopher Collyer,Manchester United,MF,0,0,0,,0,0,0,0,0,0,0,0,2023-24
Daniel Gore,Manchester United,MF,0,0,0,,1,0,1,2,2,0,0,1,2023-24
C. Savage,Manchester United,MF,0,0,0,,0,0,0,0,0,0,0,0,2023-24
N. Bishop,Manchester United,GK,0,0,0,,0,0,0,0,0,0,0,0,2023-24
R. Vítek,Manchester United,GK,0,0,0,,0,0,0,0,0,0,0,0,2023-24
E. Wheatley,Manchester United,FW,0,0,0,,1,0,2,6,1,0,0,0,2023-24
J. Evans,Manchester United,DF,0,0,0,,22,18,23,124,75,6,4,13,2023-24
R. Bennett,Manchester United,DF,0,0,0,,0,0,0,0,0,0,0,0,2023-24
S. Shoretire,Manchester United,FW,0,0,0,,0,0,0,0,0,0,0,0,2023-24
F. Pellistri,Manchester United,MF,0,0,2,,5,1,1,40,22,9,5,6,2023-24
D. van de Beek,Manchester United,MF,0,0,0,,0,0,0,0,0,0,0,0,2023-24
E. Bailly,Manchester United,DF,0,0,0,,0,0,0,0,0,0,0,0,2023-24
M. Rashford,Manchester United,FW,0,0,21,,19,1,4,249,103,101,48,21,2023-24
M. Longstaff,Newcastle,MF,0,0,0,,0,0,0,0,0,0,0,0,2023-24
Remmi Eugene Savage,Newcastle,DF,0,0,0,,0,0,0,0,0,0,0,0,2023-24
Jamie Miley,Newcastle,MF,0,0,0,,0,0,0,0,0,0,0,0,2023-24
Cameron Ferguson,Newcastle,FW,0,0,0,,0,0,0,0,0,0,0,0,2023-24
G. Kuol,Newcastle,FW,0,0,0,,0,0,0,0,0,0,0,0,2023-24
J. Turner-Cooke,Newcastle,MF,0,0,0,,0,0,0,0,0,0,0,0,2023-24
Ellis Stanton,Newcastle,MF,0,0,0,,0,0,0,0,0,0,0,0,2023-24
I. Hayden,Newcastle,MF,0,0,0,,0,0,0,0,0,0,0,0,2023-24
L. De Bolle,Newcastle,MF,0,0,0,,0,0,0,0,0,0,0,0,2023-24
Ciaran Thompson,Newcastle,DF,0,0,0,,0,0,0,0,0,0,0,0,2023-24
Dylan Charlton,Newcastle,DF,0,0,0,,0,0,0,0,0,0,0,0,2023-24
A. Harrison,Newcastle,GK,0,0,0,,0,0,0,0,0,0,0,0,2023-24
Aidan Harris,Newcastle,GK,0,0,0,,0,0,0,0,0,0,0,0,2023-24
James Alan Huntley,Newcastle,MF,0,0,0,,0,0,0,0,0,0,0,0,2023-24
E. Anderson,Newcastle,MF,0,0,5,,24,4,8,168,82,38,20,19,2023-24
A. Isak,Newcastle,FW,0,0,43,,5,1,6,180,71,70,42,15,2023-24
M. Gillespie,Newcastle,GK,0,0,0,,0,0,0,0,0,0,0,0,2023-24
N. Pope,Newcastle,GK,43,16,0,,0,0,0,8,6,0,0,3,2023-24
T. Livramento,Newcastle,DF,0,0,2,,23,7,25,128,80,25,17,28,2023-24
M. Targett,Newcastle,DF,0,0,0,,2,0,0,8,4,1,0,2,2023-24
K. Trippier,Newcastle,DF,0,0,2,48.0,57,8,24,224,125,22,16,21,2023-24
E. Krafth,Newcastle,DF,0,0,0,,21,3,9,88,44,5,3,7,2023-24
J. Lascelles,Newcastle,DF,0,0,1,41.0,14,12,5,115,64,2,1,2,2023-24
L. Hall,Newcastle,DF,0,0,4,,28,2,13,98,51,15,8,5,2023-24
S. Botman,Newcastle,DF,0,0,2,53.0,20,16,9,91,56,2,0,2,2023-24
A. Murphy,Newcastle,DF,0,0,0,,1,0,1,4,1,0,0,0,2023-24
D. Burn,Newcastle,DF,0,0,6,,61,25,37,302,176,6,4,11,2023-24
F. Schär,Newcastle,DF,0,0,9,48.0,42,38,36,299,151,21,13,26,2023-24
H. Ashby,Newcastle,DF,0,0,0,,0,0,0,0,0,0,0,0,2023-24
S. Tonali,Newcastle,MF,0,0,2,,7,0,2,36,17,5,3,6,2023-24
Bruno Guimarães,Newcastle,MF,0,0,16,51.0,88,14,34,503,285,113,72,108,2023-24
L. Miley,Newcastle,MF,0,0,3,,33,3,8,110,58,16,8,6,2023-24
Joelinton,Newcastle,MF,0,0,9,,39,7,19,219,96,28,17,23,2023-24
H. Barnes,Newcastle,MF,0,0,12,,6,0,5,81,38,21,7,21,2023-24
J. Murphy,Newcastle,MF,0,0,10,,20,0,5,110,52,26,13,15,2023-24
J. Ramsey,Newcastle,MF,0,0,5,,16,2,3,93,41,19,8,12,2023-24
J. Willock,Newcastle,MF,0,0,4,,13,0,1,52,24,18,7,3,2023-24
A. Gordon,Newcastle,FW,0,0,31,,55,0,7,377,183,110,53,66,2023-24
W. Osula,Newcastle,FW,0,0,8,,2,1,2,153,41,15,3,12,2023-24
K. Darlow,Newcastle,GK,0,0,0,,0,0,0,0,0,0,0,0,2023-24
S. Longstaff,Newcastle,MF,0,0,15,,54,7,17,247,117,22,11,34,2023-24
M. Dúbravka,Newcastle,GK,88,42,0,,0,0,0,15,9,0,0,5,2023-24
C. Wilson,Newcastle,FW,0,0,21,,5,0,2,130,45,29,14,17,2023-24
M. Ritchie,Newcastle,MF,0,0,4,,5,2,1,15,6,1,0,1,2023-24
P. Dummett,Newcastle,DF,0,0,0,,1,0,0,3,2,0,0,0,2023-24
O. Vlachodimos,Newcastle,GK,10,12,0,,0,0,0,2,1,0,0,1,2023-24
Michael Ndiweni,Newcastle,FW,0,0,0,,0,0,0,0,0,0,0,0,2023-24
R. Fraser,Newcastle,MF,0,0,0,,0,0,0,0,0,0,0,0,2023-24
K. Watts,Newcastle,DF,0,0,0,,0,0,0,0,0,0,0,0,2023-24
J. White,Newcastle,MF,0,0,0,,1,0,0,5,1,0,0,0,2023-24
J. Hendrick,Newcastle,MF,0,0,0,,0,0,0,0,0,0,0,0,2023-24
Javier Manquillo,Newcastle,DF,0,0,0,,0,0,0,0,0,0,0,0,2023-24
Ben Parkinson,Newcastle,FW,0,0,0,,0,0,0,2,0,0,0,0,2023-24
Amadou Diallo,Newcastle,FW,0,0,0,,0,0,0,0,0,0,0,0,2023-24
T. Hernes,Newcastle,MF,0,0,0,,0,0,0,0,0,0,0,0,2023-24
A. Saint-Maximin,Newcastle,MF,0,0,0,,0,0,0,0,0,0,0,0,2023-24
M. Almirón,Newcastle,MF,0,0,12,,36,2,10,176,87,45,23,22,2023-24
J. Lewis,Newcastle,DF,0,0,0,,0,0,0,0,0,0,0,0,2023-24
L. Karius,Newcastle,GK,4,4,0,,0,0,0,0,0,0,0,0,2023-24
J. Stanislas,Bournemouth,MF,0,0,0,,0,0,0,0,0,0,0,0,2023-24
J. Lowe,Bournemouth,FW,0,0,0,,0,0,0,0,0,0,0,0,2023-24
J. Wadham,Bournemouth,MF,0,0,0,,0,0,0,0,0,0,0,0,2023-24
F. Okoh,Bournemouth,MF,0,0,0,,0,0,0,0,0,0,0,0,2023-24
W. Dennis,Bournemouth,GK,0,0,0,,0,0,0,0,0,0,0,0,2023-24
A. Paulsen,Bournemouth,GK,0,0,0,,0,0,0,0,0,0,0,0,2023-24
D. Ouattara,Bournemouth,FW,0,0,7,,45,3,22,208,118,41,21,17,2023-24
M. Travers,Bournemouth,GK,13,5,0,,0,0,0,4,3,0,0,1,2023-24
M. Kerkez,Bournemouth,DF,0,0,5,,47,11,20,186,98,24,12,21,2023-24
D. Solanke,Bournemouth,FW,0,0,38,,23,5,7,537,204,99,39,45,2023-24
C. McKenna,Bournemouth,GK,0,0,0,,0,0,0,0,0,0,0,0,2023-24
A. Smith,Bournemouth,DF,0,0,0,,37,11,21,166,81,12,4,22,2023-24
C. Mepham,Bournemouth,DF,0,0,1,,12,6,7,85,43,0,0,2,2023-24
M. Senesi,Bournemouth,DF,0,0,4,,55,23,35,245,114,19,11,11,2023-24
T. Adams,Bournemouth,MF,0,0,0,,4,0,4,15,11,2,2,3,2023-24
R. Faivre,Bournemouth,MF,0,0,0,,1,0,0,17,7,5,2,4,2023-24
H. Traorè,Bournemouth,MF,0,0,2,,1,0,0,14,6,8,4,0,2023-24
A. Scott,Bournemouth,MF,0,0,4,,24,4,12,165,76,33,13,25,2023-24
P. Billing,Bournemouth,MF,0,0,8,,33,5,20,189,93,30,12,12,2023-24
R. Christie,Bournemouth,MF,0,0,13,,86,11,52,421,196,92,51,38,2023-24
L. Cook,Bournemouth,MF,0,0,4,,61,11,65,269,140,35,21,16,2023-24
M. Tavernier,Bournemouth,MF,0,0,16,,53,3,5,301,132,99,44,22,2023-24
D. Brooks,Bournemouth,MF,0,0,5,,5,0,2,32,11,10,4,1,2023-24
D. Adu-Adjei,Bournemouth,FW,0,0,0,,0,0,0,0,0,0,0,0,2023-24
A. Semenyo,Bournemouth,FW,0,0,31,,24,2,6,399,150,105,50,24,2023-24
L. Sinisterra,Bournemouth,FW,0,0,9,,23,0,8,140,74,47,29,6,2023-24
J. Kluivert,Bournemouth,FW,0,0,20,,28,1,8,257,92,65,24,28,2023-24
J. Anthony,Bournemouth,FW,0,0,1,,3,0,1,26,8,5,2,2,2023-24
K. Moore,Bournemouth,FW,0,0,2,,0,0,0,22,9,2,1,2,2023-24
E. Marcondes,Bournemouth,MF,0,0,0,,0,0,0,0,0,0,0,0,2023-24
I. Radu,Bournemouth,GK,5,7,0,,0,0,0,0,0,0,0,0,2023-24
L. Kelly,Bournemouth,DF,0,0,1,,24,12,13,119,67,2,2,13,2023-24
J. Rothwell,Bournemouth,MF,0,0,0,,7,2,3,34,16,11,7,2,2023-24
D. Jebbison,Bournemouth,FW,0,0,0,,0,0,0,0,0,0,0,0,2023-24
E. Pollock,Bournemouth,FW,0,0,0,,0,0,0,0,0,0,0,0,2023-24
S. Dembélé,Bournemouth,MF,0,0,0,,0,0,0,0,0,0,0,0,2023-24
G. Kilkenny,Bournemouth,MF,0,0,0,,0,0,0,0,0,0,0,0,2023-24
R. Fredericks,Bournemouth,DF,0,0,0,,0,0,0,0,0,0,0,0,2023-24
C. Plain,Bournemouth,GK,0,0,0,,0,0,0,0,0,0,0,0,2023-24
D. Randolph,Bournemouth,GK,0,0,0,,0,0,0,0,0,0,0,0,2023-24
Michael Dacosta,Bournemouth,FW,0,0,0,,0,0,0,0,0,0,0,0,2023-24
M. Kinsey-Wellings,Bournemouth,DF,0,0,0,,0,0,0,0,0,0,0,0,2023-24
D. Sadi,Bournemouth,FW,0,0,0,,0,0,0,1,0,0,0,0,2023-24
B. Greenwood,Bournemouth,DF,0,0,0,,0,0,0,0,0,0,0,0,2023-24
I. Zabarnyi,Bournemouth,DF,0,0,3,,59,34,33,282,167,11,9,24,2023-24
M. Aarons,Bournemouth,DF,0,0,0,,29,5,8,131,74,26,14,26,2023-24
Neto,Bournemouth,GK,115,55,0,,0,0,1,13,12,2,2,0,2023-24
J. Hill,Bournemouth,DF,0,0,0,,3,2,3,11,7,1,0,0,2023-24
E. Ünal,Bournemouth,MF,0,0,11,,6,2,1,66,25,10,2,9,2023-24
E. Wady,Chelsea,GK,0,0,0,,0,0,0,0,0,0,0,0,2023-24
J. Cumming,Chelsea,GK,0,0,0,,0,0,0,0,0,0,0,0,2023-24
G. Słonina,Chelsea,GK,0,0,0,,0,0,0,0,0,0,0,0,2023-24
F. Anjorin,Chelsea,MF,0,0,0,,0,0,0,0,0,0,0,0,2023-24
Ângelo,Chelsea,FW,0,0,0,,0,0,0,0,0,0,0,0,2023-24
H. Vale,Chelsea,MF,0,0,0,,0,0,0,0,0,0,0,0,2023-24
R. Lukaku,Chelsea,FW,0,0,0,,0,0,0,0,0,0,0,0,2023-24
D. Richards,Chelsea,FW,0,0,0,,0,0,0,0,0,0,0,0,2023-24
M. Golding,Chelsea,MF,0,0,0,,0,0,0,0,0,0,0,0,2023-24
Dylan Williams,Chelsea,DF,0,0,0,,0,0,0,0,0,0,0,0,2023-24
Harrison Murray-Campbell,Chelsea,DF,0,0,0,,0,0,0,0,0,0,0,0,2023-24
Max Merrick,Chelsea,GK,0,0,0,,0,0,0,0,0,0,0,0,2023-24
I. Maatsen,Chelsea,DF,0,0,1,,3,0,3,32,7,4,0,1,2023-24
C. Hudson-Odoi,Chelsea,FW,0,0,20,,18,1,7,195,93,70,43,30,2023-24
Kepa,Chelsea,GK,0,0,0,,0,0,0,0,0,0,0,0,2023-24
N. Madueke,Chelsea,FW,0,0,13,,17,0,4,171,80,73,37,19,2023-24
Đ. Petrović,Chelsea,GK,75,38,0,,0,0,0,6,6,0,0,1,2023-24
M. Bettinelli,Chelsea,GK,0,0,0,,0,0,0,0,0,0,0,0,2023-24
Ted Curd,Chelsea,GK,0,0,0,,0,0,0,0,0,0,0,0,2023-24
Robert Sánchez,Chelsea,GK,53,25,0,,0,0,0,4,4,0,0,1,2023-24
R. James,Chelsea,DF,0,0,1,,14,4,3,57,36,13,9,5,2023-24
B. Chilwell,Chelsea,DF,0,0,4,,15,3,4,87,46,15,7,12,2023-24
I. Samuels-Smith,Chelsea,DF,0,0,0,,0,0,0,0,0,0,0,0,2023-24
W. Fofana,Chelsea,DF,0,0,0,,0,0,0,0,0,0,0,0,2023-24
M. Gusto,Chelsea,DF,0,0,5,40.0,55,4,17,199,110,37,17,30,2023-24
Marc Cucurella,Chelsea,DF,0,0,4,43.0,62,13,22,205,122,11,4,35,2023-24
L. Colwill,Chelsea,DF,0,0,3,,48,10,26,175,114,13,9,14,2023-24
T. Chalobah,Chelsea,DF,0,0,2,52.0,16,7,9,73,39,2,1,3,2023-24
Joshua Kofi Acheampong,Chelsea,DF,0,0,0,,0,3,0,1,0,0,0,0,2023-24
B. Badiashile,Chelsea,DF,0,0,1,62.0,21,14,18,103,55,0,0,6,2023-24
A. Gilchrist,Chelsea,DF,0,0,1,,4,3,3,20,7,1,1,0,2023-24
M. Mudryk,Chelsea,MF,0,0,12,,21,1,9,204,94,70,39,27,2023-24
E. Fernández,Chelsea,MF,0,0,16,55.0,50,13,17,260,125,40,23,31,2023-24
C. Chukwuemeka,Chelsea,MF,0,0,2,,6,1,0,33,11,12,2,2,2023-24
C. Palmer,Chelsea,MF,0,0,46,,23,2,20,229,102,98,52,26,2023-24
Andrey Santos,Chelsea,MF,0,0,0,,0,0,0,0,0,0,0,0,2023-24
R. Lavia,Chelsea,MF,0,0,0,,1,0,0,3,2,0,0,1,2023-24
M. Caicedo,Chelsea,MF,0,0,4,54.0,91,25,37,349,196,50,26,49,2023-24
Tyrique George,Chelsea,FW,0,0,0,,0,0,0,0,0,0,0,0,2023-24
Deivid Washington,Chelsea,FW,0,0,0,,1,0,0,4,1,1,0,0,2023-24
C. Nkunku,Chelsea,FW,0,0,9,,5,1,2,52,24,7,2,7,2023-24
João Pedro,Chelsea,FW,0,0,26,,31,2,11,334,175,88,43,60,2023-24
D. Fofana,Chelsea,MF,0,0,10,,10,3,1,142,48,37,15,10,2023-24
N. Jackson,Chelsea,FW,0,0,41,,21,5,4,359,150,90,54,40,2023-24
E. Ampadu,Chelsea,DF,0,0,0,,0,0,0,0,0,0,0,0,2023-24
O. Hutchinson,Chelsea,FW,0,0,0,,0,0,0,0,0,0,0,0,2023-24
B. Humphreys,Chelsea,DF,0,0,0,,0,0,0,0,0,0,0,0,2023-24
L. Ugochukwu,Chelsea,MF,0,0,0,,14,2,1,43,28,4,3,2,2023-24
A. Broja,Chelsea,FW,0,0,2,,3,1,0,76,28,29,13,8,2023-24
J. Brooking,Chelsea,DF,0,0,0,,0,0,0,0,0,0,0,0,2023-24
Jimi Weikko Tauriainen,Chelsea,MF,0,0,0,,0,0,0,0,0,0,0,0,2023-24
Leo Castledine,Chelsea,MF,0,0,0,,0,0,0,0,0,0,0,0,2023-24
Zak Norton Sturge,Chelsea,DF,0,0,0,,0,0,0,0,0,0,0,0,2023-24
Billy Gee,Chelsea,DF,0,0,0,,0,0,0,0,0,0,0,0,2023-24
Thiago Silva,Chelsea,DF,0,0,4,69.0,29,24,27,141,90,2,2,8,2023-24
O. Harrison,Chelsea,MF,0,0,0,,0,0,0,0,0,0,0,0,2023-24
M. Sarr,Chelsea,DF,0,0,0,,0,0,0,0,0,0,0,0,2023-24
K. Dyer,Chelsea,MF,0,0,0,,0,0,0,0,0,0,0,0,2023-24
I. Kaboré,Manchester City,DF,0,0,0,,0,0,0,0,0,0,0,0,2023-24
Yan Couto,Manchester City,DF,0,0,0,,0,0,0,0,0,0,0,0,2023-24
T. Doyle,Manchester City,MF,0,0,0,,0,0,0,0,0,0,0,0,2023-24
S. Tedić,Manchester City,FW,0,0,0,,0,0,0,0,0,0,0,0,2023-24
J. Wilson-Esbrand,Manchester City,DF,0,0,0,,0,0,0,0,0,0,0,0,2023-24
True Grant,Manchester City,GK,0,0,0,,0,0,0,0,0,0,0,0,2023-24
K. Walker,Manchester City,DF,0,0,3,60.0,38,6,27,183,102,32,21,18,2023-24
S. Ortega,Manchester City,GK,20,7,0,,0,0,0,2,2,0,0,1,2023-24
J. Stones,Manchester City,DF,0,0,2,51.0,2,7,10,44,22,5,1,5,2023-24
R. Aït-Nouri,Manchester City,DF,0,0,8,,71,6,15,373,207,101,62,53,2023-24
N. Aké,Manchester City,DF,0,0,5,58.0,26,2,14,144,95,8,5,18,2023-24
M. Akanji,Manchester City,DF,0,0,5,74.0,42,12,23,162,90,4,2,19,2023-24
J. Gvardiol,Manchester City,DF,0,0,14,54.0,55,12,27,223,135,40,26,22,2023-24
R. Lewis,Manchester City,DF,0,0,4,,10,1,4,66,34,8,4,20,2023-24
Rúben Dias,Manchester City,DF,0,0,8,81.0,39,17,30,180,101,1,0,15,2023-24
K. Phillips,Manchester City,MF,0,0,0,,3,0,2,13,6,3,1,2,2023-24
Matheus Nunes,Manchester City,MF,0,0,4,,10,1,1,92,40,22,9,16,2023-24
Oscar Bobb,Manchester City,MF,0,0,2,,7,0,5,39,22,17,11,3,2023-24
Bernardo Silva,Manchester City,MF,0,0,15,49.0,51,4,17,235,117,59,38,26,2023-24
J. McAtee,Manchester City,MF,0,0,0,,0,0,0,0,0,0,0,0,2023-24
M. Kovačić,Manchester City,MF,0,0,5,47.0,36,1,10,136,75,27,20,15,2023-24
P. Foden,Manchester City,MF,0,0,48,42.0,31,0,13,287,144,93,47,60,2023-24
Rodri,Manchester City,MF,0,0,22,98.0,70,8,26,340,201,56,42,35,2023-24
J. Doku,Manchester City,FW,0,0,19,,39,0,9,290,161,151,87,33,2023-24
E. Haaland,Manchester City,FW,0,0,59,,6,1,2,184,88,28,12,31,2023-24
J. Grealish,Manchester City,MF,0,0,5,,13,2,6,123,75,29,18,41,2023-24
T. Harwood-Bellis,Manchester City,DF,0,0,0,,0,0,0,0,0,0,0,0,2023-24
B. Knight,Manchester City,MF,0,0,0,,0,0,0,0,0,0,0,0,2023-24
Micah Hamilton,Manchester City,FW,0,0,0,,0,0,0,0,0,0,0,0,2023-24
Max Alleyne,Manchester City,DF,0,0,0,,0,0,0,0,0,0,0,0,2023-24
Jacob Wright,Manchester City,MF,0,0,0,,0,0,0,0,0,0,0,0,2023-24
Mahamadou Susoho Sissoho,Manchester City,MF,0,0,0,,0,0,0,0,0,0,0,0,2023-24
Sergio Gómez,Manchester City,FW,0,0,0,,1,0,1,7,3,2,2,0,2023-24
J. Álvarez,Manchester City,FW,0,0,40,,24,0,2,190,61,42,20,13,2023-24
Aymeric Laporte,Manchester City,DF,0,0,1,,0,1,0,0,0,0,0,0,2023-24
Z. Steffen,Manchester City,GK,0,0,0,,0,0,0,0,0,0,0,0,2023-24
R. Mahrez,Manchester City,FW,0,0,0,,0,0,0,0,0,0,0,0,2023-24
K. De Bruyne,Manchester City,MF,0,0,17,,14,0,4,113,43,31,10,13,2023-24
M. Perrone,Manchester City,MF,0,0,0,,0,0,0,0,0,0,0,0,2023-24
João Cancelo,Manchester City,DF,0,0,0,,0,0,0,0,0,0,0,0,2023-24
Ederson,Manchester City,GK,57,27,0,,0,0,0,16,13,1,1,4,2023-24
S. Carson,Manchester City,GK,0,0,0,,0,0,0,0,0,0,0,0,2023-24
C. Rushworth,Brighton,GK,0,0,0,,0,0,0,0,0,0,0,0,2023-24
J. Furlong,Brighton,DF,0,0,0,,0,0,0,0,0,0,0,0,2023-24
A. Mazilu,Brighton,FW,0,0,0,,0,0,0,0,0,0,0,0,2023-24
J. Hinchy,Brighton,MF,0,0,0,,0,0,0,0,0,0,0,0,2023-24
F. Buonanotte,Brighton,MF,0,0,9,,42,3,8,246,107,46,18,41,2023-24
S. Adingra,Brighton,FW,0,0,22,,45,1,19,277,122,114,50,19,2023-24
J. Steele,Brighton,GK,43,34,0,,0,0,0,5,2,0,0,1,2023-24
B. Verbruggen,Brighton,GK,65,28,0,,1,0,0,11,9,1,1,2,2023-24
T. McGill,Brighton,GK,0,0,0,,0,0,0,0,0,0,0,0,2023-24
T. Lamptey,Brighton,DF,0,0,0,,21,3,6,87,49,14,6,18,2023-24
A. Webster,Brighton,DF,0,0,1,66.0,14,12,16,88,50,2,0,3,2023-24
Igor,Brighton,DF,0,0,0,55.0,25,9,14,127,71,21,16,4,2023-24
L. Dunk,Brighton,DF,0,0,12,90.0,27,37,31,182,101,7,5,12,2023-24
J. van Hecke,Brighton,DF,0,0,6,82.0,47,27,30,206,135,7,5,17,2023-24
J. Veltman,Brighton,DF,0,0,3,,54,7,18,194,126,6,1,42,2023-24
K. Mitoma,Brighton,MF,0,0,15,,13,1,5,183,86,83,39,23,2023-24
J. Sarmiento,Brighton,MF,0,0,0,,0,0,0,0,0,0,0,0,2023-24
Y. Ayari,Brighton,MF,0,0,0,,0,0,0,0,0,0,0,0,2023-24
J. Hinshelwood,Brighton,MF,0,0,8,,14,2,14,57,24,4,0,3,2023-24
A. Moran,Brighton,MF,0,0,0,,0,0,0,0,0,0,0,0,2023-24
J. Milner,Brighton,MF,0,0,1,,20,0,8,71,33,7,3,4,2023-24
S. March,Brighton,MF,0,0,6,,19,0,11,81,41,16,8,8,2023-24
C. Baleba,Brighton,MF,0,0,5,,40,7,18,192,102,17,11,27,2023-24
J. Enciso,Brighton,MF,0,0,8,,6,0,0,61,34,24,17,10,2023-24
D. Welbeck,Brighton,FW,0,0,16,,35,0,9,157,80,24,8,21,2023-24
Ansu Fati,Brighton,FW,0,0,11,,5,0,3,69,24,14,5,13,2023-24
Leigh Robert Kavanagh,Brighton,DF,0,0,0,,0,0,0,0,0,0,0,0,2023-24
N. Atom,Brighton,DF,0,0,0,,0,0,0,0,0,0,0,0,2023-24
Benjamin Harvey Jackson,Brighton,DF,0,0,0,,0,0,0,0,0,0,0,0,2023-24
Luca Barrington,Brighton,FW,0,0,0,,0,0,0,0,0,0,0,0,2023-24
K. Kozłowski,Brighton,MF,0,0,0,,0,0,0,0,0,0,0,0,2023-24
Benicio Baker-Boaitey,Brighton,MF,0,0,0,,0,0,0,5,1,1,1,0,2023-24
Samy Olivier Chouchane,Brighton,MF,0,0,0,,0,0,0,0,0,0,0,0,2023-24
E. Ferguson,Brighton,FW,0,0,20,,14,3,2,146,59,13,7,25,2023-24
B. Gilmour,Brighton,MF,0,0,5,63.0,26,9,11,163,75,21,8,30,2023-24
J. Duffus,Brighton,FW,0,0,0,,0,0,0,0,0,0,0,0,2023-24
J. Weir,Brighton,MF,0,0,0,,0,0,0,0,0,0,0,0,2023-24
E. Turns,Brighton,DF,0,0,0,,0,0,0,0,0,0,0,0,2023-24
M. Leonard,Brighton,MF,0,0,0,,0,0,0,0,0,0,0,0,2023-24
Mark O’Mahony,Brighton,FW,0,0,0,,1,1,0,7,2,0,0,0,2023-24
A. Lallana,Brighton,MF,0,0,2,,8,1,3,69,25,12,3,11,2023-24
A. Connolly,Brighton,FW,0,0,0,,0,0,0,0,0,0,0,0,2023-24
J. Moder,Brighton,MF,0,0,3,,19,2,2,66,33,11,6,5,2023-24
R. Khadra,Brighton,MF,0,0,0,,0,0,0,0,0,0,0,0,2023-24
V. Barco,Brighton,MF,0,0,2,,11,0,4,47,24,9,5,7,2023-24
D. Undav,Brighton,FW,0,0,0,,0,0,0,0,0,0,0,0,2023-24
M. Dahoud,Brighton,MF,0,0,1,,9,1,1,38,13,5,2,2,2023-24
P. Groß,Brighton,MF,0,0,20,73.0,70,8,22,248,127,29,16,27,2023-24
M. Karbownik,Brighton,DF,0,0,0,,0,0,0,0,0,0,0,0,2023-24
S. Alzate,Brighton,MF,0,0,0,,0,0,0,0,0,0,0,0,2023-24
A. Zeqiri,Brighton,FW,0,0,0,,0,0,0,0,0,0,0,0,2023-24
I. Samuels,Brighton,DF,0,0,0,,0,0,0,0,0,0,0,0,2023-24
P. Estupiñán,Brighton,DF,0,0,6,,26,4,21,131,64,18,9,17,2023-24
C. Peupion,Brighton,FW,0,0,0,,0,0,0,0,0,0,0,0,2023-24
O. Offiah,Brighton,DF,0,0,0,,1,0,1,12,8,5,4,2,2023-24
L. Milivojević,Crystal Palace,MF,0,0,0,,0,0,0,0,0,0,0,0,2023-24
J. McArthur,Crystal Palace,MF,0,0,0,,0,0,0,0,0,0,0,0,2023-24
M. Boateng,Crystal Palace,MF,0,0,0,,0,0,0,0,0,0,0,0,2023-24
F. Marjoram,Crystal Palace,MF,0,0,0,,0,0,0,0,0,0,0,0,2023-24
Z. Marsh,Crystal Palace,FW,0,0,0,,0,0,0,0,0,0,0,0,2023-24
E. Eze,Crystal Palace,MF,0,0,34,,35,2,11,340,164,133,69,48,2023-24
R. Matthews,Crystal Palace,GK,0,1,0,,0,0,0,1,1,0,0,0,2023-24
T. Mitchell,Crystal Palace,DF,0,0,4,,106,10,26,268,160,34,17,16,2023-24
M. Guéhi,Crystal Palace,DF,0,0,0,45.0,28,17,17,149,90,11,7,26,2023-24
C. Richards,Crystal Palace,DF,0,0,3,,46,12,27,185,115,1,1,7,2023-24
D. Muñoz,Crystal Palace,DF,0,0,0,,55,7,24,197,102,25,13,8,2023-24
N. Clyne,Crystal Palace,DF,0,0,0,,24,6,10,75,48,14,8,3,2023-24
A. Wharton,Crystal Palace,MF,0,0,1,,48,3,20,145,79,5,3,21,2023-24
C. Doucouré,Crystal Palace,MF,0,0,2,,34,2,20,92,50,13,10,1,2023-24
J. Devenny,Crystal Palace,MF,0,0,0,,0,0,0,0,0,0,0,0,2023-24
J. Lerma,Crystal Palace,MF,0,0,9,,42,12,36,263,147,17,11,25,2023-24
N. Ahamada,Crystal Palace,MF,0,0,2,,13,0,2,66,29,12,7,6,2023-24
K. Rodney,Crystal Palace,MF,0,0,0,,0,0,0,0,0,0,0,0,2023-24
Matheus França,Crystal Palace,FW,0,0,2,,3,0,1,43,10,13,4,2,2023-24
