Rk,Player,Nation,Pos,Squad,Age,Born,90s,Gls,Sh,SoT,SoT%,Sh/90,SoT/90,G/Sh,G/SoT,PK,PKatt,Matches
1,Keyliane Abdallah,fr FRA,FW,Marseille,17,2006,0.0,0,0,0,,0.00,0.00,,,0,0,Matches
2,Yunis Abdelhamid,ma MAR,DF,Reims,35,1987,30.9,4,22,8,36.4,0.71,0.26,0.14,0.38,1,1,Matches
3,Salis Abdul Samed,gh GHA,MF,Lens,23,2000,16.9,0,5,0,0.0,0.30,0.00,0.00,,0,0,Matches
4,Laurent Abergel,fr FRA,MF,Lorient,30,1993,31.8,2,26,11,42.3,0.82,0.35,0.08,0.18,0,0,Matches
5,Matthis Abline,fr FRA,"FW,MF",Nantes,20,2003,11.6,5,42,19,45.2,3.62,1.64,0.12,0.26,0,0,Matches
6,Zakaria Aboukhlal,ma MAR,"FW,MF",Toulouse,23,2000,8.4,3,28,8,28.6,3.34,0.95,0.07,0.25,1,1,Matches
7,Akor Adams,ng NGA,FW,Montpellier,23,2000,25.0,8,79,33,41.8,3.16,1.32,0.10,0.24,0,0,Matches
8,Nathaniel Adjei,gh GHA,DF,Lorient,20,2002,13.8,0,4,0,0.0,0.29,0.00,0.00,,0,0,Matches
9,Adryelson,br BRA,DF,Lyon,25,1998,0.1,0,0,0,,0.00,0.00,,,0,0,Matches
10,Adson,br BRA,MF,Nantes,22,2000,2.6,0,5,0,0.0,1.89,0.00,0.00,,0,0,Matches
11,Emmanuel Agbadou,ci CIV,DF,Reims,26,1997,28.8,1,33,7,21.2,1.14,0.24,0.03,0.14,0,0,Matches
12,Ruben Aguilar,fr FRA,"MF,DF",Lens,30,1993,21.4,1,12,4,33.3,0.56,0.19,0.08,0.25,0,0,Matches
13,Tosin Aiyegun,bj BEN,"MF,FW",Lorient,25,1998,10.0,2,11,3,27.3,1.10,0.30,0.18,0.67,0,0,Matches
14,Sergio Akieme,es ESP,"DF,MF",Reims,25,1997,9.1,2,11,2,18.2,1.21,0.22,0.18,1.00,0,0,Matches
15,Maghnes Akliouche,fr FRA,MF,Monaco,21,2002,17.9,7,35,21,60.0,1.95,1.17,0.20,0.33,0,0,Matches
16,Paul Akouokou,ci CIV,MF,Lyon,25,1997,3.4,0,2,0,0.0,0.59,0.00,0.00,,0,0,Matches
17,Aboubacar Ali,km COM,FW,Strasbourg,17,2006,1.4,0,4,2,50.0,2.77,1.38,0.00,0.00,0,0,Matches
18,Mohamed Ali Cho,fr FRA,FW,Nice,19,2004,9.6,1,18,6,33.3,1.88,0.63,0.06,0.17,0,0,Matches
19,Nabil Alioui,fr FRA,"MF,FW",Le Havre,24,1999,11.2,4,28,9,32.1,2.50,0.80,0.14,0.44,0,0,Matches
20,Jim Allevinah,ga GAB,MF,Clermont Foot,28,1995,20.7,2,37,11,29.7,1.79,0.53,0.05,0.18,0,0,Matches
21,Skelly Alvero,fr FRA,MF,Lyon,21,2002,4.7,1,9,3,33.3,1.90,0.63,0.11,0.33,0,0,Matches
22,Papa Amadou Diallo,sn SEN,"MF,FW",Metz,19,2004,9.9,2,13,6,46.2,1.32,0.61,0.15,0.33,0,0,Matches
23,Jordan Amavi,fr FRA,DF,Brest,29,1994,1.0,1,1,1,100.0,0.99,0.99,1.00,1.00,0,0,Matches
24,Kelvin Amian,fr FRA,DF,Nantes,25,1998,8.9,0,1,0,0.0,0.11,0.00,0.00,,0,0,Matches
25,Michael Amir Murillo,pa PAN,"DF,MF",Marseille,27,1996,11.1,3,5,4,80.0,0.45,0.36,0.60,0.75,0,0,Matches
26,Benjamin André,fr FRA,MF,Lille,32,1990,28.6,4,23,9,39.1,0.81,0.32,0.17,0.44,0,0,Matches
27,Komnen Andrić,rs SRB,FW,Clermont Foot,28,1995,1.9,0,3,0,0.0,1.60,0.00,0.00,,0,0,Matches
28,Ângelo,br BRA,"MF,FW",Strasbourg,18,2004,12.2,0,9,4,44.4,0.74,0.33,0.00,0.00,0,0,Matches
29,Stredair Appuah,fr FRA,FW,Nantes,19,2004,0.9,0,4,0,0.0,4.29,0.00,0.00,,0,0,Matches
30,Yoël Armougom,fr FRA,"MF,DF",Clermont Foot,25,1998,2.6,0,2,0,0.0,0.77,0.00,0.00,,0,0,Matches
31,Mohamed El Arouch,fr FRA,MF,Lyon,19,2004,0.0,0,0,0,,0.00,0.00,,,0,0,Matches
32,Marco Asensio,es ESP,"MF,FW",Paris Saint-Germain,27,1996,12.4,4,27,10,37.0,2.18,0.81,0.15,0.40,0,0,Matches
33,Joel Asoro,se SWE,"MF,FW",Metz,24,1999,9.4,2,6,3,50.0,0.64,0.32,0.33,0.67,0,0,Matches
34,Lorenz Assignon,tg TOG,DF,Rennes,23,2000,11.2,1,11,4,36.4,0.98,0.36,0.09,0.25,0,0,Matches
35,Youcef Atal,dz ALG,DF,Nice,27,1996,4.0,1,4,1,25.0,1.00,0.25,0.25,1.00,0,0,Matches
36,Valentin Atangana Edoa,fr FRA,MF,Reims,17,2005,6.2,0,9,2,22.2,1.46,0.32,0.00,0.00,0,0,Matches
37,Arthur Atta,fr FRA,MF,Metz,20,2003,10.3,1,9,4,44.4,0.88,0.39,0.11,0.25,0,0,Matches
38,Pierre-Emerick Aubameyang,ga GAB,FW,Marseille,34,1989,29.1,17,116,51,44.0,3.98,1.75,0.11,0.25,4,4,Matches
39,André Ayew,gh GHA,"FW,MF",Le Havre,33,1989,12.3,5,33,13,39.4,2.69,1.06,0.15,0.38,0,0,Matches
40,Neil El Aynaoui,ma MAR,MF,Lens,22,2001,17.4,1,22,8,36.4,1.26,0.46,0.05,0.13,0,0,Matches
41,Abdellah Baallal,ma MAR,FW,Clermont Foot,18,2004,0.0,0,0,0,,0.00,0.00,,,0,0,Matches
42,Shavy Babicka,ga GAB,"MF,FW",Toulouse,23,2000,4.1,1,8,4,50.0,1.93,0.97,0.13,0.25,0,0,Matches
43,Aliou Badara Baldé,gn GUI,FW,Nice,20,2002,0.8,0,3,2,66.7,3.91,2.61,0.00,0.00,0,0,Matches
44,Tiemoué Bakayoko,fr FRA,MF,Lorient,28,1994,14.6,2,12,7,58.3,0.82,0.48,0.17,0.29,0,0,Matches
45,Dilane Bakwa,fr FRA,"MF,FW",Strasbourg,20,2002,24.2,3,44,12,27.3,1.82,0.50,0.07,0.25,0,0,Matches
46,Carlos Baleba,cm CMR,MF,Lille,19,2004,0.7,0,2,1,50.0,2.95,1.48,0.00,0.00,0,0,Matches
47,Leonardo Balerdi,ar ARG,DF,Marseille,24,1999,25.2,2,14,4,28.6,0.55,0.16,0.14,0.50,0,0,Matches
48,Folarin Balogun,us USA,FW,Monaco,22,2001,18.8,7,66,29,43.9,3.51,1.54,0.11,0.24,0,3,Matches
49,Mohamed Bamba,ci CIV,FW,Lorient,21,2001,12.6,8,38,18,47.4,3.01,1.42,0.18,0.39,1,1,Matches
50,Mamady Bangré,bf BFA,MF,Toulouse,22,2001,1.1,0,3,0,0.0,2.67,0.00,0.00,,0,0,Matches
51,Bradley Barcola,fr FRA,MF,Lyon,20,2002,3.0,0,2,0,0.0,0.67,0.00,0.00,,0,0,Matches
52,Bradley Barcola,fr FRA,"FW,MF",Paris Saint-Germain,20,2002,15.2,4,31,11,35.5,2.04,0.72,0.13,0.36,0,0,Matches
53,Melvin Bard,fr FRA,DF,Nice,22,2000,29.5,1,15,5,33.3,0.51,0.17,0.07,0.20,0,0,Matches
54,Steven Baseya,fr FRA,DF,Strasbourg,18,2005,0.1,0,0,0,,0.00,0.00,,,0,0,Matches
55,Mohamed Bechikh,fr FRA,FW,Strasbourg,18,2005,0.2,0,0,0,,0.00,0.00,,,0,0,Matches
56,Yanis Begraoui,ma MAR,"FW,MF",Toulouse,22,2001,3.3,0,7,4,57.1,2.10,1.20,0.00,0.00,0,0,Matches
57,Jérémie Bela,ao ANG,MF,Clermont Foot,30,1993,2.3,0,6,2,33.3,2.66,0.89,0.00,0.00,0,0,Matches
58,Reda Belahyane,ma MAR,MF,Nice,19,2004,0.3,0,0,0,,0.00,0.00,,,0,0,Matches
59,Alaa Bellaarouch,ma MAR,GK,Strasbourg,21,2002,15.0,0,0,0,,0.00,0.00,,,0,0,Matches
60,Jean-Ricner Bellegarde,ht HAI,"MF,FW",Strasbourg,25,1998,3.0,2,5,3,60.0,1.67,1.00,0.40,0.67,0,0,Matches
61,Jeanuël Belocian,fr FRA,DF,Rennes,18,2005,16.1,0,3,0,0.0,0.19,0.00,0.00,,0,0,Matches
62,Eliesse Ben Seghir,ma MAR,"MF,FW",Monaco,18,2005,4.8,2,14,4,28.6,2.94,0.84,0.14,0.50,0,0,Matches
63,Wissam Ben Yedder,fr FRA,FW,Monaco,32,1990,25.7,16,64,31,48.4,2.49,1.20,0.23,0.48,1,1,Matches
64,Saïd Benrahma,dz ALG,"FW,MF",Lyon,27,1995,8.6,3,25,9,36.0,2.92,1.05,0.12,0.33,0,0,Matches
65,Nabil Bentaleb,dz ALG,MF,Lille,28,1994,21.9,0,10,2,20.0,0.46,0.09,0.00,0.00,0,0,Matches
66,Lucas Beraldo,br BRA,DF,Paris Saint-Germain,19,2003,11.2,1,5,2,40.0,0.45,0.18,0.20,0.50,0,0,Matches
67,Dimitry Bertaud,cd COD,GK,Montpellier,25,1998,4.0,0,0,0,,0.00,0.00,,,0,0,Matches
68,Marco Bizot,nl NED,GK,Brest,32,1991,32.0,0,0,0,,0.00,0.00,,,0,0,Matches
69,Rubén Blanco,es ESP,GK,Marseille,28,1995,1.3,0,0,0,,0.00,0.00,,,0,0,Matches
70,Ludovic Blas,fr FRA,"MF,FW",Rennes,25,1997,17.4,4,44,17,38.6,2.53,0.98,0.07,0.18,1,2,Matches
71,Myron Boadu,nl NED,FW,Monaco,22,2001,0.9,1,2,2,100.0,2.12,2.12,0.50,0.50,0,0,Matches
72,Jeremie Boga,ci CIV,"FW,MF",Nice,26,1997,22.2,6,39,19,48.7,1.76,0.86,0.15,0.32,0,0,Matches
73,Adama Bojang,gm GAM,FW,Reims,19,2004,0.9,0,4,1,25.0,4.34,1.08,0.00,0.00,0,0,Matches
74,Neto Borges,br BRA,"MF,DF",Clermont Foot,26,1996,28.0,0,16,2,12.5,0.57,0.07,0.00,0.00,0,0,Matches
75,Saïmon Bouabré,fr FRA,MF,Monaco,17,2006,0.5,0,0,0,,0.00,0.00,,,0,0,Matches
76,Ayyoub Bouaddi,fr FRA,MF,Lille,15,2007,1.5,0,0,0,,0.00,0.00,,,0,0,Matches
77,Badredine Bouanani,dz ALG,MF,Lorient,18,2004,4.9,1,15,5,33.3,3.05,1.02,0.07,0.20,0,0,Matches
78,Badredine Bouanani,dz ALG,FW,Nice,18,2004,1.8,0,4,1,25.0,2.24,0.56,0.00,0.00,0,0,Matches
79,Mohamed Bouchenna,fr FRA,FW,Clermont Foot,17,2006,0.3,0,1,0,0.0,3.10,0.00,0.00,,0,0,Matches
80,Hicham Boudaoui,dz ALG,MF,Nice,23,1999,17.9,2,29,6,20.7,1.62,0.33,0.07,0.33,0,0,Matches
81,Benjamin Bourigeaud,fr FRA,MF,Rennes,29,1994,26.9,9,51,17,33.3,1.89,0.63,0.04,0.12,7,7,Matches
82,Bilal Boutobba,fr FRA,"MF,FW",Clermont Foot,24,1998,10.3,1,25,9,36.0,2.43,0.87,0.04,0.11,0,0,Matches
83,Hugo Boutsingkham,fr FRA,DF,Nantes,20,2003,0.1,0,0,0,,0.00,0.00,,,0,0,Matches
84,Bilal Brahimi,dz ALG,FW,Brest,23,2000,2.5,0,4,2,50.0,1.63,0.81,0.00,0.00,0,0,Matches
85,Bilal Brahimi,dz ALG,"FW,MF",Nice,23,2000,0.1,0,0,0,,0.00,0.00,,,0,0,Matches
86,Lilian Brassier,fr FRA,DF,Brest,23,1999,29.7,3,12,4,33.3,0.40,0.13,0.25,0.75,0,0,Matches
87,Maxime Busi,be BEL,MF,Reims,23,1999,1.8,0,1,1,100.0,0.56,0.56,0.00,0.00,0,0,Matches
88,Marcin Bułka,pl POL,GK,Nice,23,1999,34.0,0,1,0,0.0,0.03,0.00,0.00,,0,0,Matches
89,Rémy Cabella,fr FRA,"MF,FW",Lille,33,1990,16.4,2,33,14,42.4,2.01,0.85,0.06,0.14,0,0,Matches
90,Duje Ćaleta-Car,hr CRO,DF,Lyon,26,1996,22.1,0,7,1,14.3,0.32,0.05,0.00,0.00,0,0,Matches
91,Lamine Camara,sn SEN,MF,Metz,19,2004,25.1,1,30,9,30.0,1.20,0.36,0.03,0.11,0,1,Matches
92,Mahdi Camara,fr FRA,MF,Brest,25,1998,22.4,7,42,15,35.7,1.87,0.67,0.14,0.40,1,1,Matches
93,Mohamed Camara,ml MLI,MF,Monaco,23,2000,11.5,1,14,4,28.6,1.22,0.35,0.00,0.00,1,1,Matches
94,Axel Camblan,fr FRA,FW,Brest,19,2003,1.0,0,2,0,0.0,2.00,0.00,0.00,,0,0,Matches
95,Fali Candé,gw GNB,DF,Metz,25,1998,20.5,0,13,7,53.8,0.63,0.34,0.00,0.00,0,0,Matches
96,Gino Caoki,fr FRA,FW,Lorient,19,2004,0.1,0,0,0,,0.00,0.00,,,0,0,Matches
97,Maxence Caqueret,fr FRA,MF,Lyon,23,2000,33.6,1,24,9,37.5,0.71,0.27,0.04,0.11,0,0,Matches
98,Igor Carioca,br BRA,"MF,DF",Lorient,26,1996,2.9,0,1,0,0.0,0.34,0.00,0.00,,0,0,Matches
99,Antonin Cartillier,fr FRA,DF,Monaco,19,2004,0.1,0,0,0,,0.00,0.00,,,0,0,Matches
100,Josué Casimir,ht HAI,"MF,FW",Le Havre,21,2001,22.4,0,21,3,14.3,0.94,0.13,0.00,0.00,0,0,Matches
101,Cristian Cásseres Jr.,ve VEN,MF,Toulouse,23,2000,21.6,1,15,4,26.7,0.69,0.18,0.07,0.25,0,0,Matches
102,Jean-Charles Castelletto,cm CMR,DF,Nantes,28,1995,27.4,2,10,6,60.0,0.37,0.22,0.20,0.33,0,0,Matches
103,Maximiliano Caufriez,be BEL,DF,Clermont Foot,26,1997,18.4,0,6,1,16.7,0.33,0.05,0.00,0.00,0,0,Matches
104,Ivan Cavaleiro,pt POR,"MF,FW",Lille,29,1993,8.6,1,11,3,27.3,1.29,0.35,0.09,0.33,0,0,Matches
105,Fabien Centonze,fr FRA,MF,Nantes,27,1996,1.0,0,0,0,,0.00,0.00,,,0,0,Matches
106,Fares Chaïbi,dz ALG,"FW,MF",Toulouse,20,2002,0.6,0,0,0,,0.00,0.00,,,0,0,Matches
107,Muhammed Cham,at AUT,"MF,FW",Clermont Foot,22,2000,28.4,8,74,30,40.5,2.61,1.06,0.05,0.13,4,5,Matches
108,Brendan Chardonnet,fr FRA,DF,Brest,28,1994,33.0,1,19,3,15.8,0.58,0.09,0.05,0.33,0,0,Matches
109,Jhoanner Chávez,ec ECU,"MF,DF",Lens,21,2002,5.3,0,3,0,0.0,0.56,0.00,0.00,,0,0,Matches
110,Rayan Cherki,fr FRA,"MF,FW",Lyon,19,2003,19.1,1,57,17,29.8,2.98,0.89,0.02,0.06,0,0,Matches
111,Lucas Chevalier,fr FRA,GK,Lille,21,2001,33.0,0,0,0,,0.00,0.00,,,0,0,Matches
112,Pedro Chirivella,es ESP,MF,Nantes,26,1997,28.8,1,17,6,35.3,0.59,0.21,0.06,0.17,0,0,Matches
113,Joris Chotard,fr FRA,MF,Montpellier,21,2001,28.7,0,21,7,33.3,0.73,0.24,0.00,0.00,0,0,Matches
114,Djaoui Cissé,fr FRA,MF,Rennes,19,2004,0.0,0,0,0,,0.00,0.00,,,0,0,Matches
115,Ibrahim Cissoko,nl NED,MF,Toulouse,20,2003,2.7,1,8,5,62.5,2.99,1.87,0.13,0.20,0,0,Matches
116,Alexis Claude-Maurice,fr FRA,MF,Nice,25,1998,5.6,0,18,6,33.3,3.21,1.07,0.00,0.00,0,0,Matches
117,Jonathan Clauss,fr FRA,"DF,MF",Marseille,30,1992,23.0,3,28,8,28.6,1.22,0.35,0.11,0.38,0,0,Matches
118,Marcus Coco,fr FRA,"MF,DF",Nantes,27,1996,16.5,1,9,3,33.3,0.55,0.18,0.11,0.33,0,0,Matches
119,Maxime Colin,fr FRA,DF,Metz,31,1991,20.4,0,6,0,0.0,0.29,0.00,0.00,,0,0,Matches
120,Eray Cömert,ch SUI,DF,Nantes,25,1998,22.2,2,9,3,33.3,0.41,0.14,0.22,0.67,0,0,Matches
121,Alois Confais,fr FRA,"DF,MF",Le Havre,26,1996,0.1,0,0,0,,0.00,0.00,,,0,0,Matches
122,Joaquín Correa,ar ARG,"MF,FW",Marseille,28,1994,4.8,0,4,2,50.0,0.84,0.42,0.00,0.00,0,0,Matches
123,Oscar Cortés,co COL,MF,Lens,19,2003,0.5,1,1,1,100.0,2.05,2.05,1.00,1.00,0,0,Matches
124,David Costa,pt POR,MF,Lens,22,2001,16.6,4,30,14,46.7,1.81,0.84,0.13,0.29,0,0,Matches
125,Logan Costa,cv CPV,DF,Toulouse,22,2001,29.4,1,14,4,28.6,0.48,0.14,0.07,0.25,0,0,Matches
126,Grégoire Coudert,fr FRA,GK,Brest,24,1999,2.0,0,0,0,,0.00,0.00,,,0,0,Matches
127,Mamadou Coulibaly,fr FRA,MF,Monaco,19,2004,1.3,0,2,0,0.0,1.53,0.00,0.00,,0,0,Matches
128,Tanguy Coulibaly,fr FRA,"MF,FW",Montpellier,22,2001,6.9,1,16,8,50.0,2.31,1.16,0.06,0.13,0,0,Matches
129,Nicolas Cozza,fr FRA,"DF,MF",Nantes,24,1999,9.9,0,5,1,20.0,0.50,0.10,0.00,0.00,0,0,Matches
130,Trévis Dago,ci CIV,FW,Lille,18,2005,0.3,0,1,0,0.0,3.91,0.00,0.00,,0,0,Matches
131,Thijs Dallinga,nl NED,FW,Toulouse,22,2000,27.9,14,84,34,40.5,3.01,1.22,0.15,0.38,1,3,Matches
132,Kevin Danso,at AUT,DF,Lens,24,1998,29.5,1,21,5,23.8,0.71,0.17,0.05,0.20,0,0,Matches
133,Dante,br BRA,DF,Nice,39,1983,31.6,1,15,5,33.3,0.47,0.16,0.07,0.20,0,0,Matches
134,Raimane Daou,km COM,DF,Marseille,18,2004,0.3,0,0,0,,0.00,0.00,,,0,0,Matches
135,Mohamed Daramy,dk DEN,"FW,MF",Reims,21,2002,18.3,4,32,12,37.5,1.75,0.66,0.09,0.25,1,1,Matches
136,Achraf Dari,ma MAR,DF,Brest,24,1999,1.3,0,1,1,100.0,0.74,0.74,0.00,0.00,0,0,Matches
137,Jonathan David,ca CAN,FW,Lille,23,2000,29.2,19,79,47,59.5,2.70,1.61,0.22,0.36,2,3,Matches
138,Thibault De Smet,be BEL,"DF,MF",Reims,25,1998,20.3,0,4,0,0.0,0.20,0.00,0.00,,0,0,Matches
139,Romain Del Castillo,fr FRA,"MF,FW",Brest,27,1996,27.7,8,39,17,43.6,1.41,0.61,0.13,0.29,3,3,Matches
140,Thomas Delaine,fr FRA,"MF,DF",Strasbourg,31,1992,22.7,1,12,2,16.7,0.53,0.09,0.08,0.50,0,0,Matches
141,Sacha Delaye,fr FRA,MF,Montpellier,21,2002,1.4,0,5,2,40.0,3.46,1.38,0.00,0.00,0,0,Matches
142,Karamoko Dembélé,eng ENG,"FW,MF",Brest,20,2003,0.2,0,0,0,,0.00,0.00,,,0,0,Matches
143,Ousmane Dembélé,fr FRA,"FW,MF",Paris Saint-Germain,26,1997,16.7,3,43,14,32.6,2.57,0.84,0.07,0.21,0,0,Matches
144,Jessy Deminguet,fr FRA,"MF,FW",Strasbourg,25,1998,7.7,0,3,1,33.3,0.39,0.13,0.00,0.00,0,0,Matches
145,Rémy Descamps,fr FRA,GK,Nantes,27,1996,6.0,0,0,0,,0.00,0.00,,,0,0,Matches
146,Mikkel Desler,dk DEN,"DF,MF",Toulouse,28,1995,17.2,0,16,0,0.0,0.93,0.00,0.00,,0,0,Matches
147,Arthur Desmas,fr FRA,GK,Le Havre,29,1994,33.0,0,0,0,,0.00,0.00,,,0,0,Matches
148,Lamine Diack,sn SEN,MF,Nantes,22,2000,0.0,0,0,0,,0.00,0.00,,,0,0,Matches
149,Mamadou Diakhon,fr FRA,FW,Reims,17,2005,2.3,0,1,1,100.0,0.43,0.43,0.00,0.00,0,0,Matches
150,Bafodé Diakité,fr FRA,DF,Lille,22,2001,18.8,5,16,7,43.8,0.85,0.37,0.31,0.71,0,0,Matches
151,Ibrahim Diakité,gn GUI,DF,Reims,19,2003,1.2,0,0,0,,0.00,0.00,,,0,0,Matches
152,Oumar Diakité,ci CIV,FW,Reims,19,2003,17.6,5,36,12,33.3,2.04,0.68,0.14,0.42,0,1,Matches
153,Habib Diarra,sn SEN,"MF,FW",Strasbourg,19,2004,25.6,3,39,15,38.5,1.52,0.59,0.05,0.13,1,1,Matches
154,Moussa Diarra,ml MLI,DF,Toulouse,22,2000,15.5,1,5,2,40.0,0.32,0.13,0.20,0.50,0,0,Matches
155,Krépin Diatta,sn SEN,"MF,DF",Monaco,24,1999,13.4,0,9,0,0.0,0.67,0.00,0.00,,0,0,Matches
156,Mory Diaw,sn SEN,GK,Clermont Foot,30,1993,30.0,0,0,0,,0.00,0.00,,,0,0,Matches
157,Mahamadou Diawara,fr FRA,MF,Lyon,18,2005,4.0,0,6,0,0.0,1.51,0.00,0.00,,0,0,Matches
158,Bamba Dieng,sn SEN,FW,Lorient,23,2000,6.1,4,17,9,52.9,2.79,1.48,0.24,0.44,0,0,Matches
159,Guillaume Dietsch,fr FRA,GK,Metz,22,2001,0.8,0,0,0,,0.00,0.00,,,0,0,Matches
160,Sinaly Diomande,ci CIV,DF,Lyon,22,2001,9.9,0,6,1,16.7,0.61,0.10,0.00,0.00,0,0,Matches
161,Edan Diop,fr FRA,MF,Monaco,18,2004,1.8,0,0,0,,0.00,0.00,,,0,0,Matches
162,Sofiane Diop,ma MAR,"FW,MF",Nice,23,2000,5.5,0,14,6,42.9,2.53,1.08,0.00,0.00,0,0,Matches
163,Andy Diouf,fr FRA,MF,Lens,20,2003,14.6,1,28,8,28.6,1.92,0.55,0.04,0.13,0,0,Matches
164,Yehvann Diouf,sn SEN,GK,Reims,23,1999,34.0,0,0,0,,0.00,0.00,,,0,0,Matches
165,Chaim El Djebali,tn TUN,MF,Lyon,19,2004,0.1,0,0,0,,0.00,0.00,,,0,0,Matches
166,Jeremy Doku,be BEL,FW,Rennes,21,2002,1.2,1,6,4,66.7,4.86,3.24,0.17,0.25,0,0,Matches
167,Gianluigi Donnarumma,it ITA,GK,Paris Saint-Germain,24,1999,24.1,0,0,0,,0.00,0.00,,,0,0,Matches
168,Siriné Doucouré,ml MLI,FW,Lorient,21,2002,4.7,1,9,5,55.6,1.91,1.06,0.11,0.20,0,0,Matches
169,Désiré Doué,fr FRA,MF,Rennes,18,2005,18.1,4,34,13,38.2,1.88,0.72,0.12,0.31,0,0,Matches
170,Guela Doué,ci CIV,DF,Rennes,20,2002,13.7,0,15,3,20.0,1.09,0.22,0.00,0.00,0,0,Matches
171,Douglas,br BRA,MF,Nantes,26,1997,19.7,0,16,5,31.3,0.81,0.25,0.00,0.00,0,0,Matches
172,Ismaël Doukouré,fr FRA,"MF,DF",Strasbourg,20,2003,18.4,0,9,0,0.0,0.49,0.00,0.00,,0,0,Matches
173,Kamory Doumbia,ml MLI,MF,Brest,20,2003,9.8,6,25,11,44.0,2.56,1.13,0.24,0.55,0,0,Matches
174,Jean-Kevin Duverne,ht HAI,DF,Nantes,26,1997,15.0,0,4,1,25.0,0.27,0.07,0.00,0.00,0,0,Matches
175,Aron Dønnum,no NOR,"MF,FW",Toulouse,25,1998,17.7,0,21,9,42.9,1.18,0.51,0.00,0.00,0,0,Matches
176,Simon Ebonog,cm CMR,MF,Le Havre,18,2004,0.2,0,0,0,,0.00,0.00,,,0,0,Matches
177,Hugo Ekitike,fr FRA,FW,Paris Saint-Germain,21,2002,0.1,0,0,0,,0.00,0.00,,,0,0,Matches
178,Simon Elisor,fr FRA,FW,Metz,24,1999,8.5,1,14,7,50.0,1.64,0.82,0.07,0.14,0,1,Matches
179,Breel Embolo,ch SUI,FW,Monaco,26,1997,2.0,1,6,3,50.0,2.97,1.48,0.17,0.33,0,0,Matches
180,Emanuel Emegha,nl NED,FW,Strasbourg,20,2003,23.1,8,48,21,43.8,2.08,0.91,0.17,0.38,0,1,Matches
181,Maxime Estève,fr FRA,DF,Montpellier,21,2002,11.1,1,6,2,33.3,0.54,0.18,0.17,0.50,0,0,Matches
182,Oscar Estupiñan,co COL,FW,Metz,26,1996,2.9,0,6,1,16.7,2.08,0.35,0.00,0.00,0,0,Matches
183,Romain Faivre,fr FRA,MF,Lorient,25,1998,16.1,5,27,10,37.0,1.67,0.62,0.19,0.50,0,0,Matches
184,Ilhan Fakili,fr FRA,MF,Clermont Foot,17,2006,1.0,0,4,2,50.0,3.83,1.91,0.00,0.00,0,0,Matches
185,Khalil Fayad,fr FRA,MF,Montpellier,19,2004,11.4,3,17,7,41.2,1.49,0.61,0.18,0.43,0,0,Matches
186,Ichem Ferrah,fr FRA,MF,Lille,17,2005,0.0,0,0,0,,0.00,0.00,,,0,0,Matches
187,Jordan Ferri,fr FRA,MF,Montpellier,31,1992,22.6,1,9,1,11.1,0.40,0.04,0.11,1.00,0,0,Matches
188,Malick Fofana,be BEL,"FW,MF",Lyon,18,2005,6.2,3,9,7,77.8,1.45,1.13,0.33,0.43,0,0,Matches
189,Youssouf Fofana,fr FRA,MF,Monaco,24,1999,30.0,4,52,14,26.9,1.74,0.47,0.08,0.29,0,0,Matches
190,Thomas Foket,be BEL,"DF,MF",Reims,28,1994,20.4,0,3,0,0.0,0.15,0.00,0.00,,0,0,Matches
191,Tiago Fonseca Morais,pt POR,MF,Lille,19,2003,0.5,0,1,0,0.0,1.96,0.00,0.00,,0,0,Matches
192,Przemysław Frankowski,pl POL,MF,Lens,28,1995,24.4,3,31,10,32.3,1.27,0.41,0.06,0.20,1,2,Matches
193,Angelo Fulgini,fr FRA,MF,Lens,26,1996,15.3,1,46,10,21.7,3.01,0.65,0.02,0.10,0,0,Matches
194,Kévin Gameiro,fr FRA,"FW,MF",Strasbourg,36,1987,15.0,4,29,12,41.4,1.94,0.80,0.07,0.17,2,2,Matches
195,Ignatius Ganago,cm CMR,"MF,FW",Nantes,24,1999,2.0,0,6,0,0.0,2.93,0.00,0.00,,0,0,Matches
196,Ulisses Garcia,ch SUI,"DF,MF",Marseille,27,1996,10.1,0,11,5,45.5,1.09,0.50,0.00,0.00,0,0,Matches
197,Johan Gastien,fr FRA,MF,Clermont Foot,35,1988,25.1,0,11,5,45.5,0.44,0.20,0.00,0.00,0,0,Matches
198,Yann Gboho,fr FRA,"MF,FW",Toulouse,22,2001,13.3,3,23,8,34.8,1.74,0.60,0.13,0.38,0,0,Matches
199,Gelabert,es ESP,"MF,FW",Toulouse,22,2000,8.4,1,14,4,28.6,1.67,0.48,0.07,0.25,0,0,Matches
200,Denis Genreau,au AUS,MF,Toulouse,24,1999,5.2,0,3,1,33.3,0.58,0.19,0.00,0.00,0,0,Matches
201,Samuel Gigot,fr FRA,DF,Marseille,29,1993,19.2,3,19,9,47.4,0.99,0.47,0.16,0.33,0,0,Matches
202,Aleksandr Golovin,ru RUS,MF,Monaco,27,1996,23.9,6,45,20,44.4,1.89,0.84,0.13,0.30,0,0,Matches
203,Angel Gomes,eng ENG,MF,Lille,22,2000,28.6,0,34,7,20.6,1.19,0.25,0.00,0.00,0,0,Matches
204,Maxime Gonalons,fr FRA,MF,Clermont Foot,34,1989,14.4,1,13,3,23.1,0.90,0.21,0.08,0.33,0,0,Matches
205,Mathieu Gorgelin,fr FRA,GK,Le Havre,32,1990,1.0,0,0,0,,0.00,0.00,,,0,0,Matches
206,Amine Gouiri,dz ALG,"FW,MF",Rennes,23,2000,23.0,7,78,27,34.6,3.40,1.18,0.09,0.26,0,0,Matches
207,Jonathan Gradit,fr FRA,DF,Lens,30,1992,23.5,1,4,1,25.0,0.17,0.04,0.25,1.00,0,0,Matches
208,Samuel Grandsir,fr FRA,MF,Le Havre,26,1996,6.7,1,15,6,40.0,2.23,0.89,0.07,0.17,0,1,Matches
209,Adrian Grbić,at AUT,"FW,MF",Lorient,26,1996,0.3,0,2,0,0.0,5.81,0.00,0.00,,0,0,Matches
210,Gabriel Gudmundsson,se SWE,"MF,DF",Lille,24,1999,14.1,1,15,5,33.3,1.07,0.36,0.07,0.20,0,0,Matches
211,Axel Gueguin,fr FRA,DF,Montpellier,18,2005,1.5,0,0,0,,0.00,0.00,,,0,0,Matches
212,Mattéo Guendouzi,fr FRA,MF,Marseille,24,1999,0.2,0,2,2,100.0,9.47,9.47,0.00,0.00,0,0,Matches
213,Evann Guessand,ci CIV,FW,Nice,22,2001,17.3,6,48,23,47.9,2.78,1.33,0.08,0.17,2,2,Matches
214,Pape Gueye,sn SEN,"MF,DF",Marseille,24,1999,8.5,1,8,2,25.0,0.94,0.24,0.13,0.50,0,0,Matches
215,Morgan Guilavogui,gn GUI,FW,Lens,25,1998,6.3,2,21,8,38.1,3.34,1.27,0.10,0.25,0,0,Matches
216,Frederic Guilbert,fr FRA,"DF,MF",Strasbourg,28,1994,27.7,2,21,5,23.8,0.76,0.18,0.10,0.40,0,0,Matches
217,Jaouen Hadjam,dz ALG,DF,Nantes,20,2003,1.2,0,1,0,0.0,0.80,0.00,0.00,,0,0,Matches
218,Massadio Haïdara,ml MLI,"DF,MF",Lens,30,1992,8.2,0,3,0,0.0,0.36,0.00,0.00,,0,0,Matches
219,Oualid El Hajjam,ma MAR,"DF,MF",Le Havre,32,1991,4.4,0,8,3,37.5,1.83,0.69,0.00,0.00,0,0,Matches
220,Achraf Hakimi,ma MAR,"DF,MF",Paris Saint-Germain,24,1998,21.5,4,42,12,28.6,1.96,0.56,0.10,0.33,0,0,Matches
221,Hákon Haraldsson,is ISL,"MF,FW",Lille,20,2003,14.3,2,12,6,50.0,0.84,0.42,0.17,0.33,0,0,Matches
222,Amine Harit,ma MAR,MF,Marseille,26,1997,20.2,1,33,8,24.2,1.63,0.40,0.03,0.13,0,0,Matches
223,Silvan Hefti,ch SUI,"DF,MF",Montpellier,25,1997,7.9,0,4,1,25.0,0.51,0.13,0.00,0.00,0,0,Matches
224,Henrique,br BRA,"DF,MF",Lyon,29,1994,6.7,1,8,3,37.5,1.19,0.44,0.13,0.33,0,0,Matches
225,Luis Henrique,br BRA,"FW,MF",Marseille,21,2001,8.7,1,12,3,25.0,1.38,0.34,0.08,0.33,0,0,Matches
226,Christophe Hérelle,mq MTQ,DF,Metz,30,1992,18.0,0,4,0,0.0,0.22,0.00,0.00,,0,0,Matches
227,Lucas Hernández,fr FRA,DF,Paris Saint-Germain,27,1996,21.2,1,6,2,33.3,0.28,0.09,0.17,0.50,0,0,Matches
228,Andrej Ilic,rs SRB,FW,Lille,23,2000,0.1,0,0,0,,0.00,0.00,,,0,0,Matches
229,Bonke Innocent,ng NGA,MF,Lorient,27,1996,2.3,0,2,1,50.0,0.86,0.43,0.00,0.00,0,0,Matches
230,Ismaily,br BRA,DF,Lille,33,1990,27.4,1,7,4,57.1,0.26,0.15,0.14,0.25,0,0,Matches
231,Yanis Issoufou,fr FRA,FW,Montpellier,16,2006,0.1,0,0,0,,0.00,0.00,,,0,0,Matches
232,Junya Ito,jp JPN,"FW,MF",Reims,30,1993,30.2,3,46,15,32.6,1.53,0.50,0.07,0.20,0,0,Matches
233,Jérémy Jacquet,fr FRA,DF,Rennes,18,2005,0.1,0,0,0,,0.00,0.00,,,0,0,Matches
234,Jérémy Jacquet,fr FRA,DF,Clermont Foot,18,2005,2.8,0,1,0,0.0,0.36,0.00,0.00,,0,0,Matches
235,Ismail Jakobs,sn SEN,"MF,DF",Monaco,23,1999,16.3,1,21,7,33.3,1.29,0.43,0.05,0.14,0,0,Matches
236,Ablie Jallow,gm GAM,"MF,FW",Metz,24,1998,10.2,3,18,7,38.9,1.76,0.69,0.11,0.29,1,1,Matches
237,Danley Jean-Jacques,ht HAI,MF,Metz,23,2000,29.8,0,34,5,14.7,1.14,0.17,0.00,0.00,0,0,Matches
238,Jeffinho,br BRA,"MF,FW",Lyon,23,1999,3.4,1,11,3,27.3,3.21,0.88,0.09,0.33,0,0,Matches
239,Antoine Joujou,fr FRA,"MF,FW",Le Havre,20,2003,8.7,0,20,3,15.0,2.31,0.35,0.00,0.00,0,0,Matches
240,Christopher Jullien,fr FRA,DF,Montpellier,30,1993,13.7,1,7,1,14.3,0.51,0.07,0.14,1.00,0,0,Matches
241,Eli Junior Kroupi,fr FRA,FW,Lorient,17,2006,12.0,5,22,12,54.5,1.83,1.00,0.23,0.42,0,0,Matches
242,Abdoul Kader Bamba,fr FRA,MF,Nantes,29,1994,6.8,2,14,5,35.7,2.06,0.74,0.14,0.40,0,0,Matches
243,Yaya Kader Fofana,ml MLI,MF,Reims,19,2004,0.4,0,3,1,33.3,8.44,2.81,0.00,0.00,0,0,Matches
244,Tino Kadewere,zw ZIM,FW,Lyon,27,1996,3.3,0,6,1,16.7,1.82,0.30,0.00,0.00,0,0,Matches
245,Tino Kadewere,zw ZIM,"FW,MF",Nantes,27,1996,8.7,1,10,5,50.0,1.15,0.58,0.10,0.20,0,1,Matches
246,Arnaud Kalimuendo,fr FRA,FW,Rennes,21,2002,23.8,10,61,24,39.3,2.57,1.01,0.13,0.33,2,2,Matches
247,Gedeon Kalulu,cd COD,"MF,DF",Lorient,25,1997,10.8,0,6,1,16.7,0.56,0.09,0.00,0.00,0,0,Matches
248,Warren Kamanzi,no NOR,"MF,DF",Toulouse,22,2000,13.2,0,6,0,0.0,0.45,0.00,0.00,,0,0,Matches
249,Lee Kang-in,kr KOR,"MF,FW",Paris Saint-Germain,22,2001,16.3,3,23,9,39.1,1.41,0.55,0.13,0.33,0,0,Matches
250,Yann Karamoh,fr FRA,FW,Montpellier,25,1998,3.2,1,5,3,60.0,1.58,0.95,0.20,0.33,0,0,Matches
251,Ayman Kari,fr FRA,MF,Lorient,18,2004,9.9,1,7,3,42.9,0.71,0.30,0.14,0.33,0,0,Matches
252,Panos Katseris,gr GRE,MF,Lorient,22,2001,11.6,1,17,6,35.3,1.47,0.52,0.06,0.17,0,0,Matches
253,Kévin Keben Biakolo,cm CMR,"DF,MF",Toulouse,19,2004,5.8,0,1,0,0.0,0.17,0.00,0.00,,0,0,Matches
254,Yassine Kechta,ma MAR,MF,Le Havre,21,2002,20.5,2,20,9,45.0,0.97,0.44,0.10,0.22,0,0,Matches
255,Thilo Kehrer,de GER,DF,Monaco,26,1996,14.7,1,12,4,33.3,0.82,0.27,0.08,0.25,0,0,Matches
256,Habib Keita,ml MLI,MF,Clermont Foot,21,2002,14.2,1,20,5,25.0,1.41,0.35,0.05,0.20,0,0,Matches
257,Reda Khadra,de GER,"MF,FW",Reims,22,2001,15.2,1,23,12,52.2,1.51,0.79,0.04,0.08,0,0,Matches
258,Wahbi Khazri,tn TUN,"MF,FW",Montpellier,32,1991,12.6,1,44,16,36.4,3.50,1.27,0.02,0.06,0,0,Matches
259,Abdukodir Khusanov,uz UZB,DF,Lens,19,2004,9.0,0,5,2,40.0,0.56,0.22,0.00,0.00,0,0,Matches
260,Philipp Köhn,ch SUI,GK,Monaco,25,1998,22.0,0,0,0,,0.00,0.00,,,0,0,Matches
261,Randal Kolo Muani,fr FRA,"FW,MF",Paris Saint-Germain,24,1998,14.1,6,22,13,59.1,1.56,0.92,0.27,0.46,0,0,Matches
262,Cheick Konaté,ml MLI,"MF,DF",Clermont Foot,19,2004,11.9,1,14,4,28.6,1.18,0.34,0.07,0.25,0,0,Matches
263,Geoffrey Kondogbia,cf CTA,MF,Marseille,30,1993,16.3,0,8,1,12.5,0.49,0.06,0.00,0.00,0,0,Matches
264,Abdoul Koné,fr FRA,DF,Reims,18,2005,2.1,0,0,0,,0.00,0.00,,,0,0,Matches
265,Amadou Koné,ml MLI,MF,Reims,18,2005,5.3,0,6,1,16.7,1.14,0.19,0.00,0.00,0,0,Matches
266,Ibrahima Koné,ml MLI,FW,Lorient,24,1999,0.4,0,0,0,,0.00,0.00,,,0,0,Matches
267,N'Guessan Kouadio,ci CIV,MF,Metz,20,2003,1.2,0,3,1,33.3,2.45,0.82,0.00,0.00,0,0,Matches
268,Koffi Kouao,ci CIV,DF,Metz,25,1998,9.6,0,5,1,20.0,0.52,0.10,0.00,0.00,0,0,Matches
269,Therence Koudou,fr FRA,DF,Reims,18,2004,3.5,0,2,1,50.0,0.57,0.29,0.00,0.00,0,0,Matches
270,Boubakar Kouyaté,ml MLI,DF,Montpellier,26,1997,21.4,0,13,2,15.4,0.61,0.09,0.00,0.00,0,0,Matches
271,Sael Kumbedi,fr FRA,"DF,MF",Lyon,18,2005,10.3,0,6,4,66.7,0.58,0.39,0.00,0.00,0,0,Matches
272,Layvin Kurzawa,fr FRA,DF,Paris Saint-Germain,30,1992,0.1,0,0,0,,0.00,0.00,,,0,0,Matches
273,Daler Kuzyaev,ru RUS,MF,Le Havre,30,1993,23.2,2,16,5,31.3,0.69,0.22,0.13,0.40,0,0,Matches
274,Grejohn Kyei,fr FRA,FW,Clermont Foot,27,1995,11.4,2,31,8,25.8,2.72,0.70,0.03,0.13,1,1,Matches
275,Gaëtan Laborde,fr FRA,"FW,MF",Nice,29,1994,21.2,5,64,23,35.9,3.02,1.09,0.06,0.17,1,2,Matches
276,Alexandre Lacazette,fr FRA,FW,Lyon,32,1991,25.5,19,62,36,58.1,2.43,1.41,0.27,0.47,2,2,Matches
277,Alban Lafont,ci CIV,GK,Nantes,24,1999,27.7,0,0,0,,0.00,0.00,,,0,0,Matches
278,Kenny Lala,mg MAD,DF,Brest,31,1991,33.0,2,14,7,50.0,0.42,0.21,0.14,0.29,0,0,Matches
279,Mathis Lambourde,fr FRA,FW,Rennes,17,2006,0.1,0,0,0,,0.00,0.00,,,0,0,Matches
280,Mohamed Lamine Bayo,gn GUI,FW,Le Havre,25,1998,15.4,5,47,19,40.4,3.05,1.23,0.06,0.16,2,2,Matches
281,Didier Lamkel Zé,cm CMR,"FW,MF",Metz,26,1996,6.1,1,11,3,27.3,1.80,0.49,0.09,0.33,0,0,Matches
282,Julien Laporte,fr FRA,DF,Lorient,29,1993,20.2,0,13,1,7.7,0.64,0.05,0.00,0.00,0,0,Matches
283,Théo Le Bris,fr FRA,MF,Lorient,20,2002,16.8,0,13,2,15.4,0.77,0.12,0.00,0.00,0,0,Matches
284,Julien Le Cardinal,fr FRA,DF,Brest,25,1997,5.3,0,4,2,50.0,0.76,0.38,0.00,0.00,0,0,Matches
285,Julien Le Cardinal,fr FRA,DF,Lens,25,1997,0.6,0,0,0,,0.00,0.00,,,0,0,Matches
286,Jérémy Le Douaron,fr FRA,"FW,MF",Brest,25,1998,18.0,4,50,21,42.0,2.78,1.17,0.08,0.19,0,0,Matches
287,Enzo Le Fée,fr FRA,MF,Rennes,23,2000,17.0,0,12,0,0.0,0.71,0.00,0.00,,0,0,Matches
288,Vincent Le Goff,fr FRA,"MF,DF",Lorient,33,1989,6.0,1,4,1,25.0,0.67,0.17,0.25,1.00,0,0,Matches
289,Adrien Lebeau,fr FRA,MF,Brest,24,1999,0.6,0,1,0,0.0,1.67,0.00,0.00,,0,0,Matches
290,Jean-Louis Leca,fr FRA,GK,Lens,37,1985,1.0,0,0,0,,0.00,0.00,,,0,0,Matches
291,Benjamin Lecomte,fr FRA,GK,Montpellier,32,1991,30.0,0,0,0,,0.00,0.00,,,0,0,Matches
292,Pierre Lees-Melou,fr FRA,MF,Brest,30,1993,28.0,4,52,13,25.0,1.86,0.46,0.08,0.31,0,0,Matches
293,Johann Lepenant,fr FRA,MF,Lyon,20,2002,2.8,0,4,2,50.0,1.42,0.71,0.00,0.00,0,0,Matches
294,Léo Leroy,fr FRA,MF,Montpellier,23,2000,5.5,0,7,1,14.3,1.26,0.18,0.00,0.00,0,0,Matches
295,Gautier Lloris,fr FRA,DF,Le Havre,28,1995,30.9,2,16,5,31.3,0.52,0.16,0.13,0.40,0,0,Matches
296,Abou Lô,sn SEN,"MF,DF",Metz,23,2000,2.2,0,1,0,0.0,0.46,0.00,0.00,,0,0,Matches
297,Bradley Locko,fr FRA,DF,Brest,21,2002,32.9,0,12,2,16.7,0.36,0.06,0.00,0.00,0,0,Matches
298,Renan Lodi,br BRA,"DF,MF",Marseille,25,1998,13.7,0,6,2,33.3,0.44,0.15,0.00,0.00,0,0,Matches
299,Elysée Logbo,fr FRA,FW,Le Havre,19,2004,2.8,0,4,0,0.0,1.45,0.00,0.00,,0,0,Matches
300,Anthony Lopes,pt POR,GK,Lyon,32,1990,31.0,0,0,0,,0.00,0.00,,,0,0,Matches
301,Pau López,es ESP,GK,Marseille,28,1994,32.7,0,0,0,,0.00,0.00,,,0,0,Matches
302,Jordan Lotomba,ch SUI,"DF,MF",Nice,24,1998,20.0,1,11,2,18.2,0.55,0.10,0.09,0.50,0,0,Matches
303,Tom Louchet,fr FRA,"MF,FW",Nice,20,2003,4.5,1,2,1,50.0,0.44,0.22,0.50,1.00,0,0,Matches
304,Imran Louza,ma MAR,MF,Lorient,24,1999,9.6,1,22,5,22.7,2.29,0.52,0.05,0.20,0,0,Matches
305,Dejan Lovren,hr CRO,DF,Lyon,34,1989,8.0,0,6,4,66.7,0.75,0.50,0.00,0.00,0,0,Matches
306,Joshua M'Bahia,ci CIV,DF,Clermont Foot,18,2005,0.2,0,0,0,,0.00,0.00,,,0,0,Matches
307,Othmane Maamma,ma MAR,FW,Montpellier,17,2005,1.0,1,3,1,33.3,3.07,1.02,0.33,1.00,0,0,Matches
308,Deiver Machado,co COL,MF,Lens,29,1993,12.5,4,16,8,50.0,1.28,0.64,0.25,0.50,0,0,Matches
309,Soungoutou Magassa,fr FRA,DF,Monaco,19,2003,15.0,0,8,3,37.5,0.53,0.20,0.00,0.00,0,0,Matches
310,Hugo Magnetti,fr FRA,MF,Brest,25,1998,26.0,2,36,11,30.6,1.38,0.42,0.06,0.18,0,0,Matches
311,Yohann Magnin,fr FRA,MF,Clermont Foot,26,1997,18.7,1,14,6,42.9,0.75,0.32,0.07,0.17,0,0,Matches
312,Frank Magri,cm CMR,"FW,MF",Toulouse,23,1999,16.0,5,41,14,34.1,2.57,0.88,0.12,0.36,0,0,Matches
313,Adel Mahamoud,km COM,FW,Nantes,20,2003,0.1,0,0,0,,0.00,0.00,,,0,0,Matches
314,Habib Maïga,ci CIV,MF,Metz,27,1996,1.6,0,2,0,0.0,1.22,0.00,0.00,,0,0,Matches
315,Ainsley Maitland-Niles,eng ENG,"DF,MF",Lyon,25,1997,15.9,1,18,6,33.3,1.13,0.38,0.00,0.00,1,1,Matches
316,Radosław Majecki,pl POL,GK,Monaco,23,1999,12.0,0,0,0,,0.00,0.00,,,0,0,Matches
317,Lovro Majer,hr CRO,"FW,MF",Rennes,25,1998,0.2,0,1,0,0.0,5.63,0.00,0.00,,0,0,Matches
318,Jean-Victor Makengo,fr FRA,"MF,FW",Lorient,25,1998,5.3,0,5,2,40.0,0.94,0.38,0.00,0.00,0,0,Matches
319,Aaron Malouda,fr FRA,FW,Lille,17,2005,0.0,0,0,0,,0.00,0.00,,,0,0,Matches
320,Steve Mandanda,fr FRA,GK,Rennes,38,1985,34.0,0,0,0,,0.00,0.00,,,0,0,Matches
321,Orel Mangala,be BEL,MF,Lyon,25,1998,4.4,2,5,2,40.0,1.13,0.45,0.40,1.00,0,0,Matches
322,Vito Mannone,it ITA,GK,Lille,35,1988,1.0,0,0,0,,0.00,0.00,,,0,0,Matches
323,Faitout Maouassa,fr FRA,MF,Lens,25,1998,0.8,0,3,2,66.7,3.55,2.37,0.00,0.00,0,0,Matches
324,Guillermo Maripán,cl CHI,DF,Monaco,29,1994,19.6,1,11,5,45.5,0.56,0.25,0.09,0.20,0,0,Matches
325,Marquinhos,br BRA,MF,Nantes,20,2003,1.7,0,5,1,20.0,2.92,0.58,0.00,0.00,0,0,Matches
326,Marquinhos,br BRA,DF,Paris Saint-Germain,29,1994,17.1,0,4,0,0.0,0.23,0.00,0.00,,0,0,Matches
327,Jonas Martin,fr FRA,MF,Brest,33,1990,13.4,0,10,3,30.0,0.75,0.22,0.00,0.00,0,0,Matches
328,Clinton Mata,ao ANG,"DF,MF",Lyon,30,1992,24.7,0,14,0,0.0,0.57,0.00,0.00,,0,0,Matches
329,Eliot Matazo,be BEL,MF,Monaco,21,2002,1.1,0,1,1,100.0,0.88,0.88,0.00,0.00,0,0,Matches
330,Nemanja Matić,rs SRB,MF,Lyon,34,1988,13.9,0,6,2,33.3,0.43,0.14,0.00,0.00,0,0,Matches
331,Nemanja Matić,rs SRB,MF,Rennes,34,1988,11.4,0,5,1,20.0,0.44,0.09,0.00,0.00,0,0,Matches
332,Chrislain Matsima,fr FRA,DF,Monaco,21,2002,3.3,0,2,0,0.0,0.60,0.00,0.00,,0,0,Matches
333,Chrislain Matsima,fr FRA,DF,Clermont Foot,21,2002,13.1,1,5,2,40.0,0.38,0.15,0.20,0.50,0,0,Matches
334,Azor Matusiwa,nl NED,MF,Reims,25,1998,15.4,1,12,2,16.7,0.78,0.13,0.08,0.50,0,0,Matches
335,Azor Matusiwa,nl NED,MF,Rennes,25,1998,8.8,0,6,1,16.7,0.68,0.11,0.00,0.00,0,0,Matches
336,Aïman Maurer,ma MAR,MF,Clermont Foot,18,2004,0.6,0,3,1,33.3,4.82,1.61,0.00,0.00,0,0,Matches
337,Christian Mawissa,fr FRA,"DF,MF",Toulouse,18,2005,12.4,2,5,2,40.0,0.40,0.16,0.40,1.00,0,0,Matches
338,Noam Mayoka-Tika,be BEL,MF,Marseille,19,2003,0.0,0,0,0,,0.00,0.00,,,0,0,Matches
339,Senny Mayulu,fr FRA,"MF,FW",Paris Saint-Germain,17,2006,3.6,0,3,0,0.0,0.83,0.00,0.00,,0,0,Matches
340,Youssef Maziz,fr FRA,MF,Metz,25,1998,1.4,1,4,2,50.0,2.90,1.45,0.25,0.50,0,0,Matches
341,Ethan Mbappé,fr FRA,MF,Paris Saint-Germain,16,2006,0.5,0,2,1,50.0,3.75,1.87,0.00,0.00,0,0,Matches
342,Kylian Mbappé,fr FRA,FW,Paris Saint-Germain,24,1998,24.0,27,120,59,49.2,5.00,2.46,0.18,0.36,6,8,Matches
343,Malick Mbaye,sn SEN,MF,Metz,19,2004,1.7,0,4,0,0.0,2.35,0.00,0.00,,0,0,Matches
344,Chancel Mbemba,cd COD,DF,Marseille,28,1994,24.5,2,19,2,10.5,0.77,0.08,0.11,1.00,0,0,Matches
345,Nolan Mbemba,cg CGO,MF,Le Havre,28,1995,0.2,1,2,1,50.0,8.18,4.09,0.50,1.00,0,0,Matches
346,Hianga'a Mbock,fr FRA,MF,Brest,23,1999,0.1,0,1,0,0.0,10.00,0.00,0.00,,0,0,Matches
347,Christ Mbondi,fr FRA,FW,Reims,18,2004,0.0,0,0,0,,0.00,0.00,,,0,0,Matches
348,Facundo Medina,ar ARG,DF,Lens,24,1999,30.2,1,21,12,57.1,0.70,0.40,0.05,0.08,0,0,Matches
349,Bamo Meïté,ci CIV,DF,Marseille,21,2001,7.1,0,1,0,0.0,0.14,0.00,0.00,,0,0,Matches
350,Bamo Meïté,ci CIV,DF,Lorient,21,2001,1.6,0,0,0,,0.00,0.00,,,0,0,Matches
351,Birger Meling,no NOR,DF,Rennes,28,1994,0.2,0,1,1,100.0,5.63,5.63,0.00,0.00,0,0,Matches
352,Nuno Mendes,pt POR,DF,Paris Saint-Germain,21,2002,3.0,1,4,1,25.0,1.35,0.34,0.25,1.00,0,0,Matches
353,Antoine Mendy,sn SEN,DF,Nice,19,2004,4.6,0,2,1,50.0,0.43,0.22,0.00,0.00,0,0,Matches
354,Benjamin Mendy,fr FRA,"MF,DF",Lorient,29,1994,7.9,2,13,4,30.8,1.65,0.51,0.15,0.50,0,0,Matches
355,Formose Mendy,sn SEN,DF,Lorient,22,2001,14.0,0,7,2,28.6,0.50,0.14,0.00,0.00,0,0,Matches
356,Nampalys Mendy,sn SEN,MF,Lens,31,1992,11.7,0,7,2,28.6,0.60,0.17,0.00,0.00,0,0,Matches
357,Quentin Merlin,fr FRA,"MF,DF",Nantes,21,2002,14.3,0,14,3,21.4,0.98,0.21,0.00,0.00,0,0,Matches
358,Quentin Merlin,fr FRA,"DF,MF",Marseille,21,2002,7.8,0,5,1,20.0,0.64,0.13,0.00,0.00,0,0,Matches
359,Bastien Meupiyou,fr FRA,DF,Nantes,17,2006,0.1,0,0,0,,0.00,0.00,,,0,0,Matches
360,Lucas Michal,fr FRA,FW,Monaco,18,2005,0.1,0,0,0,,0.00,0.00,,,0,0,Matches
361,Georges Mikautadze,ge GEO,FW,Metz,22,2000,19.4,13,57,27,47.4,2.94,1.39,0.18,0.37,3,3,Matches
362,Takumi Minamino,jp JPN,MF,Monaco,28,1995,23.5,9,61,29,47.5,2.59,1.23,0.15,0.31,0,0,Matches
363,Lucas Mincarelli,fr FRA,"DF,MF",Montpellier,19,2004,10.9,1,6,3,50.0,0.55,0.28,0.17,0.33,0,0,Matches
364,Ignacio Miramon,ar ARG,MF,Lille,20,2003,0.4,0,2,1,50.0,4.62,2.31,0.00,0.00,0,0,Matches
365,Terem Moffi,ng NGA,FW,Nice,24,1999,21.7,11,49,25,51.0,2.26,1.15,0.16,0.32,3,3,Matches
366,Mostafa Mohamed,eg EGY,FW,Nantes,25,1997,22.2,8,65,26,40.0,2.92,1.17,0.08,0.19,3,3,Matches
367,Florent Mollet,fr FRA,"MF,FW",Nantes,31,1991,23.1,4,63,25,39.7,2.72,1.08,0.06,0.16,0,0,Matches
368,Enzo Mongo,fr FRA,DF,Nantes,18,2005,0.1,0,0,0,,0.00,0.00,,,0,0,Matches
369,Diego Moreira,be BEL,MF,Lyon,18,2004,3.0,0,5,2,40.0,1.67,0.67,0.00,0.00,0,0,Matches
370,Lebo Mothiba,za RSA,FW,Strasbourg,27,1996,6.9,3,16,7,43.8,2.33,1.02,0.19,0.43,0,0,Matches
371,Steve Mounié,bj BEN,FW,Brest,28,1994,19.7,6,59,24,40.7,3.00,1.22,0.10,0.25,0,0,Matches
372,Samuel Moutoussamy,cd COD,MF,Nantes,26,1996,12.3,1,15,5,33.3,1.22,0.41,0.07,0.20,0,0,Matches
373,Loris Mouyokolo,fr FRA,DF,Lorient,22,2001,1.0,0,0,0,,0.00,0.00,,,0,0,Matches
374,François Mughe,cm CMR,MF,Marseille,19,2004,2.0,0,3,0,0.0,1.53,0.00,0.00,,0,0,Matches
375,Nordi Mukiele,fr FRA,DF,Paris Saint-Germain,25,1997,8.8,0,9,6,66.7,1.02,0.68,0.00,0.00,0,0,Matches
376,Marshall Munetsi,zw ZIM,MF,Reims,27,1996,24.1,4,44,16,36.4,1.82,0.66,0.09,0.25,0,0,Matches
377,Yvon Mvogo,ch SUI,GK,Lorient,29,1994,34.0,0,0,0,,0.00,0.00,,,0,0,Matches
378,Joel Mvuka,no NOR,MF,Lorient,20,2002,2.2,0,1,0,0.0,0.46,0.00,0.00,,0,0,Matches
379,Junior Mwanga,fr FRA,"MF,FW",Strasbourg,20,2003,16.1,1,20,4,20.0,1.24,0.25,0.05,0.25,0,0,Matches
380,Kévin N'Doram,fr FRA,MF,Metz,27,1996,17.8,0,7,1,14.3,0.39,0.06,0.00,0.00,0,0,Matches
381,Bilal Nadir,ma MAR,MF,Marseille,19,2003,1.3,0,1,0,0.0,0.80,0.00,0.00,,0,0,Matches
382,Mahamadou Nagida,cm CMR,MF,Rennes,18,2005,1.2,0,3,2,66.7,2.55,1.70,0.00,0.00,0,0,Matches
383,Keito Nakamura,jp JPN,"FW,MF",Reims,23,2000,15.3,4,41,13,31.7,2.67,0.85,0.10,0.31,0,0,Matches
384,Keylor Navas,cr CRC,GK,Paris Saint-Germain,36,1986,4.0,0,0,0,,0.00,0.00,,,0,0,Matches
385,Youssouf Ndayishimiye,bi BDI,"MF,DF",Nice,24,1998,19.0,0,14,3,21.4,0.74,0.16,0.00,0.00,0,0,Matches
386,Bassirou Ndiaye,sn SEN,FW,Lorient,21,2002,1.7,0,0,0,,0.00,0.00,,,0,0,Matches
387,Iliman Ndiaye,sn SEN,"FW,MF",Marseille,23,2000,18.0,3,35,9,25.7,1.95,0.50,0.09,0.33,0,0,Matches
388,Massamba Ndiaye,sn SEN,GK,Clermont Foot,21,2001,4.0,0,0,0,,0.00,0.00,,,0,0,Matches
389,Rassoul Ndiaye,sn SEN,MF,Le Havre,21,2001,5.8,0,5,1,20.0,0.86,0.17,0.00,0.00,0,0,Matches
390,Cher Ndour,it ITA,MF,Paris Saint-Germain,19,2004,0.3,0,0,0,,0.00,0.00,,,0,0,Matches
391,Joseph Nduquidi,fr FRA,"MF,DF",Metz,18,2004,8.3,0,4,1,25.0,0.48,0.12,0.00,0.00,0,0,Matches
392,Loïc Nego,hu HUN,"MF,DF",Le Havre,32,1991,17.3,0,18,4,22.2,1.04,0.23,0.00,0.00,0,0,Matches
393,Steve Ngoura,fr FRA,FW,Le Havre,18,2005,2.5,0,7,2,28.6,2.83,0.81,0.00,0.00,0,0,Matches
394,Shamar Nicholson,jm JAM,FW,Clermont Foot,26,1997,16.5,4,40,20,50.0,2.43,1.21,0.08,0.15,1,2,Matches
395,Rasmus Nicolaisen,dk DEN,DF,Toulouse,26,1997,32.5,2,19,5,26.3,0.58,0.15,0.11,0.40,0,0,Matches
396,Arnaud Nordin,fr FRA,"MF,FW",Montpellier,25,1998,13.8,5,31,14,45.2,2.24,1.01,0.16,0.36,0,0,Matches
397,Ernest Nuamah,gh GHA,"FW,MF",Lyon,19,2003,20.4,3,43,20,46.5,2.11,0.98,0.07,0.15,0,0,Matches
398,Gerzino Nyamsi,cm CMR,DF,Strasbourg,26,1997,12.1,0,7,3,42.9,0.58,0.25,0.00,0.00,0,0,Matches
399,Rabby Nzingoula,fr FRA,MF,Strasbourg,17,2005,1.5,0,1,1,100.0,0.68,0.68,0.00,0.00,0,0,Matches
400,Jake O'Brien,ie IRL,DF,Lyon,22,2001,26.3,4,18,8,44.4,0.68,0.30,0.22,0.50,0,0,Matches
401,Florent Ogier,fr FRA,DF,Clermont Foot,34,1989,10.5,1,7,2,28.6,0.67,0.19,0.14,0.50,0,0,Matches
402,Joseph Okumu,ke KEN,DF,Reims,26,1997,19.4,1,11,3,27.3,0.57,0.15,0.09,0.33,0,0,Matches
403,Warmed Omari,km COM,DF,Rennes,23,2000,23.0,1,4,1,25.0,0.17,0.04,0.25,1.00,0,0,Matches
404,Becir Omeragic,ch SUI,"DF,MF",Montpellier,21,2002,25.7,0,9,3,33.3,0.35,0.12,0.00,0.00,0,0,Matches
405,Jean Onana,cm CMR,MF,Marseille,23,2000,6.3,1,8,3,37.5,1.27,0.48,0.13,0.33,0,0,Matches
406,Royce Openda,ga GAB,FW,Lorient,21,2002,0.2,0,0,0,,0.00,0.00,,,0,0,Matches
407,Christopher Operi,ci CIV,"DF,MF",Le Havre,26,1997,27.2,3,23,10,43.5,0.85,0.37,0.13,0.30,0,0,Matches
408,Gift Orban,ng NGA,FW,Lyon,21,2002,5.3,1,8,2,25.0,1.52,0.38,0.13,0.50,0,0,Matches
409,Kassoum Ouattara,fr FRA,"DF,MF",Monaco,18,2004,7.1,1,8,5,62.5,1.13,0.71,0.13,0.20,0,0,Matches
410,Alexandre Oukidja,dz ALG,GK,Metz,35,1988,33.2,0,0,0,,0.00,0.00,,,0,0,Matches
411,Azzedine Ounahi,ma MAR,MF,Marseille,23,2000,13.4,2,16,4,25.0,1.19,0.30,0.13,0.50,0,0,Matches
412,Adam Ounas,dz ALG,MF,Lille,26,1996,4.6,1,9,4,44.4,1.94,0.86,0.11,0.25,0,0,Matches
413,Patrick Ouotro,ci CIV,FW,Strasbourg,17,2005,0.1,0,0,0,,0.00,0.00,,,0,0,Matches
414,Pablo Pagis,fr FRA,MF,Lorient,20,2002,1.8,0,3,1,33.3,1.64,0.55,0.00,0.00,0,0,Matches
415,Nicolas Pallois,fr FRA,DF,Nantes,35,1987,17.7,0,4,1,25.0,0.23,0.06,0.00,0.00,0,0,Matches
416,Andy Pelmard,mg MAD,DF,Clermont Foot,23,2000,33.2,0,2,1,50.0,0.06,0.03,0.00,0.00,0,0,Matches
417,Aurélien Pelon,fr FRA,DF,Lorient,19,2004,1.0,0,0,0,,0.00,0.00,,,0,0,Matches
418,Faris Pemi Moumbagna,cm CMR,FW,Marseille,23,2000,6.1,3,16,5,31.3,2.63,0.82,0.19,0.60,0,0,Matches
419,Danilo Pereira,pt POR,DF,Paris Saint-Germain,31,1991,22.2,0,10,1,10.0,0.45,0.05,0.00,0.00,0,0,Matches
420,Mathias Pereira Lage,pt POR,"MF,FW",Brest,26,1996,13.2,3,36,16,44.4,2.73,1.21,0.08,0.19,0,0,Matches
421,Romain Perraud,fr FRA,DF,Nice,25,1997,4.1,0,2,0,0.0,0.49,0.00,0.00,,0,0,Matches
422,Lucas Perrin,fr FRA,DF,Strasbourg,24,1998,30.3,0,12,3,25.0,0.40,0.10,0.00,0.00,0,0,Matches
423,Denis Petrić,rs SRB,GK,Nantes,35,1988,0.3,0,0,0,,0.00,0.00,,,0,0,Matches
424,Ronaël Pierre-Gabriel,fr FRA,"DF,MF",Nantes,25,1998,6.6,0,7,0,0.0,1.05,0.00,0.00,,0,0,Matches
425,Julien Ponceau,fr FRA,MF,Lorient,22,2000,24.9,3,33,13,39.4,1.32,0.52,0.09,0.23,0,0,Matches
426,Sanjin Prcić,ba BIH,MF,Strasbourg,29,1993,1.0,0,1,0,0.0,1.02,0.00,0.00,,0,0,Matches
427,Gonçalo Ramos,pt POR,FW,Paris Saint-Germain,22,2001,15.8,11,55,21,38.2,3.49,1.33,0.18,0.48,1,1,Matches
428,Elba Rashani,xk KVX,"MF,FW",Clermont Foot,30,1993,13.1,2,16,5,31.3,1.23,0.38,0.13,0.40,0,0,Matches
429,Guillaume Restes,fr FRA,GK,Toulouse,18,2005,34.0,0,0,0,,0.00,0.00,,,0,0,Matches
430,Alexsandro Ribeiro,br BRA,DF,Lille,23,1999,24.7,0,17,2,11.8,0.69,0.08,0.00,0.00,0,0,Matches
431,Amir Richardson,ma MAR,MF,Reims,21,2002,15.0,3,17,8,47.1,1.13,0.53,0.18,0.38,0,0,Matches
432,Fabian Rieder,ch SUI,MF,Rennes,21,2002,4.1,1,5,2,40.0,1.23,0.49,0.20,0.50,0,0,Matches
433,Rémy Riou,fr FRA,GK,Lyon,35,1987,3.0,0,0,0,,0.00,0.00,,,0,0,Matches
434,Valentin Rongier,fr FRA,MF,Marseille,28,1994,9.5,0,10,3,30.0,1.06,0.32,0.00,0.00,0,0,Matches
435,Pablo Rosario,do DOM,"MF,DF",Nice,26,1997,22.3,0,16,3,18.8,0.72,0.13,0.00,0.00,0,0,Matches
436,Valentin Rosier,fr FRA,"DF,MF",Nice,26,1996,0.6,0,1,0,0.0,1.70,0.00,0.00,,0,0,Matches
437,Fabián Ruiz Peña,es ESP,MF,Paris Saint-Germain,27,1996,13.3,1,19,6,31.6,1.43,0.45,0.05,0.17,0,0,Matches
438,Emmanuel Sabbi,us USA,"MF,FW",Le Havre,25,1997,17.6,5,31,11,35.5,1.76,0.62,0.10,0.27,2,2,Matches
439,Falaye Sacko,ml MLI,DF,Montpellier,28,1995,15.4,0,1,0,0.0,0.07,0.00,0.00,,0,0,Matches
440,Modibo Sagnan,ml MLI,DF,Montpellier,24,1999,11.7,2,10,3,30.0,0.85,0.26,0.20,0.67,0,0,Matches
441,Moïse Sahi Dion,ci CIV,"MF,FW",Strasbourg,21,2001,7.0,3,24,7,29.2,3.44,1.00,0.13,0.43,0,0,Matches
442,Wesley Saïd,fr FRA,FW,Lens,28,1995,11.3,7,45,19,42.2,3.97,1.68,0.16,0.37,0,0,Matches
443,Théo Sainte-Luce,fr FRA,DF,Montpellier,24,1998,3.8,0,3,1,33.3,0.78,0.26,0.00,0.00,0,0,Matches
444,Mamadou Sakho,fr FRA,DF,Montpellier,33,1990,0.1,0,0,0,,0.00,0.00,,,0,0,Matches
445,Ibrahim Salah,ma MAR,"MF,FW",Rennes,21,2001,5.8,4,17,9,52.9,2.92,1.55,0.24,0.44,0,0,Matches
446,Amine Salama,fr FRA,FW,Reims,23,2000,3.5,0,6,2,33.3,1.73,0.58,0.00,0.00,0,0,Matches
447,Mohammed Salisu,gh GHA,DF,Monaco,24,1999,11.5,0,4,1,25.0,0.35,0.09,0.00,0.00,0,0,Matches
448,Yoann Salmier,gf GUF,DF,Le Havre,30,1992,17.4,1,10,4,40.0,0.57,0.23,0.10,0.25,0,0,Matches
449,Mama Samba Baldé,gw GNB,FW,Lyon,27,1995,6.1,2,17,9,52.9,2.78,1.47,0.12,0.22,0,0,Matches
450,Brice Samba,fr FRA,GK,Lens,29,1994,33.0,0,0,0,,0.00,0.00,,,0,0,Matches
451,Ibou Sané,sn SEN,FW,Metz,18,2005,1.4,1,2,1,50.0,1.41,0.70,0.50,1.00,0,0,Matches
452,Sadibou Sané,sn SEN,DF,Metz,19,2004,9.4,0,5,1,20.0,0.53,0.11,0.00,0.00,0,0,Matches
453,Arouna Sangante,sn SEN,DF,Le Havre,21,2002,29.9,0,16,3,18.8,0.54,0.10,0.00,0.00,0,0,Matches
454,Morgan Sanson,fr FRA,MF,Nice,28,1994,21.8,2,41,9,22.0,1.88,0.41,0.05,0.22,0,0,Matches
455,Baptiste Santamaria,fr FRA,MF,Rennes,28,1995,21.4,0,28,9,32.1,1.31,0.42,0.00,0.00,0,0,Matches
456,Andrey Santos,br BRA,MF,Strasbourg,19,2004,9.2,1,12,4,33.3,1.30,0.43,0.08,0.25,0,0,Matches
457,Tiago Santos,pt POR,DF,Lille,21,2002,26.3,1,33,7,21.2,1.26,0.27,0.03,0.14,0,0,Matches
458,Amin Sarr,se SWE,FW,Lyon,22,2001,1.1,0,5,2,40.0,4.59,1.84,0.00,0.00,0,0,Matches
459,Ismaila Sarr,sn SEN,"MF,FW",Marseille,25,1998,16.1,3,25,10,40.0,1.55,0.62,0.12,0.30,0,0,Matches
460,Mamadou Sarr,sn SEN,DF,Lyon,17,2005,0.1,0,0,0,,0.00,0.00,,,0,0,Matches
461,Martin Satriano,uy URU,"FW,MF",Brest,22,2001,20.7,4,63,20,31.7,3.04,0.97,0.06,0.20,0,0,Matches
462,Téji Savanier,fr FRA,MF,Montpellier,31,1991,30.7,9,82,29,35.4,2.67,0.94,0.02,0.07,7,7,Matches
463,Niklas Schmidt,de GER,MF,Toulouse,25,1998,14.1,1,20,13,65.0,1.42,0.92,0.05,0.08,0,0,Matches
464,Jérémy Sebas,mq MTQ,"MF,FW",Strasbourg,20,2003,4.4,2,7,4,57.1,1.58,0.90,0.29,0.50,0,0,Matches
465,Alidu Seidu,gh GHA,DF,Rennes,23,2000,6.6,0,2,0,0.0,0.30,0.00,0.00,,0,0,Matches
466,Alidu Seidu,gh GHA,DF,Clermont Foot,23,2000,12.6,0,6,1,16.7,0.48,0.08,0.00,0.00,0,0,Matches
467,Matz Sels,be BEL,GK,Strasbourg,31,1992,19.0,0,0,0,,0.00,0.00,,,0,0,Matches
468,Marvin Senaya,tg TOG,"DF,MF",Strasbourg,22,2001,23.8,1,16,3,18.8,0.67,0.13,0.06,0.33,0,0,Matches
469,Sofiane Sidi Ali,fr FRA,FW,Marseille,28,1995,0.2,0,1,0,0.0,5.00,0.00,0.00,,0,0,Matches
470,Vincent Sierro,ch SUI,MF,Toulouse,27,1995,25.1,6,36,11,30.6,1.43,0.44,0.06,0.18,4,5,Matches
471,Caio Henrique Oliveira Silva,br BRA,"MF,DF",Monaco,26,1997,6.9,0,6,1,16.7,0.87,0.14,0.00,0.00,0,0,Matches
472,Moses Simon,ng NGA,"MF,FW",Nantes,28,1995,19.9,3,34,13,38.2,1.71,0.65,0.06,0.15,1,1,Matches
473,Wilfried Singo,ci CIV,DF,Monaco,22,2000,24.3,1,19,7,36.8,0.78,0.29,0.05,0.14,0,0,Matches
474,Ayanda Sishuba,be BEL,MF,Lens,18,2005,0.7,0,12,2,16.7,17.42,2.90,0.00,0.00,0,0,Matches
475,Ibrahima Sissoko,ml MLI,MF,Strasbourg,25,1997,18.2,0,14,3,21.4,0.77,0.16,0.00,0.00,0,0,Matches
476,Moussa Sissoko,fr FRA,MF,Nantes,33,1989,20.2,0,10,3,30.0,0.49,0.15,0.00,0.00,0,0,Matches
477,Milan Škriniar,sk SVK,DF,Paris Saint-Germain,28,1995,18.1,0,3,1,33.3,0.17,0.06,0.00,0.00,0,0,Matches
478,Naatan Skyttä,fi FIN,MF,Toulouse,21,2002,1.3,0,5,2,40.0,3.75,1.50,0.00,0.00,0,0,Matches
479,Eduard Sobol,ua UKR,"DF,MF",Strasbourg,28,1995,0.3,0,0,0,,0.00,0.00,,,0,0,Matches
480,Emran Soglo,fr FRA,MF,Marseille,18,2005,1.2,1,1,1,100.0,0.83,0.83,1.00,1.00,0,0,Matches
481,Carlos Soler,es ESP,"MF,DF",Paris Saint-Germain,26,1997,12.1,2,14,5,35.7,1.16,0.41,0.14,0.40,0,0,Matches
482,Florian Sotoca,fr FRA,"MF,FW",Lens,32,1990,28.9,7,69,22,31.9,2.39,0.76,0.04,0.14,4,4,Matches
483,Issa Soumaré,sn SEN,"FW,MF",Le Havre,22,2000,2.6,0,5,1,20.0,1.90,0.38,0.00,0.00,0,0,Matches
484,Saidou Sow,gn GUI,DF,Strasbourg,21,2002,8.0,0,3,2,66.7,0.38,0.25,0.00,0.00,0,0,Matches
485,Stijn Spierings,nl NED,MF,Toulouse,27,1996,16.8,0,11,1,9.1,0.65,0.06,0.00,0.00,0,0,Matches
486,Stijn Spierings,nl NED,MF,Lens,27,1996,1.3,0,0,0,,0.00,0.00,,,0,0,Matches
487,Benjamin Stambouli,fr FRA,MF,Reims,32,1990,3.2,0,2,0,0.0,0.63,0.00,0.00,,0,0,Matches
488,Gabriel Suazo,cl CHI,"DF,MF",Toulouse,25,1997,26.2,0,10,3,30.0,0.38,0.11,0.00,0.00,0,0,Matches
489,Abakar Sylla,ci CIV,DF,Strasbourg,20,2002,19.9,2,11,5,45.5,0.55,0.25,0.18,0.40,0,0,Matches
490,Dembo Sylla,gn GUI,MF,Lorient,20,2002,0.5,0,1,0,0.0,2.00,0.00,0.00,,0,0,Matches
491,Issiaga Sylla,gn GUI,"DF,MF",Montpellier,29,1994,16.2,1,12,5,41.7,0.74,0.31,0.08,0.20,0,0,Matches
492,Musa Al-Taamari,jo JOR,"MF,FW",Montpellier,26,1997,21.4,5,47,20,42.6,2.19,0.93,0.11,0.25,0,0,Matches
493,Nicolás Tagliafico,ar ARG,"DF,MF",Lyon,30,1992,23.6,3,15,6,40.0,0.64,0.25,0.20,0.50,0,0,Matches
494,Montassar Talbi,tn TUN,DF,Lorient,25,1998,24.5,0,5,2,40.0,0.20,0.08,0.00,0.00,0,0,Matches
495,Oussama Targhalline,ma MAR,MF,Le Havre,21,2002,11.4,0,6,0,0.0,0.53,0.00,0.00,,0,0,Matches
496,Enzo Tchato,cm CMR,DF,Montpellier,20,2002,12.5,0,5,1,20.0,0.40,0.08,0.00,0.00,0,0,Matches
497,Arnau Tenas,es ESP,GK,Paris Saint-Germain,22,2001,5.9,0,0,0,,0.00,0.00,,,0,0,Matches
498,Martin Terrier,fr FRA,"FW,MF",Rennes,26,1997,17.0,7,38,16,42.1,2.24,0.94,0.18,0.44,0,0,Matches
499,Benjamin Tetteh,gh GHA,FW,Metz,26,1997,3.1,0,3,1,33.3,0.97,0.32,0.00,0.00,0,0,Matches
500,Teddy Teuma,mt MLT,MF,Reims,29,1993,23.5,6,44,15,34.1,1.87,0.64,0.11,0.33,1,1,Matches
501,Arthur Theate,be BEL,DF,Rennes,23,2000,25.5,2,22,5,22.7,0.86,0.20,0.09,0.40,0,0,Matches
502,Adrien Thomasson,fr FRA,MF,Lens,29,1993,13.3,1,31,6,19.4,2.34,0.45,0.03,0.17,0,0,Matches
503,Khéphren Thuram,fr FRA,MF,Nice,22,2001,23.4,1,39,11,28.2,1.67,0.47,0.03,0.09,0,0,Matches
504,Cheikh Tidiane Sabaly,sn SEN,"MF,FW",Metz,24,1999,15.3,3,21,9,42.9,1.37,0.59,0.14,0.33,0,0,Matches
505,Jean-Clair Todibo,fr FRA,DF,Nice,23,1999,29.5,0,9,1,11.1,0.31,0.03,0.00,0.00,0,0,Matches
506,Corentin Tolisso,fr FRA,MF,Lyon,28,1994,19.3,3,39,14,35.9,2.02,0.72,0.05,0.14,1,1,Matches
507,Abdoulaye Touré,gn GUI,MF,Le Havre,29,1994,25.4,2,33,10,30.3,1.30,0.39,0.00,0.00,2,2,Matches
508,Souleymane Touré,fr FRA,DF,Lorient,20,2003,22.8,1,18,9,50.0,0.79,0.39,0.06,0.11,0,0,Matches
509,Bénie Traoré,ci CIV,FW,Nantes,20,2002,5.6,0,7,4,57.1,1.25,0.71,0.00,0.00,0,0,Matches
510,Daouda Traoré,fr FRA,MF,Nice,17,2006,0.2,0,1,0,0.0,5.63,0.00,0.00,,0,0,Matches
511,Ismaël Traoré,ci CIV,DF,Metz,36,1986,24.7,2,10,4,40.0,0.41,0.16,0.20,0.50,0,0,Matches
512,Adrien Truffert,fr FRA,"DF,MF",Rennes,21,2001,23.8,1,20,7,35.0,0.84,0.29,0.05,0.14,0,0,Matches
513,Matthieu Udol,fr FRA,DF,Metz,27,1996,30.0,3,19,8,42.1,0.63,0.27,0.16,0.38,0,0,Matches
514,Manuel Ugarte,uy URU,MF,Paris Saint-Germain,22,2001,21.5,0,10,1,10.0,0.47,0.05,0.00,0.00,0,0,Matches
515,Samuel Umtiti,fr FRA,DF,Lille,29,1993,2.1,0,0,0,,0.00,0.00,,,0,0,Matches
516,Kévin Van Den Kerkhof,dz ALG,"MF,FW",Metz,27,1996,21.3,1,20,7,35.0,0.94,0.33,0.05,0.14,0,0,Matches
517,Vanderson,br BRA,"MF,DF",Monaco,22,2001,18.2,3,30,10,33.3,1.65,0.55,0.10,0.30,0,0,Matches
518,Jordan Veretout,fr FRA,MF,Marseille,30,1993,24.3,1,36,9,25.0,1.48,0.37,0.03,0.11,0,0,Matches
519,Alan Virginius,fr FRA,MF,Lille,20,2003,0.8,0,0,0,,0.00,0.00,,,0,0,Matches
520,Alan Virginius,fr FRA,"MF,FW",Clermont Foot,20,2003,10.4,0,10,6,60.0,0.96,0.58,0.00,0.00,0,0,Matches
521,Vitinha,pt POR,MF,Paris Saint-Germain,23,2000,23.6,7,45,19,42.2,1.90,0.80,0.16,0.37,0,0,Matches
522,Vitinha,pt POR,FW,Marseille,23,2000,10.3,3,37,9,24.3,3.61,0.88,0.08,0.33,0,0,Matches
523,Elye Wahi,fr FRA,FW,Lens,20,2003,18.8,9,60,32,53.3,3.19,1.70,0.13,0.25,1,1,Matches
524,Elye Wahi,fr FRA,FW,Montpellier,20,2003,0.2,0,0,0,,0.00,0.00,,,0,0,Matches
525,Mateusz Wieteska,pl POL,DF,Clermont Foot,26,1997,1.9,1,3,2,66.7,1.55,1.03,0.33,0.50,0,0,Matches
526,Josh Wilson-Esbrand,eng ENG,"DF,MF",Reims,20,2002,5.1,1,4,1,25.0,0.78,0.20,0.25,1.00,0,0,Matches
527,Christopher Wooh,cm CMR,DF,Rennes,21,2001,15.4,1,10,2,20.0,0.65,0.13,0.10,0.50,0,0,Matches
528,Yusuf Yazıcı,tr TUR,"MF,FW",Lille,26,1997,14.6,5,40,14,35.0,2.74,0.96,0.13,0.36,0,0,Matches
529,Kelvin Yeboah,it ITA,FW,Montpellier,23,2000,3.1,0,7,4,57.1,2.28,1.30,0.00,0.00,0,0,Matches
530,Bertuğ Yıldırım,tr TUR,FW,Rennes,21,2002,5.2,0,10,4,40.0,1.92,0.77,0.00,0.00,0,0,Matches
531,Darlin Yongwa,cm CMR,"MF,DF",Lorient,22,2000,12.9,1,15,5,33.3,1.16,0.39,0.07,0.20,0,0,Matches
532,Leny Yoro,fr FRA,DF,Lille,17,2005,29.7,2,14,8,57.1,0.47,0.27,0.14,0.25,0,0,Matches
533,Etienne Youte Kinkoue,fr FRA,DF,Le Havre,21,2002,21.6,0,6,0,0.0,0.28,0.00,0.00,,0,0,Matches
534,Yoram Zague,fr FRA,DF,Paris Saint-Germain,17,2006,4.1,1,2,1,50.0,0.48,0.24,0.50,1.00,0,0,Matches
535,Warren Zaïre-Emery,fr FRA,"MF,DF",Paris Saint-Germain,17,2006,21.8,2,14,4,28.6,0.64,0.18,0.14,0.50,0,0,Matches
536,Denis Zakaria,ch SUI,"MF,DF",Monaco,26,1996,23.7,4,26,10,38.5,1.09,0.42,0.15,0.40,0,0,Matches
537,Mehdi Zeffane,dz ALG,"MF,DF",Clermont Foot,31,1992,13.7,0,19,1,5.3,1.39,0.07,0.00,0.00,0,0,Matches
538,Nathan Zeze,fr FRA,DF,Nantes,18,2005,11.4,0,3,0,0.0,0.26,0.00,0.00,,0,0,Matches
539,Edon Zhegrova,xk KVX,"MF,FW",Lille,24,1999,25.4,6,82,29,35.4,3.23,1.14,0.07,0.21,0,0,Matches
540,Luck Zogbé,ci CIV,DF,Brest,18,2005,0.1,0,0,0,,0.00,0.00,,,0,0,Matches
