Rk,Player,Nation,Pos,Squad,Age,Born,90s,Cmp,Att,Cmp%,TotDist,PrgDist,Cmp,Att,Cmp%,Cmp,Att,Cmp%,Cmp,Att,Cmp%,Ast,A-xAG,KP,1/3,PPA,CrsPA,Matches
1,Junior Adamu,at AUT,FW,Freiburg,23,2001,17.2,,,,,,,,,,,,,,,2,,,,,,Matches
2,Karim Adeyemi,de GER,"MF,FW",Dortmund,22,2002,15.9,,,,,,,,,,,,,,,6,,,,,,Matches
3,Amine Adli,ma MAR,"MF,FW",Leverkusen,24,2000,8.5,,,,,,,,,,,,,,,0,,,,,,Matches
4,Oladapo Afolayan,eng ENG,"FW,MF",St Pauli,26,1998,18.2,,,,,,,,,,,,,,,1,,,,,,Matches
5,Felix Agu,ng NGA,MF,Werder Bremen,24,1999,19.5,,,,,,,,,,,,,,,0,,,,,,Matches
6,Erik Ahlstrand,se SWE,MF,St Pauli,22,2001,0.5,,,,,,,,,,,,,,,0,,,,,,Matches
7,Kevin Akpoguma,ng NGA,DF,Hoffenheim,29,1995,24.7,,,,,,,,,,,,,,,0,,,,,,Matches
8,Andreas Albers,dk DEN,"FW,MF",St Pauli,34,1990,0.7,,,,,,,,,,,,,,,0,,,,,,Matches
9,Ben Alexander Voll,de GER,GK,St Pauli,23,2000,1.0,,,,,,,,,,,,,,,0,,,,,,Matches
10,Skelly Alvero,fr FRA,MF,Werder Bremen,22,2002,2.6,,,,,,,,,,,,,,,0,,,,,,Matches
11,Aurele Amenda,ch SUI,DF,Eintracht Frankfurt,21,2003,1.1,,,,,,,,,,,,,,,0,,,,,,Matches
12,Nadiem Amiri,de GER,MF,Mainz 05,27,1996,27.5,,,,,,,,,,,,,,,5,,,,,,Matches
13,Mohamed Amoura,dz ALG,"FW,MF",Wolfsburg,24,2000,27.4,,,,,,,,,,,,,,,9,,,,,,Matches
14,Robert Andrich,de GER,"MF,DF",Leverkusen,29,1994,17.8,,,,,,,,,,,,,,,2,,,,,,Matches
15,Waldemar Anton,de GER,DF,Dortmund,28,1996,21.7,,,,,,,,,,,,,,,2,,,,,,Matches
16,Maximilian Arnold,de GER,MF,Wolfsburg,30,1994,26.2,,,,,,,,,,,,,,,5,,,,,,Matches
17,Jann-Fiete Arp,de GER,FW,Holstein Kiel,24,2000,7.9,,,,,,,,,,,,,,,0,,,,,,Matches
18,Arthur,br BRA,"MF,DF",Leverkusen,21,2003,8.4,,,,,,,,,,,,,,,1,,,,,,Matches
19,Noah Atubolu,de GER,GK,Freiburg,22,2002,25.6,,,,,,,,,,,,,,,0,,,,,,Matches
20,Ayman Azhil,ma MAR,MF,Dortmund,23,2001,0.3,,,,,,,,,,,,,,,0,,,,,,Matches
21,Adam Aznou,ma MAR,DF,Bayern Munich,18,2006,0.2,,,,,,,,,,,,,,,0,,,,,,Matches
22,Aliou Badara Baldé,gn GUI,FW,Bochum,21,2002,1.0,,,,,,,,,,,,,,,0,,,,,,Matches
23,Ridle Baku,de GER,MF,RB Leipzig,26,1998,14.2,,,,,,,,,,,,,,,3,,,,,,Matches
24,Ridle Baku,de GER,MF,Wolfsburg,26,1998,13.0,,,,,,,,,,,,,,,1,,,,,,Matches
25,Samuel Bamba,de GER,FW,Bochum,20,2004,0.3,,,,,,,,,,,,,,,0,,,,,,Matches
26,Noahkai Banks,us USA,DF,Augsburg,17,2006,3.1,,,,,,,,,,,,,,,0,,,,,,Matches
27,Scott Banks,sct SCO,MF,St Pauli,22,2001,1.3,,,,,,,,,,,,,,,0,,,,,,Matches
28,Aymen Barkok,ma MAR,MF,Mainz 05,26,1998,0.8,,,,,,,,,,,,,,,0,,,,,,Matches
29,Michy Batshuayi,be BEL,FW,Eintracht Frankfurt,30,1993,3.3,,,,,,,,,,,,,,,0,,,,,,Matches
30,Maximilian Bauer,de GER,DF,Augsburg,24,2000,7.3,,,,,,,,,,,,,,,0,,,,,,Matches
31,Oliver Baumann,de GER,GK,Hoffenheim,34,1990,28.0,,,,,,,,,,,,,,,0,,,,,,Matches
32,Christoph Baumgartner,at AUT,"MF,FW",RB Leipzig,24,1999,17.9,,,,,,,,,,,,,,,1,,,,,,Matches
33,Ihlas Bebou,tg TOG,"FW,MF",Hoffenheim,30,1994,0.1,,,,,,,,,,,,,,,0,,,,,,Matches
34,Adrian Beck,de GER,"MF,FW",Heidenheim,27,1997,17.8,,,,,,,,,,,,,,,1,,,,,,Matches
35,Timo Becker,de GER,"DF,MF",Holstein Kiel,27,1997,27.2,,,,,,,,,,,,,,,2,,,,,,Matches
36,Hannes Behrens,de GER,DF,Hoffenheim,19,2005,0.3,,,,,,,,,,,,,,,0,,,,,,Matches
37,Kevin Behrens,de GER,FW,Wolfsburg,33,1991,1.9,,,,,,,,,,,,,,,0,,,,,,Matches
38,Maximilian Beier,de GER,"MF,FW",Dortmund,21,2002,17.7,,,,,,,,,,,,,,,5,,,,,,Matches
39,Stefan Bell,de GER,DF,Mainz 05,32,1991,16.0,,,,,,,,,,,,,,,1,,,,,,Matches
40,Jeanuël Belocian,fr FRA,DF,Leverkusen,19,2005,0.8,,,,,,,,,,,,,,,0,,,,,,Matches
41,László Bénes,sk SVK,"MF,FW",Union Berlin,26,1997,6.5,,,,,,,,,,,,,,,1,,,,,,Matches
42,Ramy Bensebaini,dz ALG,DF,Dortmund,29,1995,22.5,,,,,,,,,,,,,,,6,,,,,,Matches
43,Mergim Berisha,de GER,FW,Hoffenheim,26,1998,3.7,,,,,,,,,,,,,,,1,,,,,,Matches
44,Mergim Berisha,de GER,FW,Augsburg,26,1998,0.4,,,,,,,,,,,,,,,0,,,,,,Matches
45,Bernardo,br BRA,DF,Bochum,29,1995,19.8,,,,,,,,,,,,,,,0,,,,,,Matches
46,Alexander Bernhardsson,se SWE,"FW,MF",Holstein Kiel,25,1998,14.0,,,,,,,,,,,,,,,2,,,,,,Matches
47,Matúš Bero,sk SVK,MF,Bochum,28,1995,28.5,,,,,,,,,,,,,,,2,,,,,,Matches
48,Jan-Niklas Beste,de GER,"DF,MF",Freiburg,25,1999,2.4,,,,,,,,,,,,,,,1,,,,,,Matches
49,El Bilal Touré,ml MLI,FW,Stuttgart,22,2001,4.0,,,,,,,,,,,,,,,1,,,,,,Matches
50,Tom Bischof,de GER,MF,Hoffenheim,19,2005,28.4,,,,,,,,,,,,,,,2,,,,,,Matches
51,Leonardo Bittencourt,de GER,MF,Werder Bremen,30,1993,10.9,,,,,,,,,,,,,,,1,,,,,,Matches
52,Myron Boadu,nl NED,FW,Bochum,23,2001,11.6,,,,,,,,,,,,,,,1,,,,,,Matches
53,Sacha Boey,fr FRA,DF,Bayern Munich,23,2000,6.6,,,,,,,,,,,,,,,2,,,,,,Matches
54,Victor Boniface,ng NGA,FW,Leverkusen,23,2000,11.2,,,,,,,,,,,,,,,1,,,,,,Matches
55,Sebastiaan Bornauw,be BEL,DF,Wolfsburg,25,1999,8.8,,,,,,,,,,,,,,,1,,,,,,Matches
56,Carlo Boukhalfa,ma MAR,MF,St Pauli,25,1999,18.3,,,,,,,,,,,,,,,0,,,,,,Matches
57,Julian Brandt,de GER,MF,Dortmund,28,1996,25.6,,,,,,,,,,,,,,,10,,,,,,Matches
58,Tim Breithaupt,de GER,MF,Augsburg,22,2002,1.3,,,,,,,,,,,,,,,1,,,,,,Matches
59,Maximilian Breunig,de GER,FW,Heidenheim,23,2000,3.9,,,,,,,,,,,,,,,0,,,,,,Matches
60,Moritz Broschinski,de GER,"FW,MF",Bochum,23,2000,15.4,,,,,,,,,,,,,,,3,,,,,,Matches
61,Nathaniel Brown,de GER,"MF,DF",Eintracht Frankfurt,21,2003,21.6,,,,,,,,,,,,,,,6,,,,,,Matches
62,Jacob Bruun Larsen,dk DEN,"MF,FW",Hoffenheim,25,1998,4.4,,,,,,,,,,,,,,,2,,,,,,Matches
63,Jacob Bruun Larsen,dk DEN,MF,Stuttgart,25,1998,4.6,,,,,,,,,,,,,,,0,,,,,,Matches
64,Emi Buendía,ar ARG,MF,Leverkusen,27,1996,2.9,,,,,,,,,,,,,,,0,,,,,,Matches
65,Marius Bülter,de GER,"MF,FW",Hoffenheim,31,1993,19.2,,,,,,,,,,,,,,,2,,,,,,Matches
66,Jonathan Burkardt,de GER,FW,Mainz 05,24,2000,23.4,,,,,,,,,,,,,,,2,,,,,,Matches
67,Oliver Burke,sct SCO,FW,Werder Bremen,27,1997,10.1,,,,,,,,,,,,,,,0,,,,,,Matches
68,Marnon Busch,de GER,"DF,MF",Heidenheim,29,1994,15.5,,,,,,,,,,,,,,,1,,,,,,Matches
69,Anthony Caci,fr FRA,MF,Mainz 05,27,1997,29.8,,,,,,,,,,,,,,,7,,,,,,Matches
70,Cole Campbell,us USA,FW,Dortmund,18,2006,0.2,,,,,,,,,,,,,,,0,,,,,,Matches
71,Emre Can,de GER,"DF,MF",Dortmund,30,1994,23.4,,,,,,,,,,,,,,,0,,,,,,Matches
72,Tiago Cardoso,lu LUX,GK,Gladbach,18,2006,4.2,,,,,,,,,,,,,,,0,,,,,,Matches
73,Abdoulie Ceesay,gm GAM,FW,St Pauli,20,2004,0.7,,,,,,,,,,,,,,,0,,,,,,Matches
74,Julian Chabot,de GER,DF,Stuttgart,26,1998,25.2,,,,,,,,,,,,,,,1,,,,,,Matches
75,El Chadaille Bitshiabu,fr FRA,DF,RB Leipzig,19,2005,12.6,,,,,,,,,,,,,,,0,,,,,,Matches
76,Fares Chaïbi,dz ALG,MF,Eintracht Frankfurt,21,2002,11.3,,,,,,,,,,,,,,,3,,,,,,Matches
77,Timothy Chandler,us USA,"DF,MF",Eintracht Frankfurt,34,1990,0.3,,,,,,,,,,,,,,,0,,,,,,Matches
78,Anrie Chase,jp JPN,DF,Stuttgart,20,2004,8.2,,,,,,,,,,,,,,,0,,,,,,Matches
79,Arthur Chaves,br BRA,DF,Hoffenheim,23,2001,24.3,,,,,,,,,,,,,,,0,,,,,,Matches
80,Fabio Chiarodia,it ITA,DF,Gladbach,19,2005,4.2,,,,,,,,,,,,,,,0,,,,,,Matches
81,Carney Chukwuemeka,eng ENG,MF,Dortmund,20,2003,2.8,,,,,,,,,,,,,,,0,,,,,,Matches
82,Alexis Claude-Maurice,fr FRA,"MF,FW",Augsburg,26,1998,23.4,,,,,,,,,,,,,,,2,,,,,,Matches
83,Nnamdi Collins,de GER,"DF,MF",Eintracht Frankfurt,20,2004,16.5,,,,,,,,,,,,,,,1,,,,,,Matches
84,Kingsley Coman,fr FRA,MF,Bayern Munich,28,1996,14.2,,,,,,,,,,,,,,,4,,,,,,Matches
85,Sirlord Conteh,de GER,"MF,FW",Heidenheim,28,1996,9.9,,,,,,,,,,,,,,,1,,,,,,Matches
86,Danny da Costa,de GER,DF,Mainz 05,31,1993,22.3,,,,,,,,,,,,,,,1,,,,,,Matches
87,Yan Couto,br BRA,"DF,MF",Dortmund,22,2002,9.9,,,,,,,,,,,,,,,0,,,,,,Matches
88,Tomáš Čvančara,cz CZE,"MF,FW",Gladbach,23,2000,9.2,,,,,,,,,,,,,,,0,,,,,,Matches
89,Finn Dahmen,de GER,GK,Augsburg,26,1998,19.0,,,,,,,,,,,,,,,0,,,,,,Matches
90,Thomas Dähne,de GER,GK,Holstein Kiel,30,1994,9.0,,,,,,,,,,,,,,,0,,,,,,Matches
91,Mahmoud Dahoud,de GER,MF,Eintracht Frankfurt,28,1996,4.0,,,,,,,,,,,,,,,1,,,,,,Matches
92,Ameen Al-Dakhil,be BEL,DF,Stuttgart,22,2002,4.8,,,,,,,,,,,,,,,0,,,,,,Matches
93,Bence Dárdai,hu HUN,MF,Wolfsburg,18,2006,14.5,,,,,,,,,,,,,,,1,,,,,,Matches
94,Lukas Daschner,de GER,"FW,MF",Bochum,25,1998,4.6,,,,,,,,,,,,,,,1,,,,,,Matches
95,Alphonso Davies,ca CAN,DF,Bayern Munich,23,2000,17.3,,,,,,,,,,,,,,,2,,,,,,Matches
96,Olivier Deman,be BEL,"DF,FW",Werder Bremen,24,2000,0.7,,,,,,,,,,,,,,,0,,,,,,Matches
97,Ermedin Demirović,ba BIH,FW,Stuttgart,26,1998,20.6,,,,,,,,,,,,,,,1,,,,,,Matches
98,Justin Diehl,de GER,MF,Stuttgart,19,2004,1.2,,,,,,,,,,,,,,,0,,,,,,Matches
99,Eric Dier,eng ENG,DF,Bayern Munich,30,1994,16.3,,,,,,,,,,,,,,,1,,,,,,Matches
100,Junior Dina Ebimbe,cm CMR,MF,Eintracht Frankfurt,23,2000,3.3,,,,,,,,,,,,,,,1,,,,,,Matches
101,Eren Dinkçi,de GER,MF,Freiburg,22,2001,13.3,,,,,,,,,,,,,,,3,,,,,,Matches
102,Ritsu Doan,jp JPN,MF,Freiburg,26,1998,31.8,,,,,,,,,,,,,,,7,,,,,,Matches
103,Danilho Doekhi,nl NED,DF,Union Berlin,26,1998,34.0,,,,,,,,,,,,,,,1,,,,,,Matches
104,Niklas Dorsch,de GER,MF,Augsburg,26,1998,0.4,,,,,,,,,,,,,,,0,,,,,,Matches
105,Niklas Dorsch,de GER,MF,Heidenheim,26,1998,14.8,,,,,,,,,,,,,,,2,,,,,,Matches
106,Patrick Drewes,de GER,GK,Bochum,31,1993,21.0,,,,,,,,,,,,,,,0,,,,,,Matches
107,Tim Drexler,de GER,DF,Hoffenheim,19,2005,4.0,,,,,,,,,,,,,,,0,,,,,,Matches
108,Marvin Ducksch,de GER,FW,Werder Bremen,30,1994,26.9,,,,,,,,,,,,,,,8,,,,,,Matches
109,Julien Duranville,be BEL,MF,Dortmund,18,2006,3.1,,,,,,,,,,,,,,,0,,,,,,Matches
110,Adam Dźwigała,pl POL,DF,St Pauli,28,1995,4.1,,,,,,,,,,,,,,,0,,,,,,Matches
111,Johannes Eggestein,de GER,FW,St Pauli,26,1998,20.6,,,,,,,,,,,,,,,4,,,,,,Matches
112,Maximilian Eggestein,de GER,MF,Freiburg,27,1996,31.6,,,,,,,,,,,,,,,0,,,,,,Matches
113,Hugo Ekitike,fr FRA,FW,Eintracht Frankfurt,22,2002,28.5,,,,,,,,,,,,,,,8,,,,,,Matches
114,Elif Elmas,mk MKD,"FW,MF",RB Leipzig,24,1999,0.5,,,,,,,,,,,,,,,0,,,,,,Matches
115,Nico Elvedi,ch SUI,DF,Gladbach,27,1996,23.7,,,,,,,,,,,,,,,1,,,,,,Matches
116,Arne Engels,be BEL,FW,Augsburg,20,2003,0.9,,,,,,,,,,,,,,,0,,,,,,Matches
117,Patrick Erras,de GER,DF,Holstein Kiel,29,1995,9.2,,,,,,,,,,,,,,,0,,,,,,Matches
118,Samuel Essende,cd COD,FW,Augsburg,26,1998,18.2,,,,,,,,,,,,,,,2,,,,,,Matches
119,Frank Feller,de GER,GK,Heidenheim,20,2004,1.3,,,,,,,,,,,,,,,0,,,,,,Matches
120,Kilian Fischer,de GER,DF,Wolfsburg,23,2000,25.5,,,,,,,,,,,,,,,0,,,,,,Matches
121,Jonas Föhrenbach,de GER,"DF,MF",Heidenheim,28,1996,20.4,,,,,,,,,,,,,,,1,,,,,,Matches
122,Marco Friedl,at AUT,DF,Werder Bremen,26,1998,24.0,,,,,,,,,,,,,,,0,,,,,,Matches
123,Marvin Friedrich,de GER,DF,Gladbach,28,1995,11.0,,,,,,,,,,,,,,,1,,,,,,Matches
124,Jeremie Frimpong,nl NED,MF,Leverkusen,23,2000,25.7,,,,,,,,,,,,,,,5,,,,,,Matches
125,Chris Führich,de GER,MF,Stuttgart,26,1998,22.0,,,,,,,,,,,,,,,3,,,,,,Matches
126,Shiō Fukuda,jp JPN,FW,Gladbach,20,2004,0.7,,,,,,,,,,,,,,,0,,,,,,Matches
127,Cristian Gamboa,cr CRC,MF,Bochum,34,1989,2.5,,,,,,,,,,,,,,,0,,,,,,Matches
128,Aleix García,es ESP,MF,Leverkusen,27,1997,16.2,,,,,,,,,,,,,,,4,,,,,,Matches
129,Viggo Gebel,de GER,MF,RB Leipzig,16,2007,0.2,,,,,,,,,,,,,,,0,,,,,,Matches
130,Lutsharel Geertruida,nl NED,DF,RB Leipzig,24,2000,17.3,,,,,,,,,,,,,,,0,,,,,,Matches
131,Dennis Geiger,de GER,MF,Hoffenheim,26,1998,8.2,,,,,,,,,,,,,,,0,,,,,,Matches
132,Valentin Gendrey,fr FRA,"DF,MF",Hoffenheim,24,2000,15.7,,,,,,,,,,,,,,,1,,,,,,Matches
133,Yannick Gerhardt,de GER,"MF,DF",Wolfsburg,30,1994,16.9,,,,,,,,,,,,,,,1,,,,,,Matches
134,Max Geschwill,de GER,DF,Holstein Kiel,23,2001,14.2,,,,,,,,,,,,,,,2,,,,,,Matches
135,Dimitris Giannoulis,gr GRE,MF,Augsburg,28,1995,29.4,,,,,,,,,,,,,,,4,,,,,,Matches
136,Armin Gigovic,ba BIH,MF,Holstein Kiel,22,2002,21.1,,,,,,,,,,,,,,,1,,,,,,Matches
137,Benedikt Gimber,de GER,DF,Heidenheim,27,1997,29.7,,,,,,,,,,,,,,,0,,,,,,Matches
138,Matthias Ginter,de GER,DF,Freiburg,30,1994,28.5,,,,,,,,,,,,,,,1,,,,,,Matches
139,Jamie Gittens,eng ENG,MF,Dortmund,19,2004,19.7,,,,,,,,,,,,,,,3,,,,,,Matches
140,Serge Gnabry,de GER,"MF,FW",Bayern Munich,29,1995,13.8,,,,,,,,,,,,,,,5,,,,,,Matches
141,Tidiam Gomis,fr FRA,FW,RB Leipzig,17,2006,1.7,,,,,,,,,,,,,,,1,,,,,,Matches
142,Leon Goretzka,de GER,MF,Bayern Munich,29,1995,14.7,,,,,,,,,,,,,,,1,,,,,,Matches
143,Robin Gosens,de GER,MF,Union Berlin,30,1994,1.0,,,,,,,,,,,,,,,0,,,,,,Matches
144,Mario Götze,de GER,MF,Eintracht Frankfurt,32,1992,17.1,,,,,,,,,,,,,,,2,,,,,,Matches
145,Jeffrey Gouweleeuw,nl NED,DF,Augsburg,33,1991,32.7,,,,,,,,,,,,,,,4,,,,,,Matches
146,Kamil Grabara,pl POL,GK,Wolfsburg,25,1999,28.7,,,,,,,,,,,,,,,0,,,,,,Matches
147,Michael Gregoritsch,at AUT,FW,Freiburg,30,1994,7.1,,,,,,,,,,,,,,,1,,,,,,Matches
148,Vincenzo Grifo,it ITA,MF,Freiburg,31,1993,27.0,,,,,,,,,,,,,,,11,,,,,,Matches
149,Florian Grillitsch,at AUT,"MF,DF",Hoffenheim,28,1995,6.7,,,,,,,,,,,,,,,0,,,,,,Matches
150,Álex Grimaldo,es ESP,MF,Leverkusen,28,1995,29.3,,,,,,,,,,,,,,,7,,,,,,Matches
151,Pascal Groß,de GER,"MF,DF",Dortmund,33,1991,25.9,,,,,,,,,,,,,,,9,,,,,,Matches
152,Marco Grüll,at AUT,"FW,MF",Werder Bremen,26,1998,13.1,,,,,,,,,,,,,,,1,,,,,,Matches
153,Raphaël Guerreiro,pt POR,"DF,MF",Bayern Munich,30,1993,17.5,,,,,,,,,,,,,,,4,,,,,,Matches
154,Morgan Guilavogui,gn GUI,"FW,MF",St Pauli,26,1998,20.1,,,,,,,,,,,,,,,2,,,,,,Matches
155,Serhou Guirassy,gn GUI,FW,Dortmund,28,1996,28.9,,,,,,,,,,,,,,,4,,,,,,Matches
156,Péter Gulácsi,hu HUN,GK,RB Leipzig,34,1990,29.2,,,,,,,,,,,,,,,0,,,,,,Matches
157,Robert Gumny,pl POL,MF,Augsburg,26,1998,3.0,,,,,,,,,,,,,,,0,,,,,,Matches
158,Christian Günter,de GER,DF,Freiburg,31,1993,25.7,,,,,,,,,,,,,,,2,,,,,,Matches
159,Janik Haberer,de GER,MF,Union Berlin,30,1994,18.8,,,,,,,,,,,,,,,0,,,,,,Matches
160,Robin Hack,de GER,MF,Gladbach,25,1998,24.1,,,,,,,,,,,,,,,7,,,,,,Matches
161,Amadou Haidara,ml MLI,MF,RB Leipzig,26,1998,14.7,,,,,,,,,,,,,,,1,,,,,,Matches
162,Andreas Hanche-Olsen,no NOR,DF,Mainz 05,27,1997,14.3,,,,,,,,,,,,,,,1,,,,,,Matches
163,Phil Harres,de GER,FW,Holstein Kiel,22,2002,17.2,,,,,,,,,,,,,,,1,,,,,,Matches
164,Ramon Hendriks,nl NED,DF,Stuttgart,23,2001,12.8,,,,,,,,,,,,,,,1,,,,,,Matches
165,Paul Hennrich,de GER,MF,Hoffenheim,19,2005,0.1,,,,,,,,,,,,,,,0,,,,,,Matches
166,Benjamin Henrichs,de GER,"DF,MF",RB Leipzig,27,1997,10.4,,,,,,,,,,,,,,,2,,,,,,Matches
167,Mario Hermoso,es ESP,DF,Leverkusen,29,1995,3.3,,,,,,,,,,,,,,,0,,,,,,Matches
168,Piero Hincapié,ec ECU,DF,Leverkusen,22,2002,29.7,,,,,,,,,,,,,,,2,,,,,,Matches
169,Adam Hložek,cz CZE,"FW,MF",Hoffenheim,22,2002,20.8,,,,,,,,,,,,,,,4,,,,,,Matches
170,Nicolas Höfler,de GER,MF,Freiburg,34,1990,8.8,,,,,,,,,,,,,,,0,,,,,,Matches
171,Jonas Hofmann,de GER,MF,Leverkusen,32,1992,4.0,,,,,,,,,,,,,,,1,,,,,,Matches
172,Philipp Hofmann,de GER,FW,Bochum,31,1993,25.3,,,,,,,,,,,,,,,3,,,,,,Matches
173,Lucas Höler,de GER,"FW,MF",Freiburg,30,1994,20.7,,,,,,,,,,,,,,,4,,,,,,Matches
174,Benedict Hollerbach,de GER,"FW,MF",Union Berlin,23,2001,28.2,,,,,,,,,,,,,,,1,,,,,,Matches
175,Lewis Holtby,de GER,MF,Holstein Kiel,33,1990,13.8,,,,,,,,,,,,,,,1,,,,,,Matches
176,Gerrit Holtmann,ph PHI,"MF,DF",Bochum,29,1995,12.6,,,,,,,,,,,,,,,1,,,,,,Matches
177,Franck Honorat,fr FRA,MF,Gladbach,27,1996,16.0,,,,,,,,,,,,,,,7,,,,,,Matches
178,Mathias Honsak,at AUT,"MF,FW",Heidenheim,27,1996,13.1,,,,,,,,,,,,,,,1,,,,,,Matches
179,Timo Horn,de GER,GK,Bochum,31,1993,13.0,,,,,,,,,,,,,,,0,,,,,,Matches
180,Lukáš Hrádecký,fi FIN,GK,Leverkusen,34,1989,29.0,,,,,,,,,,,,,,,0,,,,,,Matches
181,Robin Hranáč,cz CZE,DF,Hoffenheim,24,2000,2.4,,,,,,,,,,,,,,,0,,,,,,Matches
182,Hong Hyunseok,kr KOR,MF,Mainz 05,25,1999,5.9,,,,,,,,,,,,,,,1,,,,,,Matches
183,Oscar Højlund,dk DEN,MF,Eintracht Frankfurt,19,2005,8.0,,,,,,,,,,,,,,,0,,,,,,Matches
184,Arijon Ibrahimović,de GER,MF,Bayern Munich,18,2005,0.0,,,,,,,,,,,,,,,0,,,,,,Matches
185,Andrej Ilic,rs SRB,FW,Union Berlin,24,2000,10.4,,,,,,,,,,,,,,,0,,,,,,Matches
186,Jackson Irvine,au AUS,MF,St Pauli,31,1993,29.0,,,,,,,,,,,,,,,6,,,,,,Matches
187,Ko Itakura,jp JPN,DF,Gladbach,27,1997,31.0,,,,,,,,,,,,,,,0,,,,,,Matches
188,Hiroki Ito,jp JPN,DF,Bayern Munich,25,1999,2.8,,,,,,,,,,,,,,,0,,,,,,Matches
189,Marko Ivezić,rs SRB,DF,Holstein Kiel,22,2001,18.4,,,,,,,,,,,,,,,0,,,,,,Matches
190,Lee Jae-sung,kr KOR,MF,Mainz 05,31,1992,29.4,,,,,,,,,,,,,,,6,,,,,,Matches
191,Kristijan Jakić,hr CRO,MF,Augsburg,27,1997,25.6,,,,,,,,,,,,,,,1,,,,,,Matches
192,Luca Jaquez,ch SUI,DF,Stuttgart,21,2003,2.8,,,,,,,,,,,,,,,0,,,,,,Matches
193,Dominik Javorček,sk SVK,"MF,DF",Holstein Kiel,21,2002,4.3,,,,,,,,,,,,,,,2,,,,,,Matches
194,Finn Jeltsch,de GER,DF,Stuttgart,18,2006,8.7,,,,,,,,,,,,,,,0,,,,,,Matches
195,Fredrik Jensen,fi FIN,"MF,FW",Augsburg,26,1997,8.5,,,,,,,,,,,,,,,0,,,,,,Matches
196,Moritz Jenz,de GER,DF,Mainz 05,25,1999,17.8,,,,,,,,,,,,,,,0,,,,,,Matches
197,Carl Johansson,se SWE,DF,Holstein Kiel,30,1994,6.3,,,,,,,,,,,,,,,0,,,,,,Matches
198,Anthony Jung,de GER,DF,Werder Bremen,32,1991,21.1,,,,,,,,,,,,,,,0,,,,,,Matches
199,Josip Juranović,hr CRO,"MF,DF",Union Berlin,28,1995,12.9,,,,,,,,,,,,,,,1,,,,,,Matches
200,David Jurásek,cz CZE,"DF,MF",Hoffenheim,23,2000,6.9,,,,,,,,,,,,,,,1,,,,,,Matches
201,Yusuf Kabadayı,de GER,FW,Augsburg,20,2004,0.8,,,,,,,,,,,,,,,0,,,,,,Matches
202,Almugera Kabar,de GER,DF,Dortmund,18,2006,1.5,,,,,,,,,,,,,,,0,,,,,,Matches
203,Issa Kaboré,bf BFA,MF,Werder Bremen,23,2001,3.4,,,,,,,,,,,,,,,0,,,,,,Matches
204,Pavel Kadeřábek,cz CZE,"MF,DF",Hoffenheim,32,1992,17.5,,,,,,,,,,,,,,,0,,,,,,Matches
205,Jakub Kamiński,pl POL,"MF,DF",Wolfsburg,22,2002,12.6,,,,,,,,,,,,,,,2,,,,,,Matches
206,Kevin Kampl,si SVN,MF,RB Leipzig,33,1990,17.7,,,,,,,,,,,,,,,0,,,,,,Matches
207,Harry Kane,eng ENG,FW,Bayern Munich,31,1993,26.5,,,,,,,,,,,,,,,9,,,,,,Matches
208,Atakan Karazor,tr TUR,MF,Stuttgart,27,1996,29.1,,,,,,,,,,,,,,,4,,,,,,Matches
209,Mikkel Kaufmann,dk DEN,"FW,MF",Heidenheim,23,2001,4.1,,,,,,,,,,,,,,,0,,,,,,Matches
210,Yannik Keitel,de GER,MF,Stuttgart,24,2000,3.0,,,,,,,,,,,,,,,0,,,,,,Matches
211,Andu Kelati,de GER,MF,Holstein Kiel,21,2002,3.2,,,,,,,,,,,,,,,1,,,,,,Matches
212,Thomas Keller,de GER,"MF,DF",Heidenheim,24,1999,1.6,,,,,,,,,,,,,,,0,,,,,,Matches
213,Aljoscha Kemlein,de GER,MF,Union Berlin,19,2004,10.2,,,,,,,,,,,,,,,0,,,,,,Matches
214,Luca Kerber,de GER,MF,Heidenheim,22,2002,8.7,,,,,,,,,,,,,,,0,,,,,,Matches
215,Rani Khedira,de GER,MF,Union Berlin,30,1994,30.3,,,,,,,,,,,,,,,1,,,,,,Matches
216,Joshua Kimmich,de GER,MF,Bayern Munich,29,1995,31.6,,,,,,,,,,,,,,,7,,,,,,Matches
217,Tim Kleindienst,de GER,FW,Gladbach,28,1995,30.4,,,,,,,,,,,,,,,7,,,,,,Matches
218,Lukas Klostermann,de GER,DF,RB Leipzig,28,1996,20.4,,,,,,,,,,,,,,,0,,,,,,Matches
219,Ansgar Knauff,de GER,MF,Eintracht Frankfurt,22,2002,17.7,,,,,,,,,,,,,,,5,,,,,,Matches
220,Magnus Knudsen,no NOR,MF,Holstein Kiel,23,2001,20.6,,,,,,,,,,,,,,,1,,,,,,Matches
221,Gregor Kobel,ch SUI,GK,Dortmund,26,1997,32.0,,,,,,,,,,,,,,,0,,,,,,Matches
222,Robin Koch,de GER,DF,Eintracht Frankfurt,28,1996,28.7,,,,,,,,,,,,,,,0,,,,,,Matches
223,Derrick Köhn,gh GHA,"MF,DF",Werder Bremen,25,1999,14.9,,,,,,,,,,,,,,,2,,,,,,Matches
224,Dominik Kohr,de GER,"DF,MF",Mainz 05,30,1994,25.5,,,,,,,,,,,,,,,0,,,,,,Matches
225,Marco Komenda,hr CRO,DF,Holstein Kiel,27,1996,14.5,,,,,,,,,,,,,,,0,,,,,,Matches
226,Mert Kömür,de GER,MF,Augsburg,19,2005,7.3,,,,,,,,,,,,,,,1,,,,,,Matches
227,Kacper Koscierski,de GER,DF,Bochum,17,2007,0.1,,,,,,,,,,,,,,,0,,,,,,Matches
228,Henri Koudossou,de GER,MF,Augsburg,24,1999,8.3,,,,,,,,,,,,,,,0,,,,,,Matches
229,Konstantinos Koulierakis,gr GRE,DF,Wolfsburg,20,2003,27.4,,,,,,,,,,,,,,,2,,,,,,Matches
230,Matej Kovar,cz CZE,GK,Leverkusen,24,2000,5.0,,,,,,,,,,,,,,,0,,,,,,Matches
231,Andrej Kramarić,hr CRO,MF,Hoffenheim,33,1991,30.7,,,,,,,,,,,,,,,8,,,,,,Matches
232,Frans Krätzig,de GER,"MF,DF",Heidenheim,21,2003,13.5,,,,,,,,,,,,,,,2,,,,,,Matches
233,Frans Krätzig,de GER,DF,Stuttgart,21,2003,0.6,,,,,,,,,,,,,,,0,,,,,,Matches
234,Tom Krauß,de GER,MF,Bochum,23,2001,12.0,,,,,,,,,,,,,,,0,,,,,,Matches
235,Rasmus Kristensen,dk DEN,"DF,MF",Eintracht Frankfurt,27,1997,27.9,,,,,,,,,,,,,,,3,,,,,,Matches
236,Lukas Kübler,de GER,DF,Freiburg,31,1992,20.5,,,,,,,,,,,,,,,1,,,,,,Matches
237,Jonah Kusi-Asare,se SWE,FW,Bayern Munich,17,2007,0.0,,,,,,,,,,,,,,,0,,,,,,Matches
238,Moritz-Broni Kwarteng,gh GHA,MF,Bochum,26,1998,1.9,,,,,,,,,,,,,,,0,,,,,,Matches
239,Nediljko Labrović,hr CRO,GK,Augsburg,24,1999,15.0,,,,,,,,,,,,,,,0,,,,,,Matches
240,Konrad Laimer,at AUT,DF,Bayern Munich,27,1997,18.9,,,,,,,,,,,,,,,2,,,,,,Matches
241,Stefan Lainer,at AUT,DF,Gladbach,31,1992,8.4,,,,,,,,,,,,,,,0,,,,,,Matches
242,Hugo Larsson,se SWE,MF,Eintracht Frankfurt,20,2004,26.6,,,,,,,,,,,,,,,1,,,,,,Matches
243,Diogo Leite,pt POR,DF,Union Berlin,25,1999,28.3,,,,,,,,,,,,,,,2,,,,,,Matches
244,Maxim Leitsch,de GER,DF,Mainz 05,26,1998,7.5,,,,,,,,,,,,,,,0,,,,,,Matches
245,Jamie Leweling,de GER,MF,Stuttgart,23,2001,18.5,,,,,,,,,,,,,,,2,,,,,,Matches
246,Philipp Lienhart,at AUT,DF,Freiburg,28,1996,30.8,,,,,,,,,,,,,,,0,,,,,,Matches
247,Marin Ljubicic,hr CRO,FW,Union Berlin,22,2002,3.1,,,,,,,,,,,,,,,1,,,,,,Matches
248,Anthony Losilla,fr FRA,MF,Bochum,38,1986,12.6,,,,,,,,,,,,,,,0,,,,,,Matches
249,Yannik Lührs,de GER,DF,Dortmund,20,2003,1.4,,,,,,,,,,,,,,,0,,,,,,Matches
250,Castello Lukeba,fr FRA,DF,RB Leipzig,21,2002,17.5,,,,,,,,,,,,,,,0,,,,,,Matches
251,Senne Lynen,be BEL,MF,Werder Bremen,25,1999,30.4,,,,,,,,,,,,,,,1,,,,,,Matches
252,Shuto Machino,jp JPN,"FW,MF",Holstein Kiel,24,1999,21.7,,,,,,,,,,,,,,,2,,,,,,Matches
253,Arne Maier,de GER,MF,Augsburg,25,1999,10.4,,,,,,,,,,,,,,,0,,,,,,Matches
254,Patrick Mainka,de GER,DF,Heidenheim,29,1994,34.0,,,,,,,,,,,,,,,1,,,,,,Matches
255,Lovro Majer,hr CRO,MF,Wolfsburg,26,1998,3.4,,,,,,,,,,,,,,,1,,,,,,Matches
256,Jordy Makengo,fr FRA,DF,Freiburg,22,2001,8.3,,,,,,,,,,,,,,,0,,,,,,Matches
257,Jarzinho Malanga,de GER,MF,Stuttgart,18,2006,0.0,,,,,,,,,,,,,,,0,,,,,,Matches
258,Julián Malatini,ar ARG,DF,Werder Bremen,23,2001,5.0,,,,,,,,,,,,,,,1,,,,,,Matches
259,Donyell Malen,nl NED,MF,Dortmund,25,1999,6.8,,,,,,,,,,,,,,,0,,,,,,Matches
260,Lennard Maloney,us USA,"DF,MF",Mainz 05,24,1999,0.3,,,,,,,,,,,,,,,0,,,,,,Matches
261,Lennard Maloney,us USA,"MF,DF",Heidenheim,24,1999,8.4,,,,,,,,,,,,,,,0,,,,,,Matches
262,Johan Manzambi,ch SUI,MF,Freiburg,18,2005,3.7,,,,,,,,,,,,,,,1,,,,,,Matches
263,Omar Marmoush,eg EGY,"FW,MF",Eintracht Frankfurt,25,1999,16.1,,,,,,,,,,,,,,,9,,,,,,Matches
264,Giorgos Masouras,gr GRE,FW,Bochum,30,1994,11.7,,,,,,,,,,,,,,,1,,,,,,Matches
265,Erhan Mašović,rs SRB,"DF,MF",Bochum,25,1998,10.1,,,,,,,,,,,,,,,1,,,,,,Matches
266,Igor Matanovic,hr CRO,FW,Eintracht Frankfurt,21,2003,3.5,,,,,,,,,,,,,,,0,,,,,,Matches
267,Chrislain Matsima,fr FRA,DF,Augsburg,22,2002,28.3,,,,,,,,,,,,,,,1,,,,,,Matches
268,Jean Mattéo Bahoya,fr FRA,MF,Eintracht Frankfurt,19,2005,10.2,,,,,,,,,,,,,,,3,,,,,,Matches
269,Maurides,br BRA,FW,St Pauli,30,1994,0.0,,,,,,,,,,,,,,,0,,,,,,Matches
270,Jakov Medić,hr CRO,DF,Bochum,25,1998,17.8,,,,,,,,,,,,,,,0,,,,,,Matches
271,Connor Metcalfe,au AUS,"MF,FW",St Pauli,24,1999,4.0,,,,,,,,,,,,,,,0,,,,,,Matches
272,Karol Mets,ee EST,DF,St Pauli,31,1993,10.0,,,,,,,,,,,,,,,0,,,,,,Matches
273,Alexander Meyer,de GER,GK,Dortmund,33,1991,2.0,,,,,,,,,,,,,,,0,,,,,,Matches
274,Florian Micheler,at AUT,MF,Hoffenheim,19,2005,0.4,,,,,,,,,,,,,,,0,,,,,,Matches
275,Enzo Millot,fr FRA,MF,Stuttgart,22,2002,20.5,,,,,,,,,,,,,,,5,,,,,,Matches
276,Kim Min-jae,kr KOR,DF,Bayern Munich,27,1996,25.4,,,,,,,,,,,,,,,0,,,,,,Matches
277,Maximilian Mittelstädt,de GER,"DF,MF",Stuttgart,27,1997,27.4,,,,,,,,,,,,,,,7,,,,,,Matches
278,Koji Miyoshi,jp JPN,"MF,FW",Bochum,27,1997,5.2,,,,,,,,,,,,,,,0,,,,,,Matches
279,Max Moerstedt,de GER,"FW,MF",Hoffenheim,18,2006,5.0,,,,,,,,,,,,,,,0,,,,,,Matches
280,David Mokwa,fr FRA,FW,Hoffenheim,20,2004,0.2,,,,,,,,,,,,,,,0,,,,,,Matches
281,Steve Mounié,bj BEN,MF,Augsburg,29,1994,3.9,,,,,,,,,,,,,,,0,,,,,,Matches
282,Nordi Mukiele,fr FRA,"DF,MF",Leverkusen,26,1997,10.0,,,,,,,,,,,,,,,0,,,,,,Matches
283,Florian Müller,de GER,GK,Freiburg,26,1997,8.4,,,,,,,,,,,,,,,0,,,,,,Matches
284,Kevin Müller,de GER,GK,Heidenheim,33,1991,32.7,,,,,,,,,,,,,,,0,,,,,,Matches
285,Marius Müller,de GER,GK,Wolfsburg,31,1993,5.3,,,,,,,,,,,,,,,0,,,,,,Matches
286,Thomas Müller,de GER,"MF,FW",Bayern Munich,34,1989,13.6,,,,,,,,,,,,,,,4,,,,,,Matches
287,Jamal Musiala,de GER,MF,Bayern Munich,21,2003,20.0,,,,,,,,,,,,,,,2,,,,,,Matches
288,Florent Muslija,xk KVX,"FW,MF",Freiburg,26,1998,1.9,,,,,,,,,,,,,,,0,,,,,,Matches
289,Phillipp Mwene,at AUT,MF,Mainz 05,30,1994,29.0,,,,,,,,,,,,,,,4,,,,,,Matches
290,Joakim Mæhle,dk DEN,"DF,MF",Wolfsburg,27,1997,24.3,,,,,,,,,,,,,,,4,,,,,,Matches
291,Nathan N'Goumou,cm CMR,MF,Gladbach,24,2000,9.2,,,,,,,,,,,,,,,1,,,,,,Matches
292,Stanley N'Soki,fr FRA,DF,Hoffenheim,25,1999,14.5,,,,,,,,,,,,,,,0,,,,,,Matches
293,Nikolas Nartey,dk DEN,MF,Stuttgart,24,2000,0.2,,,,,,,,,,,,,,,0,,,,,,Matches
294,Paul Nebel,de GER,MF,Mainz 05,21,2002,26.1,,,,,,,,,,,,,,,4,,,,,,Matches
295,Kosta Nedeljković,rs SRB,"DF,MF",RB Leipzig,18,2005,5.3,,,,,,,,,,,,,,,0,,,,,,Matches
296,Ivan Nekić,hr CRO,DF,Holstein Kiel,23,2000,0.8,,,,,,,,,,,,,,,0,,,,,,Matches
297,David Nemeth,at AUT,DF,St Pauli,23,2001,23.7,,,,,,,,,,,,,,,1,,,,,,Matches
298,Luca Netz,de GER,DF,Gladbach,21,2003,10.8,,,,,,,,,,,,,,,2,,,,,,Matches
299,Manuel Neuer,de GER,GK,Bayern Munich,38,1986,22.0,,,,,,,,,,,,,,,0,,,,,,Matches
300,Florian Neuhaus,de GER,MF,Gladbach,27,1997,4.2,,,,,,,,,,,,,,,1,,,,,,Matches
301,Moritz Nicolas,de GER,GK,Gladbach,26,1997,18.2,,,,,,,,,,,,,,,0,,,,,,Matches
302,Julian Niehues,de GER,MF,Heidenheim,23,2001,1.7,,,,,,,,,,,,,,,0,,,,,,Matches
303,Justin Njinmah,de GER,"FW,MF",Werder Bremen,23,2000,10.6,,,,,,,,,,,,,,,2,,,,,,Matches
304,Niels Nkounkou,fr FRA,"MF,DF",Eintracht Frankfurt,23,2000,4.2,,,,,,,,,,,,,,,0,,,,,,Matches
305,Felix Nmecha,de GER,MF,Dortmund,23,2000,16.8,,,,,,,,,,,,,,,1,,,,,,Matches
306,Lukas Nmecha,de GER,FW,Wolfsburg,25,1998,5.2,,,,,,,,,,,,,,,0,,,,,,Matches
307,Arnaud Nordin,fr FRA,"FW,MF",Mainz 05,26,1998,0.9,,,,,,,,,,,,,,,0,,,,,,Matches
308,Alexander Nübel,de GER,GK,Stuttgart,27,1996,34.0,,,,,,,,,,,,,,,1,,,,,,Matches
309,Antonio Nusa,no NOR,"MF,DF",RB Leipzig,19,2005,17.3,,,,,,,,,,,,,,,3,,,,,,Matches
310,David Odogu,de GER,DF,Wolfsburg,18,2006,2.2,,,,,,,,,,,,,,,0,,,,,,Matches
311,Tim Oermann,de GER,DF,Bochum,20,2003,24.6,,,,,,,,,,,,,,,2,,,,,,Matches
312,Ifechukwu Ogbus,ch SUI,DF,Freiburg,18,2005,0.2,,,,,,,,,,,,,,,0,,,,,,Matches
313,Finn Ole Becker,de GER,MF,Hoffenheim,24,2000,7.4,,,,,,,,,,,,,,,1,,,,,,Matches
314,Michael Olise,fr FRA,MF,Bayern Munich,22,2001,25.9,,,,,,,,,,,,,,,15,,,,,,Matches
315,Jonas Omlin,ch SUI,GK,Gladbach,30,1994,10.9,,,,,,,,,,,,,,,0,,,,,,Matches
316,Karim Onisiwo,at AUT,MF,Mainz 05,32,1992,1.2,,,,,,,,,,,,,,,0,,,,,,Matches
317,Frank Onyeka,ng NGA,MF,Augsburg,26,1998,28.7,,,,,,,,,,,,,,,1,,,,,,Matches
318,Loïs Openda,be BEL,FW,RB Leipzig,24,2000,27.3,,,,,,,,,,,,,,,5,,,,,,Matches
319,Gift Orban,ng NGA,FW,Hoffenheim,22,2002,7.6,,,,,,,,,,,,,,,0,,,,,,Matches
320,Willi Orban,hu HUN,DF,RB Leipzig,31,1992,24.7,,,,,,,,,,,,,,,0,,,,,,Matches
321,Ivan Ordets,ua UKR,DF,Bochum,32,1992,20.7,,,,,,,,,,,,,,,0,,,,,,Matches
322,Patrick Osterhage,de GER,MF,Freiburg,24,2000,25.2,,,,,,,,,,,,,,,0,,,,,,Matches
323,Assan Ouedraogo,de GER,MF,RB Leipzig,18,2006,0.6,,,,,,,,,,,,,,,0,,,,,,Matches
324,Salih Özcan,tr TUR,MF,Dortmund,26,1998,4.3,,,,,,,,,,,,,,,0,,,,,,Matches
325,Salih Özcan,tr TUR,MF,Wolfsburg,26,1998,3.9,,,,,,,,,,,,,,,0,,,,,,Matches
326,Exequiel Palacios,ar ARG,MF,Leverkusen,25,1998,12.8,,,,,,,,,,,,,,,6,,,,,,Matches
327,João Palhinha,pt POR,MF,Bayern Munich,29,1995,7.5,,,,,,,,,,,,,,,0,,,,,,Matches
328,Mats Pannewig,de GER,MF,Bochum,19,2004,3.0,,,,,,,,,,,,,,,0,,,,,,Matches
329,Kevin Paredes,us USA,MF,Wolfsburg,21,2003,1.4,,,,,,,,,,,,,,,1,,,,,,Matches
330,Felix Passlack,de GER,"MF,DF",Bochum,26,1998,25.9,,,,,,,,,,,,,,,6,,,,,,Matches
331,Aleksandar Pavlovic,de GER,MF,Bayern Munich,20,2004,16.1,,,,,,,,,,,,,,,0,,,,,,Matches
332,Mads Pedersen,dk DEN,DF,Augsburg,27,1996,2.6,,,,,,,,,,,,,,,0,,,,,,Matches
333,Jordan Pefok,us USA,FW,Union Berlin,28,1996,10.1,,,,,,,,,,,,,,,1,,,,,,Matches
334,Daniel Peretz,il ISR,GK,Bayern Munich,24,2000,3.0,,,,,,,,,,,,,,,0,,,,,,Matches
335,Noah Pesch,hr CRO,FW,Gladbach,19,2005,0.1,,,,,,,,,,,,,,,0,,,,,,Matches
336,Luca Philipp,de GER,GK,Hoffenheim,23,2000,6.0,,,,,,,,,,,,,,,0,,,,,,Matches
337,Maximilian Philipp,de GER,"FW,MF",Freiburg,30,1994,0.2,,,,,,,,,,,,,,,0,,,,,,Matches
338,Benedikt Pichler,at AUT,FW,Holstein Kiel,27,1997,8.7,,,,,,,,,,,,,,,2,,,,,,Matches
339,Amos Pieper,de GER,DF,Werder Bremen,26,1998,16.6,,,,,,,,,,,,,,,0,,,,,,Matches
340,Marvin Pieringer,de GER,FW,Heidenheim,24,1999,24.5,,,,,,,,,,,,,,,4,,,,,,Matches
341,Alassane Pléa,fr FRA,MF,Gladbach,31,1993,21.1,,,,,,,,,,,,,,,4,,,,,,Matches
342,Finn Porath,de GER,MF,Holstein Kiel,27,1997,21.9,,,,,,,,,,,,,,,3,,,,,,Matches
343,Yussuf Poulsen,dk DEN,"MF,FW",RB Leipzig,30,1994,4.2,,,,,,,,,,,,,,,0,,,,,,Matches
344,Alexander Prass,at AUT,"MF,DF",Hoffenheim,23,2001,17.4,,,,,,,,,,,,,,,1,,,,,,Matches
345,David Preu,de GER,MF,Union Berlin,19,2004,1.3,,,,,,,,,,,,,,,0,,,,,,Matches
346,Grischa Prömel,de GER,MF,Hoffenheim,29,1995,1.9,,,,,,,,,,,,,,,0,,,,,,Matches
347,Ivan Prtajin,hr CRO,FW,Union Berlin,28,1996,1.8,,,,,,,,,,,,,,,0,,,,,,Matches
348,Tymoteusz Puchacz,pl POL,MF,Holstein Kiel,25,1999,4.4,,,,,,,,,,,,,,,1,,,,,,Matches
349,Leopold Querfeld,at AUT,DF,Union Berlin,20,2003,19.4,,,,,,,,,,,,,,,2,,,,,,Matches
350,Grant Ranos,am ARM,FW,Gladbach,21,2003,0.2,,,,,,,,,,,,,,,0,,,,,,Matches
351,David Raum,de GER,"MF,DF",RB Leipzig,26,1998,19.8,,,,,,,,,,,,,,,5,,,,,,Matches
352,Rocco Reitz,de GER,MF,Gladbach,22,2002,20.3,,,,,,,,,,,,,,,1,,,,,,Matches
353,Nicolai Remberg,de GER,MF,Holstein Kiel,24,2000,26.9,,,,,,,,,,,,,,,1,,,,,,Matches
354,Elvis Rexhbeçaj,xk KVX,MF,Augsburg,26,1997,19.8,,,,,,,,,,,,,,,1,,,,,,Matches
355,Gio Reyna,us USA,MF,Dortmund,21,2002,3.9,,,,,,,,,,,,,,,0,,,,,,Matches
356,Fabian Rieder,ch SUI,MF,Stuttgart,22,2002,9.6,,,,,,,,,,,,,,,3,,,,,,Matches
357,Lasse Rieß,de GER,GK,Mainz 05,23,2001,2.0,,,,,,,,,,,,,,,0,,,,,,Matches
358,Lars Ritzka,de GER,"MF,DF",St Pauli,26,1998,10.2,,,,,,,,,,,,,,,0,,,,,,Matches
359,Mads Roerslev,dk DEN,DF,Wolfsburg,25,1999,3.3,,,,,,,,,,,,,,,0,,,,,,Matches
360,Merlin Röhl,de GER,MF,Freiburg,22,2002,10.7,,,,,,,,,,,,,,,1,,,,,,Matches
361,Lasse Rosenboom,de GER,MF,Holstein Kiel,22,2002,19.3,,,,,,,,,,,,,,,2,,,,,,Matches
362,Max Rosenfelder,de GER,DF,Freiburg,21,2003,13.9,,,,,,,,,,,,,,,0,,,,,,Matches
363,Tom Rothe,de GER,"MF,DF",Union Berlin,19,2004,18.6,,,,,,,,,,,,,,,3,,,,,,Matches
364,Anthony Rouault,fr FRA,DF,Stuttgart,23,2001,13.5,,,,,,,,,,,,,,,0,,,,,,Matches
365,Jérôme Roussillon,fr FRA,DF,Union Berlin,31,1993,1.5,,,,,,,,,,,,,,,0,,,,,,Matches
366,Julian Ryerson,no NOR,"DF,MF",Dortmund,26,1997,25.1,,,,,,,,,,,,,,,3,,,,,,Matches
367,Frederik Rønnow,dk DEN,GK,Union Berlin,31,1992,28.0,,,,,,,,,,,,,,,0,,,,,,Matches
368,Elias Saad,tn TUN,"FW,MF",St Pauli,24,1999,10.0,,,,,,,,,,,,,,,2,,,,,,Matches
369,Marcel Sabitzer,at AUT,MF,Dortmund,30,1994,18.0,,,,,,,,,,,,,,,0,,,,,,Matches
370,Faik Sakar,de GER,MF,RB Leipzig,16,2008,0.0,,,,,,,,,,,,,,,0,,,,,,Matches
371,Manolis Saliakas,gr GRE,MF,St Pauli,27,1996,25.7,,,,,,,,,,,,,,,1,,,,,,Matches
372,Roland Sallai,hu HUN,"DF,FW",Freiburg,27,1997,0.5,,,,,,,,,,,,,,,0,,,,,,Matches
373,Diadie Samassékou,ml MLI,MF,Hoffenheim,28,1996,3.2,,,,,,,,,,,,,,,0,,,,,,Matches
374,Philipp Sander,de GER,MF,Gladbach,26,1998,15.6,,,,,,,,,,,,,,,0,,,,,,Matches
375,James Sands,us USA,MF,St Pauli,24,2000,5.0,,,,,,,,,,,,,,,0,,,,,,Matches
376,Leroy Sané,de GER,MF,Bayern Munich,28,1996,18.2,,,,,,,,,,,,,,,5,,,,,,Matches
377,Kaishu Sano,jp JPN,MF,Mainz 05,23,2000,33.8,,,,,,,,,,,,,,,0,,,,,,Matches
378,Kauã Santos,br BRA,GK,Eintracht Frankfurt,21,2003,8.5,,,,,,,,,,,,,,,0,,,,,,Matches
379,Joe Scally,us USA,DF,Gladbach,21,2002,28.6,,,,,,,,,,,,,,,0,,,,,,Matches
380,András Schäfer,hu HUN,MF,Union Berlin,25,1999,17.0,,,,,,,,,,,,,,,1,,,,,,Matches
381,Patrik Schick,cz CZE,FW,Leverkusen,28,1996,18.7,,,,,,,,,,,,,,,0,,,,,,Matches
382,Stefan Schimmer,de GER,FW,Heidenheim,30,1994,2.7,,,,,,,,,,,,,,,0,,,,,,Matches
383,Xaver Schlager,at AUT,MF,RB Leipzig,26,1997,2.0,,,,,,,,,,,,,,,0,,,,,,Matches
384,Keven Schlotterbeck,de GER,DF,Augsburg,27,1997,14.4,,,,,,,,,,,,,,,1,,,,,,Matches
385,Nico Schlotterbeck,de GER,DF,Dortmund,24,1999,22.0,,,,,,,,,,,,,,,4,,,,,,Matches
386,Romano Schmid,at AUT,MF,Werder Bremen,24,2000,31.5,,,,,,,,,,,,,,,4,,,,,,Matches
387,Jan Schöppner,de GER,MF,Heidenheim,25,1999,29.8,,,,,,,,,,,,,,,3,,,,,,Matches
388,Marvin Schulz,de GER,"DF,MF",Holstein Kiel,29,1995,3.4,,,,,,,,,,,,,,,0,,,,,,Matches
389,Alexander Schwolow,de GER,GK,Union Berlin,32,1992,6.0,,,,,,,,,,,,,,,0,,,,,,Matches
390,Léo Scienza,br BRA,"MF,FW",Heidenheim,25,1998,12.8,,,,,,,,,,,,,,,3,,,,,,Matches
391,Nicolas Seiwald,at AUT,"MF,DF",RB Leipzig,23,2001,23.2,,,,,,,,,,,,,,,0,,,,,,Matches
392,Benjamin Šeško,si SVN,"FW,MF",RB Leipzig,21,2003,26.4,,,,,,,,,,,,,,,5,,,,,,Matches
393,Armindo Sieb,de GER,"MF,FW",Mainz 05,21,2003,8.5,,,,,,,,,,,,,,,2,,,,,,Matches
394,Tim Siersleben,de GER,DF,Heidenheim,24,2000,13.1,,,,,,,,,,,,,,,0,,,,,,Matches
395,Kiliann Sildillia,fr FRA,DF,Freiburg,22,2002,8.9,,,,,,,,,,,,,,,0,,,,,,Matches
396,André Silva,pt POR,FW,Werder Bremen,28,1995,4.2,,,,,,,,,,,,,,,0,,,,,,Matches
397,André Silva,pt POR,FW,RB Leipzig,28,1995,1.5,,,,,,,,,,,,,,,2,,,,,,Matches
398,Mohamed Simakan,fr FRA,DF,RB Leipzig,24,2000,0.6,,,,,,,,,,,,,,,0,,,,,,Matches
399,Xavi Simons,nl NED,MF,RB Leipzig,21,2003,23.9,,,,,,,,,,,,,,,6,,,,,,Matches
400,Danel Sinani,lu LUX,"FW,MF",St Pauli,27,1997,13.9,,,,,,,,,,,,,,,2,,,,,,Matches
401,Tobias Sippel,de GER,GK,Gladbach,36,1988,0.7,,,,,,,,,,,,,,,0,,,,,,Matches
402,Ibrahima Sissoko,ml MLI,MF,Bochum,26,1997,29.0,,,,,,,,,,,,,,,1,,,,,,Matches
403,Tim Skarke,de GER,"FW,MF",Union Berlin,27,1996,12.9,,,,,,,,,,,,,,,2,,,,,,Matches
404,Ellyes Skhiri,tn TUN,MF,Eintracht Frankfurt,29,1995,24.8,,,,,,,,,,,,,,,2,,,,,,Matches
405,Leo Skiri Østigård,no NOR,DF,Hoffenheim,24,1999,10.3,,,,,,,,,,,,,,,0,,,,,,Matches
406,Andreas Skov Olsen,dk DEN,"MF,FW",Wolfsburg,24,1999,5.9,,,,,,,,,,,,,,,1,,,,,,Matches
407,Robert Skov,dk DEN,"MF,DF",Union Berlin,28,1996,9.5,,,,,,,,,,,,,,,2,,,,,,Matches
408,Steven Skrzybski,de GER,"FW,MF",Holstein Kiel,31,1992,14.7,,,,,,,,,,,,,,,3,,,,,,Matches
409,Eric Smith,se SWE,"DF,MF",St Pauli,27,1997,31.4,,,,,,,,,,,,,,,1,,,,,,Matches
410,Anton Stach,de GER,"MF,DF",Hoffenheim,25,1998,28.7,,,,,,,,,,,,,,,2,,,,,,Matches
411,Jens Stage,dk DEN,MF,Werder Bremen,27,1996,24.5,,,,,,,,,,,,,,,5,,,,,,Matches
412,Josip Stanišić,hr CRO,DF,Bayern Munich,24,2000,9.7,,,,,,,,,,,,,,,2,,,,,,Matches
413,Niklas Stark,de GER,DF,Werder Bremen,29,1995,23.4,,,,,,,,,,,,,,,1,,,,,,Matches
414,Pascal Stenzel,de GER,DF,Stuttgart,28,1996,3.2,,,,,,,,,,,,,,,0,,,,,,Matches
415,Leonidas Stergiou,ch SUI,DF,Stuttgart,22,2002,9.5,,,,,,,,,,,,,,,2,,,,,,Matches
416,Finley Stevens,wls WAL,DF,St Pauli,21,2003,0.0,,,,,,,,,,,,,,,0,,,,,,Matches
417,Angelo Stiller,de GER,MF,Stuttgart,23,2001,30.5,,,,,,,,,,,,,,,8,,,,,,Matches
418,Kevin Stöger,at AUT,MF,Gladbach,30,1993,17.2,,,,,,,,,,,,,,,3,,,,,,Matches
419,Niklas Süle,de GER,DF,Dortmund,28,1995,11.7,,,,,,,,,,,,,,,0,,,,,,Matches
420,Mattias Svanberg,se SWE,MF,Wolfsburg,25,1999,13.5,,,,,,,,,,,,,,,1,,,,,,Matches
421,Daniel Svensson,se SWE,"MF,DF",Dortmund,22,2002,8.7,,,,,,,,,,,,,,,3,,,,,,Matches
422,Haris Tabakovic,ba BIH,FW,Hoffenheim,30,1994,9.1,,,,,,,,,,,,,,,1,,,,,,Matches
423,Jonathan Tah,de GER,DF,Leverkusen,28,1996,33.0,,,,,,,,,,,,,,,0,,,,,,Matches
424,Edmond Tapsoba,bf BFA,DF,Leverkusen,25,1999,27.9,,,,,,,,,,,,,,,0,,,,,,Matches
425,Mathys Tel,fr FRA,MF,Bayern Munich,19,2005,2.8,,,,,,,,,,,,,,,1,,,,,,Matches
426,Nathan Tella,ng NGA,"MF,FW",Leverkusen,25,1999,15.1,,,,,,,,,,,,,,,4,,,,,,Matches
427,Martin Terrier,fr FRA,"MF,FW",Leverkusen,27,1997,6.5,,,,,,,,,,,,,,,1,,,,,,Matches
428,Arthur Theate,be BEL,DF,Eintracht Frankfurt,24,2000,30.0,,,,,,,,,,,,,,,0,,,,,,Matches
429,Norman Theuerkauf,de GER,"DF,MF",Heidenheim,37,1987,0.2,,,,,,,,,,,,,,,0,,,,,,Matches
430,Denis Thomalla,de GER,"FW,MF",Heidenheim,31,1992,0.0,,,,,,,,,,,,,,,0,,,,,,Matches
431,Phillip Tietz,de GER,FW,Augsburg,27,1997,18.7,,,,,,,,,,,,,,,2,,,,,,Matches
432,Umut Tohumcu,de GER,MF,Hoffenheim,19,2004,4.2,,,,,,,,,,,,,,,1,,,,,,Matches
433,John Tolkin,us USA,"MF,DF",Holstein Kiel,22,2002,8.2,,,,,,,,,,,,,,,2,,,,,,Matches
434,Tiago Tomás,pt POR,"MF,FW",Wolfsburg,22,2002,20.9,,,,,,,,,,,,,,,1,,,,,,Matches
435,Keke Topp,de GER,FW,Werder Bremen,20,2004,2.8,,,,,,,,,,,,,,,2,,,,,,Matches
436,Bazoumana Touré,ci CIV,"MF,FW",Hoffenheim,18,2006,6.8,,,,,,,,,,,,,,,3,,,,,,Matches
437,Lucas Tousart,fr FRA,MF,Union Berlin,27,1997,6.2,,,,,,,,,,,,,,,1,,,,,,Matches
438,Omar Traoré,de GER,"DF,MF",Heidenheim,26,1998,29.1,,,,,,,,,,,,,,,1,,,,,,Matches
439,Kevin Trapp,de GER,GK,Eintracht Frankfurt,34,1990,25.5,,,,,,,,,,,,,,,0,,,,,,Matches
440,Philipp Treu,de GER,MF,St Pauli,23,2000,32.0,,,,,,,,,,,,,,,2,,,,,,Matches
441,Christopher Trimmel,at AUT,"MF,DF",Union Berlin,37,1987,19.3,,,,,,,,,,,,,,,3,,,,,,Matches
442,Tuta,br BRA,"DF,MF",Eintracht Frankfurt,25,1999,25.3,,,,,,,,,,,,,,,1,,,,,,Matches
443,Lukas Ullrich,de GER,DF,Gladbach,20,2004,21.1,,,,,,,,,,,,,,,2,,,,,,Matches
444,Sven Ulreich,de GER,GK,Bayern Munich,35,1988,1.0,,,,,,,,,,,,,,,0,,,,,,Matches
445,Deniz Undav,de GER,"FW,MF",Stuttgart,28,1996,19.2,,,,,,,,,,,,,,,3,,,,,,Matches
446,Dayot Upamecano,fr FRA,DF,Bayern Munich,25,1998,19.5,,,,,,,,,,,,,,,0,,,,,,Matches
447,Jonas Urbig,de GER,GK,Bayern Munich,20,2003,8.0,,,,,,,,,,,,,,,0,,,,,,Matches
448,Can Uzun,tr TUR,MF,Eintracht Frankfurt,18,2005,7.5,,,,,,,,,,,,,,,1,,,,,,Matches
449,Josha Vagnoman,de GER,"DF,MF",Stuttgart,23,2000,20.4,,,,,,,,,,,,,,,1,,,,,,Matches
450,Siebe Van Der Heyden,be BEL,"DF,MF",St Pauli,26,1998,9.7,,,,,,,,,,,,,,,0,,,,,,Matches
451,Maarten Vandevoordt,be BEL,GK,RB Leipzig,22,2002,4.8,,,,,,,,,,,,,,,0,,,,,,Matches
452,Ruben Vargas,ch SUI,MF,Augsburg,25,1998,3.4,,,,,,,,,,,,,,,0,,,,,,Matches
453,Nikola Vasilj,ba BIH,GK,St Pauli,28,1995,33.0,,,,,,,,,,,,,,,0,,,,,,Matches
454,Denis Vavro,sk SVK,DF,Wolfsburg,28,1996,27.3,,,,,,,,,,,,,,,0,,,,,,Matches
455,Miloš Veljković,rs SRB,DF,Werder Bremen,28,1995,11.4,,,,,,,,,,,,,,,1,,,,,,Matches
456,Nikolas Veratschnig,at AUT,MF,Mainz 05,21,2003,4.0,,,,,,,,,,,,,,,0,,,,,,Matches
457,Arthur Vermeeren,be BEL,MF,RB Leipzig,19,2005,17.5,,,,,,,,,,,,,,,2,,,,,,Matches
458,Yorbe Vertessen,be BEL,"MF,FW",Union Berlin,23,2001,8.0,,,,,,,,,,,,,,,0,,,,,,Matches
459,Gabriel Vidovic,hr CRO,MF,Mainz 05,20,2003,0.0,,,,,,,,,,,,,,,0,,,,,,Matches
460,Gabriel Vidovic,hr CRO,MF,Bayern Munich,20,2003,0.3,,,,,,,,,,,,,,,0,,,,,,Matches
461,Kevin Vogt,de GER,DF,Union Berlin,32,1991,15.2,,,,,,,,,,,,,,,0,,,,,,Matches
462,Kevin Volland,de GER,"FW,MF",Union Berlin,32,1992,0.7,,,,,,,,,,,,,,,0,,,,,,Matches
463,Aster Vranckx,be BEL,MF,Wolfsburg,21,2002,6.2,,,,,,,,,,,,,,,0,,,,,,Matches
464,Robert Wagner,de GER,MF,St Pauli,21,2003,4.5,,,,,,,,,,,,,,,0,,,,,,Matches
465,Elye Wahi,fr FRA,FW,Eintracht Frankfurt,21,2003,2.2,,,,,,,,,,,,,,,0,,,,,,Matches
466,Hauke Wahl,de GER,DF,St Pauli,30,1994,33.0,,,,,,,,,,,,,,,0,,,,,,Matches
467,Paul Wanner,de GER,"MF,FW",Heidenheim,18,2005,19.7,,,,,,,,,,,,,,,2,,,,,,Matches
468,Kjell-Arik Wätjen,de GER,MF,Dortmund,18,2006,0.2,,,,,,,,,,,,,,,0,,,,,,Matches
469,Julian Weigl,de GER,MF,Gladbach,28,1995,32.0,,,,,,,,,,,,,,,2,,,,,,Matches
470,Timon Weiner,de GER,GK,Holstein Kiel,25,1999,25.0,,,,,,,,,,,,,,,0,,,,,,Matches
471,Nelson Weiper,de GER,FW,Mainz 05,19,2005,7.8,,,,,,,,,,,,,,,2,,,,,,Matches
472,Mitchell Weiser,de GER,MF,Werder Bremen,30,1994,31.9,,,,,,,,,,,,,,,9,,,,,,Matches
473,Noah Weißhaupt,de GER,"FW,MF",Freiburg,22,2001,0.9,,,,,,,,,,,,,,,0,,,,,,Matches
474,Noah Weißhaupt,de GER,"FW,MF",St Pauli,22,2001,12.9,,,,,,,,,,,,,,,0,,,,,,Matches
475,Silvan Widmer,ch SUI,MF,Mainz 05,31,1993,5.6,,,,,,,,,,,,,,,1,,,,,,Matches
476,Patrick Wimmer,at AUT,"MF,FW",Wolfsburg,23,2001,19.7,,,,,,,,,,,,,,,4,,,,,,Matches
477,Jonas Wind,dk DEN,"FW,MF",Wolfsburg,25,1999,21.8,,,,,,,,,,,,,,,3,,,,,,Matches
478,Florian Wirtz,de GER,MF,Leverkusen,21,2003,26.1,,,,,,,,,,,,,,,12,,,,,,Matches
479,Dani de Wit,nl NED,"MF,FW",Bochum,26,1998,12.8,,,,,,,,,,,,,,,1,,,,,,Matches
480,Maximilian Wittek,de GER,"DF,MF",Bochum,28,1995,30.1,,,,,,,,,,,,,,,0,,,,,,Matches
481,Marius Wolf,de GER,MF,Augsburg,29,1995,23.8,,,,,,,,,,,,,,,3,,,,,,Matches
482,Nick Woltemade,de GER,"FW,MF",Stuttgart,22,2002,18.0,,,,,,,,,,,,,,,2,,,,,,Matches
483,Jeong Woo-yeong,kr KOR,"MF,FW",Union Berlin,24,1999,14.0,,,,,,,,,,,,,,,2,,,,,,Matches
484,Granit Xhaka,ch SUI,MF,Leverkusen,31,1992,32.1,,,,,,,,,,,,,,,7,,,,,,Matches
485,Erencan Yardimci,tr TUR,FW,Hoffenheim,22,2002,3.5,,,,,,,,,,,,,,,0,,,,,,Matches
486,Dan-Axel Zagadou,fr FRA,DF,Stuttgart,25,1999,0.3,,,,,,,,,,,,,,,0,,,,,,Matches
487,David Zec,si SVN,DF,Holstein Kiel,24,2000,17.1,,,,,,,,,,,,,,,0,,,,,,Matches
488,Robin Zentner,de GER,GK,Mainz 05,29,1994,32.0,,,,,,,,,,,,,,,0,,,,,,Matches
489,Cedric Zesiger,ch SUI,DF,Augsburg,26,1998,13.6,,,,,,,,,,,,,,,2,,,,,,Matches
490,Cedric Zesiger,ch SUI,DF,Wolfsburg,26,1998,5.8,,,,,,,,,,,,,,,0,,,,,,Matches
491,Michael Zetterer,de GER,GK,Werder Bremen,29,1995,34.0,,,,,,,,,,,,,,,0,,,,,,Matches
492,Budu Zivzivadze,ge GEO,FW,Heidenheim,30,1994,10.6,,,,,,,,,,,,,,,3,,,,,,Matches
