Rk,Player,Nation,Pos,Squad,Age,Born,90s,Touches,Def Pen,Def 3rd,Mid 3rd,Att 3rd,Att Pen,Live,Att,Succ,Succ%,Tkld,Tkld%,Carries,TotDist,PrgDist,1/3,CPA,Mis,Dis,Rec,Matches
1,Max Aarons,eng ENG,DF,Bournemouth,24,2000,1.0,,,,,,,,,,,,,,,,,,,,,Matches
2,Joshua Acheampong,eng ENG,DF,Chelsea,18,2006,1.9,,,,,,,,,,,,,,,,,,,,,Matches
3,Tyler Adams,us USA,MF,Bournemouth,25,1999,21.8,,,,,,,,,,,,,,,,,,,,,Matches
4,Tosin Adarabioyo,eng ENG,DF,Chelsea,26,1997,15.7,,,,,,,,,,,,,,,,,,,,,Matches
5,Simon Adingra,ci CIV,MF,Brighton,22,2002,12.2,,,,,,,,,,,,,,,,,,,,,Matches
6,Emmanuel Agbadou,ci CIV,DF,Wolves,27,1997,15.7,,,,,,,,,,,,,,,,,,,,,Matches
7,Asher Agbinone,eng ENG,MF,Crystal Palace,18,2005,0.1,,,,,,,,,,,,,,,,,,,,,Matches
8,Ola Aina,ng NGA,DF,Nottingham Forest,27,1996,33.3,,,,,,,,,,,,,,,,,,,,,Matches
9,Rayan Aït-Nouri,dz ALG,"MF,DF",Wolves,23,2001,34.5,,,,,,,,,,,,,,,,,,,,,Matches
10,Kristoffer Ajer,no NOR,DF,Brentford,26,1998,16.0,,,,,,,,,,,,,,,,,,,,,Matches
11,Manuel Akanji,ch SUI,"DF,MF",Manchester City,29,1995,22.4,,,,,,,,,,,,,,,,,,,,,Matches
12,Nathan Aké,nl NED,DF,Manchester City,29,1995,7.5,,,,,,,,,,,,,,,,,,,,,Matches
13,Carlos Alcaraz,ar ARG,MF,Southampton,21,2002,0.1,,,,,,,,,,,,,,,,,,,,,Matches
14,Carlos Alcaraz,ar ARG,MF,Everton,21,2002,8.5,,,,,,,,,,,,,,,,,,,,,Matches
15,Trent Alexander-Arnold,eng ENG,DF,Liverpool,25,1998,26.3,,,,,,,,,,,,,,,,,,,,,Matches
16,Alisson,br BRA,GK,Liverpool,31,1992,27.9,,,,,,,,,,,,,,,,,,,,,Matches
17,Miguel Almirón,py PAR,FW,Newcastle United,30,1994,1.7,,,,,,,,,,,,,,,,,,,,,Matches
18,Olabade Aluko,,DF,Leicester City,,,0.0,,,,,,,,,,,,,,,,,,,,,Matches
19,Edson Álvarez,mx MEX,MF,West Ham United,26,1997,19.7,,,,,,,,,,,,,,,,,,,,,Matches
20,Will Alves,eng ENG,MF,Leicester City,19,2005,0.0,,,,,,,,,,,,,,,,,,,,,Matches
21,Harry Amass,eng ENG,MF,Manchester Utd,17,2007,3.8,,,,,,,,,,,,,,,,,,,,,Matches
22,Samuel Amo-Ameyaw,eng ENG,"FW,MF",Southampton,18,2006,0.3,,,,,,,,,,,,,,,,,,,,,Matches
23,Mathis Amougou,fr FRA,MF,Chelsea,18,2006,0.1,,,,,,,,,,,,,,,,,,,,,Matches
24,Joachim Andersen,dk DEN,DF,Crystal Palace,28,1996,1.0,,,,,,,,,,,,,,,,,,,,,Matches
25,Joachim Andersen,dk DEN,DF,Fulham,28,1996,28.7,,,,,,,,,,,,,,,,,,,,,Matches
26,Elliot Anderson,eng ENG,MF,Nottingham Forest,21,2002,30.3,,,,,,,,,,,,,,,,,,,,,Matches
27,André,br BRA,MF,Wolves,23,2001,27.5,,,,,,,,,,,,,,,,,,,,,Matches
28,Michail Antonio,jm JAM,FW,West Ham United,34,1990,9.3,,,,,,,,,,,,,,,,,,,,,Matches
29,Antony,br BRA,"FW,MF",Manchester Utd,24,2000,1.6,,,,,,,,,,,,,,,,,,,,,Matches
30,Julian Araujo,mx MEX,DF,Bournemouth,22,2001,5.5,,,,,,,,,,,,,,,,,,,,,Matches
31,Cameron Archer,eng ENG,FW,Southampton,23,2001,16.0,,,,,,,,,,,,,,,,,,,,,Matches
32,Alphonse Areola,fr FRA,GK,West Ham United,31,1993,25.1,,,,,,,,,,,,,,,,,,,,,Matches
33,Joe Aribo,ng NGA,MF,Southampton,28,1996,22.4,,,,,,,,,,,,,,,,,,,,,Matches
34,Adam Armstrong,eng ENG,"FW,MF",Southampton,27,1997,13.9,,,,,,,,,,,,,,,,,,,,,Matches
35,Harrison Armstrong,eng ENG,MF,Everton,17,2007,0.5,,,,,,,,,,,,,,,,,,,,,Matches
36,Kepa Arrizabalaga,es ESP,GK,Bournemouth,29,1994,31.0,,,,,,,,,,,,,,,,,,,,,Matches
37,Marco Asensio,es ESP,MF,Aston Villa,28,1996,8.3,,,,,,,,,,,,,,,,,,,,,Matches
38,Brandon Austin,eng ENG,GK,Tottenham Hotspur,25,1999,1.0,,,,,,,,,,,,,,,,,,,,,Matches
39,Taiwo Awoniyi,ng NGA,FW,Nottingham Forest,26,1997,4.6,,,,,,,,,,,,,,,,,,,,,Matches
40,Yasin Ayari,se SWE,MF,Brighton,20,2003,21.8,,,,,,,,,,,,,,,,,,,,,Matches
41,Jordan Ayew,gh GHA,"FW,MF",Crystal Palace,32,1991,0.2,,,,,,,,,,,,,,,,,,,,,Matches
42,Jordan Ayew,gh GHA,MF,Leicester City,32,1991,18.2,,,,,,,,,,,,,,,,,,,,,Matches
43,Benoît Badiashile,fr FRA,DF,Chelsea,23,2001,3.7,,,,,,,,,,,,,,,,,,,,,Matches
44,Leon Bailey,jm JAM,MF,Aston Villa,26,1997,12.7,,,,,,,,,,,,,,,,,,,,,Matches
45,Carlos Baleba,cm CMR,MF,Brighton,20,2004,29.6,,,,,,,,,,,,,,,,,,,,,Matches
46,Ross Barkley,eng ENG,MF,Aston Villa,30,1993,6.5,,,,,,,,,,,,,,,,,,,,,Matches
47,Harvey Barnes,eng ENG,"FW,MF",Newcastle United,26,1997,19.5,,,,,,,,,,,,,,,,,,,,,Matches
48,Calvin Bassey,ng NGA,DF,Fulham,24,1999,34.2,,,,,,,,,,,,,,,,,,,,,Matches
49,Altay Bayındır,tr TUR,GK,Manchester Utd,26,1998,4.0,,,,,,,,,,,,,,,,,,,,,Matches
50,Jan Bednarek,pl POL,DF,Southampton,28,1996,28.1,,,,,,,,,,,,,,,,,,,,,Matches
51,Armel Bella Kotchap,de GER,DF,Southampton,22,2001,3.7,,,,,,,,,,,,,,,,,,,,,Matches
52,Jean-Ricner Bellegarde,ht HAI,MF,Wolves,26,1998,18.6,,,,,,,,,,,,,,,,,,,,,Matches
53,Rodrigo Bentancur,uy URU,MF,Tottenham Hotspur,27,1997,18.3,,,,,,,,,,,,,,,,,,,,,Matches
54,Daniel Bentley,eng ENG,GK,Wolves,31,1993,2.0,,,,,,,,,,,,,,,,,,,,,Matches
55,Sander Berge,no NOR,MF,Fulham,26,1998,24.7,,,,,,,,,,,,,,,,,,,,,Matches
56,Lucas Bergvall,se SWE,MF,Tottenham Hotspur,18,2006,13.5,,,,,,,,,,,,,,,,,,,,,Matches
57,Victor Bernth Kristiansen,dk DEN,"DF,MF",Leicester City,21,2002,27.6,,,,,,,,,,,,,,,,,,,,,Matches
58,Beto,gw GNB,FW,Everton,26,1998,17.0,,,,,,,,,,,,,,,,,,,,,Matches
59,Philip Billing,dk DEN,MF,Bournemouth,28,1996,2.0,,,,,,,,,,,,,,,,,,,,,Matches
60,Yves Bissouma,ml MLI,MF,Tottenham Hotspur,27,1996,15.6,,,,,,,,,,,,,,,,,,,,,Matches
61,Oscar Bobb,no NOR,"FW,MF",Manchester City,21,2003,0.2,,,,,,,,,,,,,,,,,,,,,Matches
62,Lamare Bogarde,nl NED,"DF,MF",Aston Villa,20,2004,5.3,,,,,,,,,,,,,,,,,,,,,Matches
63,Willy Boly,ci CIV,DF,Nottingham Forest,33,1991,1.7,,,,,,,,,,,,,,,,,,,,,Matches
64,Sven Botman,nl NED,DF,Newcastle United,24,2000,4.6,,,,,,,,,,,,,,,,,,,,,Matches
65,Jarrod Bowen,eng ENG,"MF,FW",West Ham United,27,1996,33.0,,,,,,,,,,,,,,,,,,,,,Matches
66,Conor Bradley,nir NIR,DF,Liverpool,21,2003,8.4,,,,,,,,,,,,,,,,,,,,,Matches
67,Jarrad Branthwaite,eng ENG,DF,Everton,22,2002,27.9,,,,,,,,,,,,,,,,,,,,,Matches
68,James Bree,eng ENG,"DF,MF",Southampton,26,1997,11.9,,,,,,,,,,,,,,,,,,,,,Matches
69,Ben Brereton,cl CHI,"FW,MF",Southampton,25,1999,5.0,,,,,,,,,,,,,,,,,,,,,Matches
70,Nathan Broadhead,wls WAL,MF,Ipswich Town,26,1998,7.8,,,,,,,,,,,,,,,,,,,,,Matches
71,Armando Broja,al ALB,FW,Everton,22,2001,3.7,,,,,,,,,,,,,,,,,,,,,Matches
72,David Brooks,wls WAL,MF,Bournemouth,27,1997,10.7,,,,,,,,,,,,,,,,,,,,,Matches
73,Emi Buendía,ar ARG,"FW,MF",Aston Villa,27,1996,1.1,,,,,,,,,,,,,,,,,,,,,Matches
74,Santiago Bueno,uy URU,DF,Wolves,25,1998,18.7,,,,,,,,,,,,,,,,,,,,,Matches
75,Facundo Buonanotte,ar ARG,"MF,FW",Leicester City,19,2004,16.9,,,,,,,,,,,,,,,,,,,,,Matches
76,Cameron Burgess,au AUS,DF,Ipswich Town,28,1995,17.1,,,,,,,,,,,,,,,,,,,,,Matches
77,Dan Burn,eng ENG,DF,Newcastle United,32,1992,37.0,,,,,,,,,,,,,,,,,,,,,Matches
78,Wes Burns,wls WAL,MF,Ipswich Town,29,1994,10.3,,,,,,,,,,,,,,,,,,,,,Matches
79,Nathan Butler-Oyedeji,eng ENG,FW,Arsenal,21,2003,0.1,,,,,,,,,,,,,,,,,,,,,Matches
80,Moisés Caicedo,ec ECU,"MF,DF",Chelsea,22,2001,37.2,,,,,,,,,,,,,,,,,,,,,Matches
81,Tom Cairney,sct SCO,MF,Fulham,33,1991,7.0,,,,,,,,,,,,,,,,,,,,,Matches
82,Jens Cajuste,se SWE,MF,Ipswich Town,24,1999,21.8,,,,,,,,,,,,,,,,,,,,,Matches
83,Riccardo Calafiori,it ITA,DF,Arsenal,22,2002,10.9,,,,,,,,,,,,,,,,,,,,,Matches
84,Dominic Calvert-Lewin,eng ENG,FW,Everton,27,1997,17.9,,,,,,,,,,,,,,,,,,,,,Matches
85,Diego Carlos,br BRA,DF,Aston Villa,31,1993,9.2,,,,,,,,,,,,,,,,,,,,,Matches
86,Fabio Carvalho,pt POR,"FW,MF",Brentford,21,2002,5.1,,,,,,,,,,,,,,,,,,,,,Matches
87,Casemiro,br BRA,MF,Manchester Utd,32,1992,16.6,,,,,,,,,,,,,,,,,,,,,Matches
88,Kaelan Casey,eng ENG,DF,West Ham United,19,2004,0.0,,,,,,,,,,,,,,,,,,,,,Matches
89,Matty Cash,pl POL,DF,Aston Villa,26,1997,23.0,,,,,,,,,,,,,,,,,,,,,Matches
90,Eiran Cashin,ie IRL,DF,Brighton,22,2001,0.2,,,,,,,,,,,,,,,,,,,,,Matches
91,Timothy Castagne,be BEL,"DF,MF",Fulham,28,1995,18.3,,,,,,,,,,,,,,,,,,,,,Matches
92,Trevoh Chalobah,eng ENG,DF,Chelsea,25,1999,10.1,,,,,,,,,,,,,,,,,,,,,Matches
93,Trevoh Chalobah,eng ENG,DF,Crystal Palace,25,1999,11.8,,,,,,,,,,,,,,,,,,,,,Matches
94,Conor Chaplin,eng ENG,"MF,FW",Ipswich Town,27,1997,9.5,,,,,,,,,,,,,,,,,,,,,Matches
95,Youssef Chermiti,pt POR,FW,Everton,20,2004,0.5,,,,,,,,,,,,,,,,,,,,,Matches
96,Federico Chiesa,it ITA,FW,Liverpool,26,1997,1.2,,,,,,,,,,,,,,,,,,,,,Matches
97,Ben Chilwell,eng ENG,MF,Crystal Palace,27,1996,2.9,,,,,,,,,,,,,,,,,,,,,Matches
98,Chiquinho,pt POR,MF,Wolves,24,2000,0.1,,,,,,,,,,,,,,,,,,,,,Matches
99,Hamza Choudhury,bd BAN,MF,Leicester City,26,1997,1.5,,,,,,,,,,,,,,,,,,,,,Matches
100,Ryan Christie,sct SCO,MF,Bournemouth,29,1995,23.5,,,,,,,,,,,,,,,,,,,,,Matches
101,Harry Clarke,eng ENG,DF,Ipswich Town,23,2001,4.2,,,,,,,,,,,,,,,,,,,,,Matches
102,Jack Clarke,eng ENG,MF,Ipswich Town,23,2000,13.1,,,,,,,,,,,,,,,,,,,,,Matches
103,Nathaniel Clyne,eng ENG,"DF,MF",Crystal Palace,33,1991,5.4,,,,,,,,,,,,,,,,,,,,,Matches
104,Conor Coady,eng ENG,DF,Leicester City,31,1993,19.0,,,,,,,,,,,,,,,,,,,,,Matches
105,Séamus Coleman,ie IRL,DF,Everton,35,1988,2.4,,,,,,,,,,,,,,,,,,,,,Matches
106,Nathan Collins,ie IRL,DF,Brentford,23,2001,38.0,,,,,,,,,,,,,,,,,,,,,Matches
107,Toby Collyer,eng ENG,MF,Manchester Utd,20,2004,2.0,,,,,,,,,,,,,,,,,,,,,Matches
108,Levi Colwill,eng ENG,DF,Chelsea,21,2003,35.0,,,,,,,,,,,,,,,,,,,,,Matches
109,Lewis Cook,eng ENG,"MF,DF",Bournemouth,27,1997,33.1,,,,,,,,,,,,,,,,,,,,,Matches
110,Maxwel Cornet,ci CIV,MF,Southampton,27,1996,0.8,,,,,,,,,,,,,,,,,,,,,Matches
111,Vladimír Coufal,cz CZE,"DF,MF",West Ham United,31,1992,11.9,,,,,,,,,,,,,,,,,,,,,Matches
112,Woyo Coulibaly,ml MLI,DF,Leicester City,25,1999,1.2,,,,,,,,,,,,,,,,,,,,,Matches
113,Aaron Cresswell,eng ENG,DF,West Ham United,34,1989,9.2,,,,,,,,,,,,,,,,,,,,,Matches
114,Marc Cucurella,es ESP,DF,Chelsea,26,1998,33.2,,,,,,,,,,,,,,,,,,,,,Matches
115,Jorge Cuenca,es ESP,DF,Fulham,24,1999,3.9,,,,,,,,,,,,,,,,,,,,,Matches
116,Matheus Cunha,br BRA,MF,Wolves,25,1999,28.9,,,,,,,,,,,,,,,,,,,,,Matches
117,Patson Daka,zm ZAM,"MF,FW",Leicester City,25,1998,8.2,,,,,,,,,,,,,,,,,,,,,Matches
118,Diogo Dalot,pt POR,"MF,DF",Manchester Utd,25,1999,31.3,,,,,,,,,,,,,,,,,,,,,Matches
119,Mikkel Damsgaard,dk DEN,MF,Brentford,24,2000,32.3,,,,,,,,,,,,,,,,,,,,,Matches
120,Danilo,br BRA,MF,Nottingham Forest,23,2001,3.1,,,,,,,,,,,,,,,,,,,,,Matches
121,Jayden Danns,eng ENG,FW,Liverpool,18,2006,0.1,,,,,,,,,,,,,,,,,,,,,Matches
122,Kevin Danso,at AUT,DF,Tottenham Hotspur,25,1998,9.4,,,,,,,,,,,,,,,,,,,,,Matches
123,Ben Davies,wls WAL,DF,Tottenham Hotspur,31,1993,14.8,,,,,,,,,,,,,,,,,,,,,Matches
124,Leif Davis,eng ENG,DF,Ipswich Town,24,2000,30.5,,,,,,,,,,,,,,,,,,,,,Matches
125,Craig Dawson,eng ENG,DF,Wolves,34,1990,10.8,,,,,,,,,,,,,,,,,,,,,Matches
126,Kevin De Bruyne,be BEL,"MF,FW",Manchester City,33,1991,18.9,,,,,,,,,,,,,,,,,,,,,Matches
127,Bobby De Cordova-Reid,jm JAM,"MF,FW",Leicester City,31,1993,8.3,,,,,,,,,,,,,,,,,,,,,Matches
128,Liam Delap,eng ENG,FW,Ipswich Town,21,2003,28.8,,,,,,,,,,,,,,,,,,,,,Matches
129,Sepp van den Berg,nl NED,DF,Brentford,22,2001,28.7,,,,,,,,,,,,,,,,,,,,,Matches
130,Justin Devenny,nir NIR,MF,Crystal Palace,20,2003,5.6,,,,,,,,,,,,,,,,,,,,,Matches
131,Kiernan Dewsbury-Hall,eng ENG,MF,Chelsea,25,1998,2.9,,,,,,,,,,,,,,,,,,,,,Matches
132,Amad Diallo,ci CIV,"MF,FW",Manchester Utd,22,2002,21.1,,,,,,,,,,,,,,,,,,,,,Matches
133,Rúben Dias,pt POR,"DF,MF",Manchester City,27,1997,25.2,,,,,,,,,,,,,,,,,,,,,Matches
134,Luis Díaz,co COL,"FW,MF",Liverpool,27,1997,26.7,,,,,,,,,,,,,,,,,,,,,Matches
135,Tyler Dibling,eng ENG,"MF,FW",Southampton,18,2006,20.8,,,,,,,,,,,,,,,,,,,,,Matches
136,Lucas Digne,fr FRA,DF,Aston Villa,31,1993,26.1,,,,,,,,,,,,,,,,,,,,,Matches
137,Issa Diop,fr FRA,DF,Fulham,27,1997,14.9,,,,,,,,,,,,,,,,,,,,,Matches
138,Axel Disasi,fr FRA,DF,Aston Villa,26,1998,5.4,,,,,,,,,,,,,,,,,,,,,Matches
139,Axel Disasi,fr FRA,DF,Chelsea,26,1998,4.0,,,,,,,,,,,,,,,,,,,,,Matches
140,Roman Dixon,eng ENG,DF,Everton,19,2004,1.0,,,,,,,,,,,,,,,,,,,,,Matches
141,Nasser Djiga,bf BFA,DF,Wolves,21,2002,0.7,,,,,,,,,,,,,,,,,,,,,Matches
142,Matt Doherty,ie IRL,"DF,MF",Wolves,32,1992,23.4,,,,,,,,,,,,,,,,,,,,,Matches
143,Jeremy Doku,be BEL,"MF,FW",Manchester City,22,2002,16.8,,,,,,,,,,,,,,,,,,,,,Matches
144,Nicolás Domínguez,ar ARG,MF,Nottingham Forest,26,1998,21.8,,,,,,,,,,,,,,,,,,,,,Matches
145,Patrick Dorgu,dk DEN,MF,Manchester Utd,19,2004,9.4,,,,,,,,,,,,,,,,,,,,,Matches
146,Alfie Dorrington,eng ENG,DF,Tottenham Hotspur,19,2005,0.2,,,,,,,,,,,,,,,,,,,,,Matches
147,Abdoulaye Doucouré,ml MLI,MF,Everton,31,1993,28.5,,,,,,,,,,,,,,,,,,,,,Matches
148,Cheick Doucouré,ml MLI,MF,Crystal Palace,24,2000,5.0,,,,,,,,,,,,,,,,,,,,,Matches
149,Flynn Downes,eng ENG,MF,Southampton,25,1999,23.9,,,,,,,,,,,,,,,,,,,,,Matches
150,Tommy Doyle,eng ENG,MF,Wolves,22,2001,5.4,,,,,,,,,,,,,,,,,,,,,Matches
151,Radu Drăgușin,ro ROU,DF,Tottenham Hotspur,22,2002,13.9,,,,,,,,,,,,,,,,,,,,,Matches
152,Martin Dúbravka,sk SVK,GK,Newcastle United,35,1989,10.0,,,,,,,,,,,,,,,,,,,,,Matches
153,Lewis Dunk,eng ENG,DF,Brighton,32,1991,23.1,,,,,,,,,,,,,,,,,,,,,Matches
154,Jáder Durán,co COL,FW,Aston Villa,20,2003,7.1,,,,,,,,,,,,,,,,,,,,,Matches
155,Claudio Echeverri,ar ARG,MF,Manchester City,18,2006,0.1,,,,,,,,,,,,,,,,,,,,,Matches
156,Ederson,br BRA,GK,Manchester City,30,1993,25.8,,,,,,,,,,,,,,,,,,,,,Matches
157,George Edmundson,eng ENG,DF,Ipswich Town,26,1997,0.0,,,,,,,,,,,,,,,,,,,,,Matches
158,Odsonne Édouard,fr FRA,FW,Leicester City,26,1998,0.3,,,,,,,,,,,,,,,,,,,,,Matches
159,Odsonne Édouard,fr FRA,MF,Crystal Palace,26,1998,1.3,,,,,,,,,,,,,,,,,,,,,Matches
160,Samuel Edozie,eng ENG,"FW,MF",Southampton,21,2003,0.7,,,,,,,,,,,,,,,,,,,,,Matches
161,Ronnie Edwards,eng ENG,DF,Southampton,21,2003,0.1,,,,,,,,,,,,,,,,,,,,,Matches
162,Anthony Elanga,se SWE,"MF,FW",Nottingham Forest,22,2002,27.8,,,,,,,,,,,,,,,,,,,,,Matches
163,Harvey Elliott,eng ENG,MF,Liverpool,21,2003,4.1,,,,,,,,,,,,,,,,,,,,,Matches
164,Yunus Emre Konak,tr TUR,MF,Brentford,18,2006,0.5,,,,,,,,,,,,,,,,,,,,,Matches
165,Julio Enciso,py PAR,MF,Ipswich Town,20,2004,9.7,,,,,,,,,,,,,,,,,,,,,Matches
166,Julio Enciso,py PAR,MF,Brighton,20,2004,3.3,,,,,,,,,,,,,,,,,,,,,Matches
167,Wataru Endo,jp JPN,MF,Liverpool,31,1993,3.0,,,,,,,,,,,,,,,,,,,,,Matches
168,Christian Eriksen,dk DEN,MF,Manchester Utd,32,1992,11.8,,,,,,,,,,,,,,,,,,,,,Matches
169,Romain Esse,eng ENG,MF,Crystal Palace,19,2005,1.5,,,,,,,,,,,,,,,,,,,,,Matches
170,Pervis Estupiñán,ec ECU,DF,Brighton,26,1998,26.7,,,,,,,,,,,,,,,,,,,,,Matches
171,Evanilson,br BRA,FW,Bournemouth,24,1999,25.8,,,,,,,,,,,,,,,,,,,,,Matches
172,Jake Evans,eng ENG,MF,Leicester City,15,2008,0.3,,,,,,,,,,,,,,,,,,,,,Matches
173,Jonny Evans,nir NIR,DF,Manchester Utd,36,1988,3.5,,,,,,,,,,,,,,,,,,,,,Matches
174,Eberechi Eze,eng ENG,MF,Crystal Palace,26,1998,28.8,,,,,,,,,,,,,,,,,,,,,Matches
175,Łukasz Fabiański,pl POL,GK,West Ham United,39,1985,12.9,,,,,,,,,,,,,,,,,,,,,Matches
176,Wout Faes,be BEL,DF,Leicester City,26,1998,31.3,,,,,,,,,,,,,,,,,,,,,Matches
177,Abdul Fatawu Issahaku,gh GHA,"MF,FW",Leicester City,20,2004,6.4,,,,,,,,,,,,,,,,,,,,,Matches
178,João Félix,pt POR,MF,Chelsea,24,1999,4.1,,,,,,,,,,,,,,,,,,,,,Matches
179,Evan Ferguson,ie IRL,FW,Brighton,19,2004,2.7,,,,,,,,,,,,,,,,,,,,,Matches
180,Evan Ferguson,ie IRL,FW,West Ham United,19,2004,1.7,,,,,,,,,,,,,,,,,,,,,Matches
181,Bruno Fernandes,pt POR,MF,Manchester Utd,29,1994,33.5,,,,,,,,,,,,,,,,,,,,,Matches
182,Mateus Fernandes,pt POR,MF,Southampton,20,2004,32.3,,,,,,,,,,,,,,,,,,,,,Matches
183,Enzo Fernández,ar ARG,MF,Chelsea,23,2001,32.7,,,,,,,,,,,,,,,,,,,,,Matches
184,Mark Flekken,nl NED,GK,Brentford,31,1993,36.4,,,,,,,,,,,,,,,,,,,,,Matches
185,Phil Foden,eng ENG,"MF,FW",Manchester City,24,2000,19.7,,,,,,,,,,,,,,,,,,,,,Matches
186,Wesley Fofana,fr FRA,DF,Chelsea,23,2000,13.0,,,,,,,,,,,,,,,,,,,,,Matches
187,Carlos Forbs,pt POR,MF,Wolves,20,2004,2.7,,,,,,,,,,,,,,,,,,,,,Matches
188,Fraser Forster,eng ENG,GK,Tottenham Hotspur,36,1988,7.0,,,,,,,,,,,,,,,,,,,,,Matches
189,Matheus França,br BRA,FW,Crystal Palace,20,2004,0.6,,,,,,,,,,,,,,,,,,,,,Matches
190,Ryan Fraser,sct SCO,"MF,DF",Southampton,30,1994,3.4,,,,,,,,,,,,,,,,,,,,,Matches
191,Tyler Fredricson,eng ENG,DF,Manchester Utd,19,2005,1.8,,,,,,,,,,,,,,,,,,,,,Matches
192,Niclas Füllkrug,de GER,FW,West Ham United,31,1993,8.8,,,,,,,,,,,,,,,,,,,,,Matches
193,Cody Gakpo,nl NED,MF,Liverpool,25,1999,21.5,,,,,,,,,,,,,,,,,,,,,Matches
194,Idrissa Gana Gueye,sn SEN,MF,Everton,34,1989,34.0,,,,,,,,,,,,,,,,,,,,,Matches
195,Andrés García,es ESP,"DF,MF",Aston Villa,21,2003,3.5,,,,,,,,,,,,,,,,,,,,,Matches
196,Alejandro Garnacho,ar ARG,MF,Manchester Utd,20,2004,24.4,,,,,,,,,,,,,,,,,,,,,Matches
197,James Garner,eng ENG,"MF,DF",Everton,23,2001,17.7,,,,,,,,,,,,,,,,,,,,,Matches
198,Tyrique George,eng ENG,FW,Chelsea,18,2006,2.0,,,,,,,,,,,,,,,,,,,,,Matches
199,Morgan Gibbs-White,eng ENG,MF,Nottingham Forest,24,2000,31.1,,,,,,,,,,,,,,,,,,,,,Matches
200,Billy Gilmour,sct SCO,MF,Brighton,23,2001,1.1,,,,,,,,,,,,,,,,,,,,,Matches
201,Ben Godfrey,eng ENG,DF,Ipswich Town,26,1998,1.8,,,,,,,,,,,,,,,,,,,,,Matches
202,Martial Godo,eng ENG,"FW,MF",Fulham,21,2003,0.3,,,,,,,,,,,,,,,,,,,,,Matches
203,Michael Golding,eng ENG,MF,Leicester City,18,2006,0.0,,,,,,,,,,,,,,,,,,,,,Matches
204,João Gomes,br BRA,MF,Wolves,23,2001,33.0,,,,,,,,,,,,,,,,,,,,,Matches
205,Rodrigo Gomes,pt POR,MF,Wolves,21,2003,9.0,,,,,,,,,,,,,,,,,,,,,Matches
206,Toti Gomes,pt POR,DF,Wolves,25,1999,29.0,,,,,,,,,,,,,,,,,,,,,Matches
207,Diego Gómez,py PAR,MF,Brighton,21,2003,5.7,,,,,,,,,,,,,,,,,,,,,Matches
208,Joe Gomez,eng ENG,DF,Liverpool,27,1997,5.8,,,,,,,,,,,,,,,,,,,,,Matches
209,Nicolás González,es ESP,MF,Manchester City,22,2002,8.4,,,,,,,,,,,,,,,,,,,,,Matches
210,Anthony Gordon,eng ENG,"FW,MF",Newcastle United,23,2001,27.0,,,,,,,,,,,,,,,,,,,,,Matches
211,Ryan Gravenberch,nl NED,MF,Liverpool,22,2002,35.1,,,,,,,,,,,,,,,,,,,,,Matches
212,Archie Gray,eng ENG,"DF,MF",Tottenham Hotspur,18,2006,19.5,,,,,,,,,,,,,,,,,,,,,Matches
213,Jack Grealish,eng ENG,"MF,FW",Manchester City,28,1995,8.0,,,,,,,,,,,,,,,,,,,,,Matches
214,Jacob Greaves,eng ENG,DF,Ipswich Town,23,2000,24.5,,,,,,,,,,,,,,,,,,,,,Matches
215,Brajan Gruda,de GER,"MF,FW",Brighton,20,2004,7.6,,,,,,,,,,,,,,,,,,,,,Matches
216,Albert Grønbaek,dk DEN,"MF,FW",Southampton,23,2001,1.6,,,,,,,,,,,,,,,,,,,,,Matches
217,Gonçalo Guedes,pt POR,"MF,FW",Wolves,27,1996,11.1,,,,,,,,,,,,,,,,,,,,,Matches
218,Marc Guéhi,eng ENG,DF,Crystal Palace,24,2000,34.0,,,,,,,,,,,,,,,,,,,,,Matches
219,Luis Guilherme,br BRA,MF,West Ham United,18,2006,1.7,,,,,,,,,,,,,,,,,,,,,Matches
220,Bruno Guimarães,br BRA,MF,Newcastle United,26,1997,36.3,,,,,,,,,,,,,,,,,,,,,Matches
221,Marc Guiu,es ESP,FW,Chelsea,18,2006,0.8,,,,,,,,,,,,,,,,,,,,,Matches
222,İlkay Gündoğan,de GER,MF,Manchester City,33,1990,24.7,,,,,,,,,,,,,,,,,,,,,Matches
223,Malo Gusto,fr FRA,DF,Chelsea,21,2003,20.7,,,,,,,,,,,,,,,,,,,,,Matches
224,Joško Gvardiol,hr CRO,DF,Manchester City,22,2002,36.4,,,,,,,,,,,,,,,,,,,,,Matches
225,Erling Haaland,no NOR,FW,Manchester City,24,2000,30.4,,,,,,,,,,,,,,,,,,,,,Matches
226,Lewis Hall,eng ENG,DF,Newcastle United,19,2004,24.3,,,,,,,,,,,,,,,,,,,,,Matches
227,Ali Al Hamadi,iq IRQ,FW,Ipswich Town,22,2002,1.5,,,,,,,,,,,,,,,,,,,,,Matches
228,Marcus Harness,eng ENG,"FW,MF",Ipswich Town,28,1996,0.5,,,,,,,,,,,,,,,,,,,,,Matches
229,Jack Harrison,eng ENG,"MF,FW",Everton,27,1996,23.1,,,,,,,,,,,,,,,,,,,,,Matches
230,Taylor Harwood-Bellis,eng ENG,DF,Southampton,22,2002,31.4,,,,,,,,,,,,,,,,,,,,,Matches
231,Kai Havertz,de GER,FW,Arsenal,25,1999,20.8,,,,,,,,,,,,,,,,,,,,,Matches
232,Ayden Heaven,eng ENG,DF,Manchester Utd,17,2006,1.9,,,,,,,,,,,,,,,,,,,,,Matches
233,Jan Paul van Hecke,nl NED,DF,Brighton,24,2000,32.9,,,,,,,,,,,,,,,,,,,,,Matches
234,Hwang Hee-chan,kr KOR,"MF,FW",Wolves,28,1996,7.3,,,,,,,,,,,,,,,,,,,,,Matches
235,Dean Henderson,eng ENG,GK,Crystal Palace,27,1997,38.0,,,,,,,,,,,,,,,,,,,,,Matches
236,Rico Henry,jm JAM,"DF,MF",Brentford,27,1997,1.1,,,,,,,,,,,,,,,,,,,,,Matches
237,Mads Hermansen,dk DEN,GK,Leicester City,24,2000,26.5,,,,,,,,,,,,,,,,,,,,,Matches
238,Son Heung-min,kr KOR,"FW,MF",Tottenham Hotspur,32,1992,23.4,,,,,,,,,,,,,,,,,,,,,Matches
239,James Hill,eng ENG,DF,Bournemouth,22,2002,5.0,,,,,,,,,,,,,,,,,,,,,Matches
240,Jack Hinshelwood,eng ENG,"MF,DF",Brighton,19,2005,20.5,,,,,,,,,,,,,,,,,,,,,Matches
241,George Hirst,sct SCO,FW,Ipswich Town,25,1999,7.3,,,,,,,,,,,,,,,,,,,,,Matches
242,Mason Holgate,jm JAM,DF,Everton,27,1996,0.1,,,,,,,,,,,,,,,,,,,,,Matches
243,Harry Howell,eng ENG,FW,Brighton,15,2008,0.1,,,,,,,,,,,,,,,,,,,,,Matches
244,Callum Hudson-Odoi,eng ENG,MF,Nottingham Forest,23,2000,24.4,,,,,,,,,,,,,,,,,,,,,Matches
245,Will Hughes,eng ENG,MF,Crystal Palace,29,1995,23.4,,,,,,,,,,,,,,,,,,,,,Matches
246,Dean Huijsen,es ESP,DF,Bournemouth,19,2005,27.0,,,,,,,,,,,,,,,,,,,,,Matches
247,Omari Hutchinson,eng ENG,MF,Ipswich Town,20,2003,28.7,,,,,,,,,,,,,,,,,,,,,Matches
248,Rasmus Højlund,dk DEN,FW,Manchester Utd,21,2003,22.3,,,,,,,,,,,,,,,,,,,,,Matches
249,Igor,br BRA,DF,Brighton,26,1998,10.7,,,,,,,,,,,,,,,,,,,,,Matches
250,Danny Ings,eng ENG,FW,West Ham United,32,1992,3.2,,,,,,,,,,,,,,,,,,,,,Matches
251,Tim Iroegbunam,eng ENG,MF,Everton,21,2003,6.4,,,,,,,,,,,,,,,,,,,,,Matches
252,Andy Irving,sct SCO,MF,West Ham United,24,2000,1.8,,,,,,,,,,,,,,,,,,,,,Matches
253,Alexander Isak,se SWE,FW,Newcastle United,24,1999,30.6,,,,,,,,,,,,,,,,,,,,,Matches
254,Alex Iwobi,ng NGA,MF,Fulham,28,1996,33.1,,,,,,,,,,,,,,,,,,,,,Matches
255,Nicolas Jackson,sn SEN,FW,Chelsea,23,2001,24.7,,,,,,,,,,,,,,,,,,,,,Matches
256,Reece James,eng ENG,"DF,MF",Chelsea,24,1999,11.8,,,,,,,,,,,,,,,,,,,,,Matches
257,Vitaly Janelt,de GER,MF,Brentford,26,1998,25.0,,,,,,,,,,,,,,,,,,,,,Matches
258,Vitezslav Jaros,cz CZE,GK,Liverpool,23,2001,0.1,,,,,,,,,,,,,,,,,,,,,Matches
259,Daniel Jebbison,ca CAN,FW,Bournemouth,20,2003,1.3,,,,,,,,,,,,,,,,,,,,,Matches
260,Mathias Jensen,dk DEN,MF,Brentford,28,1996,9.6,,,,,,,,,,,,,,,,,,,,,Matches
261,Gabriel Jesus,br BRA,FW,Arsenal,27,1997,6.8,,,,,,,,,,,,,,,,,,,,,Matches
262,Raúl Jiménez,mx MEX,FW,Fulham,33,1991,27.7,,,,,,,,,,,,,,,,,,,,,Matches
263,Kim Jisoo,kr KOR,DF,Brentford,19,2004,0.3,,,,,,,,,,,,,,,,,,,,,Matches
264,João Pedro,br BRA,"FW,MF",Brighton,22,2001,21.6,,,,,,,,,,,,,,,,,,,,,Matches
265,Joelinton,br BRA,"MF,FW",Newcastle United,27,1996,26.6,,,,,,,,,,,,,,,,,,,,,Matches
266,Ben Johnson,eng ENG,"MF,DF",Ipswich Town,24,2000,15.0,,,,,,,,,,,,,,,,,,,,,Matches
267,Brennan Johnson,wls WAL,"FW,MF",Tottenham Hotspur,23,2001,24.2,,,,,,,,,,,,,,,,,,,,,Matches
268,Sam Johnstone,eng ENG,GK,Wolves,31,1993,7.0,,,,,,,,,,,,,,,,,,,,,Matches
269,Curtis Jones,eng ENG,"MF,DF",Liverpool,23,2001,19.0,,,,,,,,,,,,,,,,,,,,,Matches
270,Jorginho,it ITA,MF,Arsenal,32,1991,7.8,,,,,,,,,,,,,,,,,,,,,Matches
271,Diogo Jota,pt POR,FW,Liverpool,27,1996,13.3,,,,,,,,,,,,,,,,,,,,,Matches
272,James Justin,eng ENG,"DF,MF",Leicester City,26,1998,32.4,,,,,,,,,,,,,,,,,,,,,Matches
273,Filip Jørgensen,dk DEN,GK,Chelsea,22,2002,6.0,,,,,,,,,,,,,,,,,,,,,Matches
274,Ferdi Kadioglu,tr TUR,"DF,MF",Brighton,24,1999,4.3,,,,,,,,,,,,,,,,,,,,,Matches
275,Daichi Kamada,jp JPN,MF,Crystal Palace,27,1996,17.4,,,,,,,,,,,,,,,,,,,,,Matches
276,Boubacar Kamara,fr FRA,"MF,DF",Aston Villa,24,1999,19.2,,,,,,,,,,,,,,,,,,,,,Matches
277,Joachim Kayi Sanda,fr FRA,DF,Southampton,17,2006,0.2,,,,,,,,,,,,,,,,,,,,,Matches
278,Michael Kayode,it ITA,DF,Brentford,20,2004,5.9,,,,,,,,,,,,,,,,,,,,,Matches
279,Michael Keane,eng ENG,DF,Everton,31,1993,11.7,,,,,,,,,,,,,,,,,,,,,Matches
280,Caoimhín Kelleher,ie IRL,GK,Liverpool,25,1998,10.0,,,,,,,,,,,,,,,,,,,,,Matches
281,Lloyd Kelly,eng ENG,DF,Newcastle United,25,1998,3.4,,,,,,,,,,,,,,,,,,,,,Matches
282,Milos Kerkez,hu HUN,DF,Bournemouth,20,2003,37.1,,,,,,,,,,,,,,,,,,,,,Matches
283,Bilal El Khannouss,ma MAR,MF,Leicester City,20,2004,24.2,,,,,,,,,,,,,,,,,,,,,Matches
284,Abdukodir Khusanov,uz UZB,DF,Manchester City,20,2004,5.6,,,,,,,,,,,,,,,,,,,,,Matches
285,Max Kilman,eng ENG,DF,West Ham United,27,1997,37.2,,,,,,,,,,,,,,,,,,,,,Matches
286,Joshua King,eng ENG,MF,Fulham,17,2007,1.4,,,,,,,,,,,,,,,,,,,,,Matches
287,Tom King,wls WAL,GK,Wolves,29,1995,0.0,,,,,,,,,,,,,,,,,,,,,Matches
288,Antonín Kinský,cz CZE,GK,Tottenham Hotspur,21,2003,6.0,,,,,,,,,,,,,,,,,,,,,Matches
289,Jakub Kiwior,pl POL,DF,Arsenal,24,2000,12.5,,,,,,,,,,,,,,,,,,,,,Matches
290,Justin Kluivert,nl NED,MF,Bournemouth,25,1999,26.0,,,,,,,,,,,,,,,,,,,,,Matches
291,Ibrahima Konaté,fr FRA,DF,Liverpool,25,1999,28.4,,,,,,,,,,,,,,,,,,,,,Matches
292,Ezri Konsa,eng ENG,DF,Aston Villa,26,1997,32.6,,,,,,,,,,,,,,,,,,,,,Matches
293,Mateo Kovačić,hr CRO,"MF,DF",Manchester City,30,1994,24.4,,,,,,,,,,,,,,,,,,,,,Matches
294,Caleb Kporha,eng ENG,DF,Crystal Palace,18,2006,0.1,,,,,,,,,,,,,,,,,,,,,Matches
295,Emil Krafth,se SWE,DF,Newcastle United,29,1994,3.8,,,,,,,,,,,,,,,,,,,,,Matches
296,Mohammed Kudus,gh GHA,"MF,FW",West Ham United,23,2000,28.8,,,,,,,,,,,,,,,,,,,,,Matches
297,Dejan Kulusevski,se SWE,"MF,FW",Tottenham Hotspur,24,2000,26.5,,,,,,,,,,,,,,,,,,,,,Matches
298,Maxence Lacroix,fr FRA,DF,Crystal Palace,24,2000,34.6,,,,,,,,,,,,,,,,,,,,,Matches
299,Adam Lallana,eng ENG,MF,Southampton,36,1988,4.0,,,,,,,,,,,,,,,,,,,,,Matches
300,Tariq Lamptey,gh GHA,"DF,MF",Brighton,23,2000,9.6,,,,,,,,,,,,,,,,,,,,,Matches
301,Will Lankshear,eng ENG,FW,Tottenham Hotspur,19,2005,0.1,,,,,,,,,,,,,,,,,,,,,Matches
302,Roméo Lavia,be BEL,MF,Chelsea,20,2004,8.9,,,,,,,,,,,,,,,,,,,,,Matches
303,Mario Lemina,ga GAB,"MF,DF",Wolves,30,1993,15.2,,,,,,,,,,,,,,,,,,,,,Matches
304,Bernd Leno,de GER,GK,Fulham,32,1992,38.0,,,,,,,,,,,,,,,,,,,,,Matches
305,Jefferson Lerma,co COL,"MF,DF",Crystal Palace,29,1994,25.3,,,,,,,,,,,,,,,,,,,,,Matches
306,Rico Lewis,eng ENG,"DF,MF",Manchester City,19,2004,21.0,,,,,,,,,,,,,,,,,,,,,Matches
307,Keane Lewis-Potter,eng ENG,"DF,MF",Brentford,23,2001,34.4,,,,,,,,,,,,,,,,,,,,,Matches
308,Myles Lewis-Skelly,eng ENG,DF,Arsenal,17,2006,15.2,,,,,,,,,,,,,,,,,,,,,Matches
309,Matthijs de Ligt,nl NED,DF,Manchester Utd,24,1999,23.6,,,,,,,,,,,,,,,,,,,,,Matches
310,Pedro Lima,br BRA,MF,Wolves,18,2006,0.8,,,,,,,,,,,,,,,,,,,,,Matches
311,Victor Lindelöf,se SWE,DF,Manchester Utd,30,1994,7.8,,,,,,,,,,,,,,,,,,,,,Matches
312,Jesper Lindstrøm,dk DEN,MF,Everton,24,2000,13.8,,,,,,,,,,,,,,,,,,,,,Matches
313,Valentino Livramento,eng ENG,DF,Newcastle United,21,2002,31.6,,,,,,,,,,,,,,,,,,,,,Matches
314,Sean Longstaff,eng ENG,MF,Newcastle United,26,1997,8.9,,,,,,,,,,,,,,,,,,,,,Matches
315,Saša Lukić,rs SRB,MF,Fulham,27,1996,26.0,,,,,,,,,,,,,,,,,,,,,Matches
316,Joe Lumley,eng ENG,GK,Southampton,29,1995,3.0,,,,,,,,,,,,,,,,,,,,,Matches
317,Massimo Luongo,au AUS,MF,Ipswich Town,31,1992,2.2,,,,,,,,,,,,,,,,,,,,,Matches
318,Ian Maatsen,nl NED,DF,Aston Villa,22,2002,12.7,,,,,,,,,,,,,,,,,,,,,Matches
319,Alexis Mac Allister,ar ARG,MF,Liverpool,25,1998,28.9,,,,,,,,,,,,,,,,,,,,,Matches
320,James Maddison,eng ENG,MF,Tottenham Hotspur,27,1996,20.1,,,,,,,,,,,,,,,,,,,,,Matches
321,Noni Madueke,eng ENG,MF,Chelsea,22,2002,22.6,,,,,,,,,,,,,,,,,,,,,Matches
322,Gabriel Magalhães,br BRA,DF,Arsenal,26,1997,26.3,,,,,,,,,,,,,,,,,,,,,Matches
323,Edmond-Paris Maghoma,eng ENG,MF,Brentford,23,2001,1.3,,,,,,,,,,,,,,,,,,,,,Matches
324,Harry Maguire,eng ENG,DF,Manchester Utd,31,1993,19.5,,,,,,,,,,,,,,,,,,,,,Matches
325,Kobbie Mainoo,eng ENG,MF,Manchester Utd,19,2005,18.3,,,,,,,,,,,,,,,,,,,,,Matches
326,Tyrell Malacia,nl NED,MF,Manchester Utd,24,1999,1.1,,,,,,,,,,,,,,,,,,,,,Matches
327,Donyell Malen,nl NED,MF,Aston Villa,25,1999,3.4,,,,,,,,,,,,,,,,,,,,,Matches
328,Mateus Mane,pt POR,FW,Wolves,16,2007,0.0,,,,,,,,,,,,,,,,,,,,,Matches
329,Orel Mangala,be BEL,MF,Everton,26,1998,14.0,,,,,,,,,,,,,,,,,,,,,Matches
330,Ryan Manning,ie IRL,"DF,MF",Southampton,28,1996,16.2,,,,,,,,,,,,,,,,,,,,,Matches
331,Solly March,eng ENG,MF,Brighton,30,1994,1.9,,,,,,,,,,,,,,,,,,,,,Matches
332,Omar Marmoush,eg EGY,"MF,FW",Manchester City,25,1999,13.1,,,,,,,,,,,,,,,,,,,,,Matches
333,Gabriel Martinelli,br BRA,"FW,MF",Arsenal,23,2001,25.4,,,,,,,,,,,,,,,,,,,,,Matches
334,Emiliano Martínez,ar ARG,GK,Aston Villa,31,1992,35.5,,,,,,,,,,,,,,,,,,,,,Matches
335,Lisandro Martínez,ar ARG,DF,Manchester Utd,26,1998,19.5,,,,,,,,,,,,,,,,,,,,,Matches
336,Pape Matar Sarr,sn SEN,MF,Tottenham Hotspur,21,2002,21.3,,,,,,,,,,,,,,,,,,,,,Matches
337,Jean-Philippe Mateta,fr FRA,FW,Crystal Palace,27,1997,29.4,,,,,,,,,,,,,,,,,,,,,Matches
338,Stephy Mavididi,eng ENG,MF,Leicester City,26,1998,17.9,,,,,,,,,,,,,,,,,,,,,Matches
339,Konstantinos Mavropanos,gr GRE,DF,West Ham United,26,1997,22.7,,,,,,,,,,,,,,,,,,,,,Matches
340,Noussair Mazraoui,ma MAR,"DF,MF",Manchester Utd,26,1997,31.5,,,,,,,,,,,,,,,,,,,,,Matches
341,Bryan Mbeumo,cm CMR,"MF,FW",Brentford,24,1999,37.9,,,,,,,,,,,,,,,,,,,,,Matches
342,James Mcatee,eng ENG,MF,Manchester City,21,2002,3.9,,,,,,,,,,,,,,,,,,,,,Matches
343,Kasey McAteer,ie IRL,MF,Leicester City,22,2001,9.5,,,,,,,,,,,,,,,,,,,,,Matches
344,Alex McCarthy,eng ENG,GK,Southampton,34,1989,5.0,,,,,,,,,,,,,,,,,,,,,Matches
345,John McGinn,sct SCO,MF,Aston Villa,29,1994,24.7,,,,,,,,,,,,,,,,,,,,,Matches
346,Dwight McNeil,eng ENG,MF,Everton,24,1999,15.2,,,,,,,,,,,,,,,,,,,,,Matches
347,Scott McTominay,sct SCO,MF,Manchester Utd,27,1996,0.2,,,,,,,,,,,,,,,,,,,,,Matches
348,Ben Mee,eng ENG,DF,Brentford,34,1989,2.0,,,,,,,,,,,,,,,,,,,,,Matches
349,Jayden Meghoma,eng ENG,DF,Brentford,18,2006,0.1,,,,,,,,,,,,,,,,,,,,,Matches
350,Mikel Merino,es ESP,"MF,FW",Arsenal,28,1996,17.6,,,,,,,,,,,,,,,,,,,,,Matches
351,Shumaira Mheuka,eng ENG,FW,Chelsea,16,2007,0.0,,,,,,,,,,,,,,,,,,,,,Matches
352,Nikola Milenković,rs SRB,DF,Nottingham Forest,26,1997,37.0,,,,,,,,,,,,,,,,,,,,,Matches
353,Lewis Miley,eng ENG,MF,Newcastle United,18,2006,3.5,,,,,,,,,,,,,,,,,,,,,Matches
354,James Milner,eng ENG,MF,Brighton,38,1986,1.9,,,,,,,,,,,,,,,,,,,,,Matches
355,Tyrone Mings,eng ENG,DF,Aston Villa,31,1993,12.4,,,,,,,,,,,,,,,,,,,,,Matches
356,Yankuba Minteh,gm GAM,MF,Brighton,20,2004,20.4,,,,,,,,,,,,,,,,,,,,,Matches
357,Tyrick Mitchell,eng ENG,MF,Crystal Palace,24,1999,34.4,,,,,,,,,,,,,,,,,,,,,Matches
358,Kaoru Mitoma,jp JPN,MF,Brighton,27,1997,28.9,,,,,,,,,,,,,,,,,,,,,Matches
359,Jakub Moder,pl POL,MF,Brighton,25,1999,0.1,,,,,,,,,,,,,,,,,,,,,Matches
360,Jeremy Monga,eng ENG,FW,Leicester City,15,2009,1.2,,,,,,,,,,,,,,,,,,,,,Matches
361,Mikey Moore,eng ENG,"MF,FW",Tottenham Hotspur,16,2007,4.1,,,,,,,,,,,,,,,,,,,,,Matches
362,Morato,br BRA,DF,Nottingham Forest,23,2001,10.1,,,,,,,,,,,,,,,,,,,,,Matches
363,Álex Moreno,es ESP,DF,Nottingham Forest,31,1993,10.6,,,,,,,,,,,,,,,,,,,,,Matches
364,Sam Morsy,eg EGY,MF,Ipswich Town,32,1991,30.6,,,,,,,,,,,,,,,,,,,,,Matches
365,Yerson Mosquera,co COL,DF,Wolves,23,2001,4.9,,,,,,,,,,,,,,,,,,,,,Matches
366,Mason Mount,eng ENG,"MF,FW",Manchester Utd,25,1999,6.9,,,,,,,,,,,,,,,,,,,,,Matches
367,Divin Mubama,eng ENG,FW,Manchester City,19,2004,0.3,,,,,,,,,,,,,,,,,,,,,Matches
368,Mykhailo Mudryk,ua UKR,MF,Chelsea,23,2001,1.7,,,,,,,,,,,,,,,,,,,,,Matches
369,Marshall Munetsi,zw ZIM,"MF,FW",Wolves,28,1996,12.0,,,,,,,,,,,,,,,,,,,,,Matches
370,Rodrigo Muniz,br BRA,FW,Fulham,23,2001,10.7,,,,,,,,,,,,,,,,,,,,,Matches
371,Daniel Muñoz,co COL,MF,Crystal Palace,28,1996,35.9,,,,,,,,,,,,,,,,,,,,,Matches
372,Arijanet Muric,xk KVX,GK,Ipswich Town,25,1998,18.0,,,,,,,,,,,,,,,,,,,,,Matches
373,Murillo,br BRA,DF,Nottingham Forest,22,2002,35.4,,,,,,,,,,,,,,,,,,,,,Matches
374,Jacob Murphy,eng ENG,"FW,MF",Newcastle United,29,1995,26.2,,,,,,,,,,,,,,,,,,,,,Matches
375,Vitaliy Mykolenko,ua UKR,DF,Everton,25,1999,34.2,,,,,,,,,,,,,,,,,,,,,Matches
376,Iliman Ndiaye,sn SEN,"MF,FW",Everton,24,2000,27.0,,,,,,,,,,,,,,,,,,,,,Matches
377,Wilfred Ndidi,ng NGA,MF,Leicester City,27,1996,25.8,,,,,,,,,,,,,,,,,,,,,Matches
378,Kosta Nedeljković,rs SRB,DF,Aston Villa,18,2005,1.4,,,,,,,,,,,,,,,,,,,,,Matches
379,Reiss Nelson,eng ENG,"FW,MF",Arsenal,24,1999,0.0,,,,,,,,,,,,,,,,,,,,,Matches
380,Reiss Nelson,eng ENG,MF,Fulham,24,1999,5.4,,,,,,,,,,,,,,,,,,,,,Matches
381,Neto,br BRA,GK,Bournemouth,35,1989,2.0,,,,,,,,,,,,,,,,,,,,,Matches
382,Pedro Neto,pt POR,"MF,FW",Chelsea,24,2000,25.2,,,,,,,,,,,,,,,,,,,,,Matches
383,Eddie Nketiah,eng ENG,"FW,MF",Crystal Palace,25,1999,11.5,,,,,,,,,,,,,,,,,,,,,Matches
384,Christopher Nkunku,fr FRA,"MF,FW",Chelsea,26,1997,10.2,,,,,,,,,,,,,,,,,,,,,Matches
385,Gustavo Nunes,br BRA,MF,Brentford,18,2005,0.1,,,,,,,,,,,,,,,,,,,,,Matches
386,Matheus Nunes,pt POR,"DF,MF",Manchester City,25,1998,18.6,,,,,,,,,,,,,,,,,,,,,Matches
387,Darwin Núñez,uy URU,FW,Liverpool,25,1999,12.6,,,,,,,,,,,,,,,,,,,,,Matches
388,Ethan Nwaneri,eng ENG,"FW,MF",Arsenal,17,2007,9.9,,,,,,,,,,,,,,,,,,,,,Matches
389,Christian Nørgaard,dk DEN,MF,Brentford,30,1994,31.3,,,,,,,,,,,,,,,,,,,,,Matches
390,Jake O'Brien,ie IRL,DF,Everton,23,2001,17.5,,,,,,,,,,,,,,,,,,,,,Matches
391,Matt O'Riley,dk DEN,MF,Brighton,23,2000,10.4,,,,,,,,,,,,,,,,,,,,,Matches
392,Dara O'Shea,ie IRL,DF,Ipswich Town,25,1999,34.7,,,,,,,,,,,,,,,,,,,,,Matches
393,Chidozie Obi-Martin,dk DEN,FW,Manchester Utd,16,2007,1.8,,,,,,,,,,,,,,,,,,,,,Matches
394,Wilson Odobert,fr FRA,"FW,MF",Tottenham Hotspur,19,2004,9.4,,,,,,,,,,,,,,,,,,,,,Matches
395,Chiedozie Ogbene,ie IRL,MF,Ipswich Town,27,1997,2.6,,,,,,,,,,,,,,,,,,,,,Matches
396,Caleb Okoli,it ITA,DF,Leicester City,23,2001,12.5,,,,,,,,,,,,,,,,,,,,,Matches
397,Robin Olsen,se SWE,GK,Aston Villa,34,1990,2.5,,,,,,,,,,,,,,,,,,,,,Matches
398,Amadou Onana,be BEL,MF,Aston Villa,22,2001,18.0,,,,,,,,,,,,,,,,,,,,,Matches
399,André Onana,cm CMR,GK,Manchester Utd,28,1996,34.0,,,,,,,,,,,,,,,,,,,,,Matches
400,Paul Onuachu,ng NGA,FW,Southampton,30,1994,11.7,,,,,,,,,,,,,,,,,,,,,Matches
401,Frank Onyeka,ng NGA,MF,Brentford,26,1998,0.3,,,,,,,,,,,,,,,,,,,,,Matches
402,Lewis Orford,eng ENG,MF,West Ham United,18,2006,0.5,,,,,,,,,,,,,,,,,,,,,Matches
403,Stefan Ortega,de GER,GK,Manchester City,31,1992,12.2,,,,,,,,,,,,,,,,,,,,,Matches
404,William Osula,dk DEN,FW,Newcastle United,20,2003,1.5,,,,,,,,,,,,,,,,,,,,,Matches
405,Dango Ouattara,bf BFA,"MF,FW",Bournemouth,22,2002,22.3,,,,,,,,,,,,,,,,,,,,,Matches
406,Nico O’Reilly,eng ENG,DF,Manchester City,19,2005,5.9,,,,,,,,,,,,,,,,,,,,,Matches
407,Alex Palmer,eng ENG,GK,Ipswich Town,27,1996,13.0,,,,,,,,,,,,,,,,,,,,,Matches
408,Cole Palmer,eng ENG,MF,Chelsea,22,2002,35.5,,,,,,,,,,,,,,,,,,,,,Matches
409,Emerson Palmieri,it ITA,"DF,MF",West Ham United,29,1994,23.5,,,,,,,,,,,,,,,,,,,,,Matches
410,Lucas Paquetá,br BRA,"MF,FW",West Ham United,26,1997,26.4,,,,,,,,,,,,,,,,,,,,,Matches
411,Thomas Partey,gh GHA,"MF,DF",Arsenal,31,1993,31.1,,,,,,,,,,,,,,,,,,,,,Matches
412,Nathan Patterson,sct SCO,DF,Everton,22,2001,3.9,,,,,,,,,,,,,,,,,,,,,Matches
413,Andreas Pereira,br BRA,MF,Fulham,28,1996,22.4,,,,,,,,,,,,,,,,,,,,,Matches
414,Ricardo Pereira,pt POR,DF,Leicester City,30,1993,4.3,,,,,,,,,,,,,,,,,,,,,Matches
415,Kalvin Phillips,eng ENG,MF,Ipswich Town,28,1995,13.7,,,,,,,,,,,,,,,,,,,,,Matches
416,Jaden Philogene Bidace,eng ENG,MF,Aston Villa,22,2002,3.7,,,,,,,,,,,,,,,,,,,,,Matches
417,Jaden Philogene Bidace,eng ENG,MF,Ipswich Town,22,2002,5.3,,,,,,,,,,,,,,,,,,,,,Matches
418,Jordan Pickford,eng ENG,GK,Everton,30,1994,38.0,,,,,,,,,,,,,,,,,,,,,Matches
419,Ethan Pinnock,jm JAM,DF,Brentford,31,1993,21.3,,,,,,,,,,,,,,,,,,,,,Matches
420,Daniel Podence,pt POR,"FW,MF",Wolves,28,1995,0.5,,,,,,,,,,,,,,,,,,,,,Matches
421,Alfie Pond,eng ENG,DF,Wolves,20,2004,0.0,,,,,,,,,,,,,,,,,,,,,Matches
422,Nick Pope,eng ENG,GK,Newcastle United,32,1992,28.0,,,,,,,,,,,,,,,,,,,,,Matches
423,Pedro Porro,es ESP,DF,Tottenham Hotspur,24,1999,29.0,,,,,,,,,,,,,,,,,,,,,Matches
424,Jarell Quansah,eng ENG,DF,Liverpool,21,2003,5.5,,,,,,,,,,,,,,,,,,,,,Matches
425,Aaron Ramsdale,eng ENG,GK,Southampton,26,1998,30.0,,,,,,,,,,,,,,,,,,,,,Matches
426,Jacob Ramsey,eng ENG,MF,Aston Villa,23,2001,18.0,,,,,,,,,,,,,,,,,,,,,Matches
427,Marcus Rashford,eng ENG,"FW,MF",Aston Villa,26,1997,4.9,,,,,,,,,,,,,,,,,,,,,Matches
428,Marcus Rashford,eng ENG,MF,Manchester Utd,26,1997,10.9,,,,,,,,,,,,,,,,,,,,,Matches
429,David Raya,es ESP,GK,Arsenal,28,1995,38.0,,,,,,,,,,,,,,,,,,,,,Matches
430,Harrison Reed,eng ENG,MF,Fulham,29,1995,1.2,,,,,,,,,,,,,,,,,,,,,Matches
431,Remy Rees-Dottin,eng ENG,FW,Bournemouth,18,2006,0.0,,,,,,,,,,,,,,,,,,,,,Matches
432,Sergio Reguilón,es ESP,DF,Tottenham Hotspur,27,1996,2.2,,,,,,,,,,,,,,,,,,,,,Matches
433,Vitor Reis,br BRA,DF,Manchester City,18,2006,0.0,,,,,,,,,,,,,,,,,,,,,Matches
434,Chadi Riad,ma MAR,DF,Crystal Palace,21,2003,1.0,,,,,,,,,,,,,,,,,,,,,Matches
435,Declan Rice,eng ENG,MF,Arsenal,25,1999,31.4,,,,,,,,,,,,,,,,,,,,,Matches
436,Chris Richards,us USA,DF,Crystal Palace,24,2000,21.4,,,,,,,,,,,,,,,,,,,,,Matches
437,Richarlison,br BRA,FW,Tottenham Hotspur,27,1997,5.6,,,,,,,,,,,,,,,,,,,,,Matches
438,Andrew Robertson,sct SCO,DF,Liverpool,30,1994,27.6,,,,,,,,,,,,,,,,,,,,,Matches
439,Antonee Robinson,us USA,"DF,MF",Fulham,26,1997,35.2,,,,,,,,,,,,,,,,,,,,,Matches
440,Jay Robinson,eng ENG,MF,Southampton,17,2007,1.5,,,,,,,,,,,,,,,,,,,,,Matches
441,Rodri,es ESP,MF,Manchester City,28,1996,0.8,,,,,,,,,,,,,,,,,,,,,Matches
442,Guido Rodríguez,ar ARG,MF,West Ham United,30,1994,12.8,,,,,,,,,,,,,,,,,,,,,Matches
443,Mads Roerslev,dk DEN,DF,Brentford,25,1999,12.2,,,,,,,,,,,,,,,,,,,,,Matches
444,Morgan Rogers,eng ENG,MF,Aston Villa,22,2002,34.6,,,,,,,,,,,,,,,,,,,,,Matches
445,Cristian Romero,ar ARG,DF,Tottenham Hotspur,26,1998,15.7,,,,,,,,,,,,,,,,,,,,,Matches
446,Georginio Rutter,fr FRA,"MF,FW",Brighton,22,2002,18.4,,,,,,,,,,,,,,,,,,,,,Matches
447,José Sá,pt POR,GK,Wolves,31,1993,29.0,,,,,,,,,,,,,,,,,,,,,Matches
448,Bukayo Saka,eng ENG,"FW,MF",Arsenal,22,2001,19.2,,,,,,,,,,,,,,,,,,,,,Matches
449,Mohamed Salah,eg EGY,MF,Liverpool,32,1992,37.5,,,,,,,,,,,,,,,,,,,,,Matches
450,William Saliba,fr FRA,DF,Arsenal,23,2001,33.8,,,,,,,,,,,,,,,,,,,,,Matches
451,Robert Sánchez,es ESP,GK,Chelsea,26,1997,32.0,,,,,,,,,,,,,,,,,,,,,Matches
452,Jadon Sancho,eng ENG,MF,Chelsea,24,2000,19.6,,,,,,,,,,,,,,,,,,,,,Matches
453,Ibrahim Sangaré,ci CIV,MF,Nottingham Forest,26,1997,6.6,,,,,,,,,,,,,,,,,,,,,Matches
454,Pablo Sarabia,es ESP,MF,Wolves,32,1992,9.0,,,,,,,,,,,,,,,,,,,,,Matches
455,Jeremy Sarmiento,ec ECU,MF,Brighton,22,2002,0.1,,,,,,,,,,,,,,,,,,,,,Matches
456,Ismaila Sarr,sn SEN,MF,Crystal Palace,26,1998,30.1,,,,,,,,,,,,,,,,,,,,,Matches
457,Sávio,br BRA,"MF,FW",Manchester City,20,2004,19.6,,,,,,,,,,,,,,,,,,,,,Matches
458,Oliver Scarles,eng ENG,"MF,DF",West Ham United,18,2005,7.4,,,,,,,,,,,,,,,,,,,,,Matches
459,Dane Scarlett,eng ENG,FW,Tottenham Hotspur,20,2004,0.4,,,,,,,,,,,,,,,,,,,,,Matches
460,Kevin Schade,de GER,"MF,FW",Brentford,22,2001,25.5,,,,,,,,,,,,,,,,,,,,,Matches
461,Fabian Schär,ch SUI,DF,Newcastle United,32,1991,32.6,,,,,,,,,,,,,,,,,,,,,Matches
462,Jeffrey Schlupp,gh GHA,"DF,FW",Crystal Palace,31,1992,1.1,,,,,,,,,,,,,,,,,,,,,Matches
463,Alex Scott,eng ENG,MF,Bournemouth,20,2003,8.4,,,,,,,,,,,,,,,,,,,,,Matches
464,Matz Sels,be BEL,GK,Nottingham Forest,32,1992,38.0,,,,,,,,,,,,,,,,,,,,,Matches
465,Nélson Semedo,pt POR,"MF,DF",Wolves,30,1993,32.1,,,,,,,,,,,,,,,,,,,,,Matches
466,Antoine Semenyo,gh GHA,MF,Bournemouth,24,2000,35.6,,,,,,,,,,,,,,,,,,,,,Matches
467,Marcos Senesi,ar ARG,DF,Bournemouth,27,1997,12.3,,,,,,,,,,,,,,,,,,,,,Matches
468,Ryan Sessegnon,eng ENG,"MF,DF",Fulham,24,2000,6.4,,,,,,,,,,,,,,,,,,,,,Matches
469,Luke Shaw,eng ENG,DF,Manchester Utd,29,1995,3.9,,,,,,,,,,,,,,,,,,,,,Matches
470,Zain Silcott-Duberry,ms MSR,MF,Bournemouth,19,2005,0.0,,,,,,,,,,,,,,,,,,,,,Matches
471,Bernardo Silva,pt POR,MF,Manchester City,29,1994,29.7,,,,,,,,,,,,,,,,,,,,,Matches
472,Jota Silva,pt POR,MF,Nottingham Forest,24,1999,9.5,,,,,,,,,,,,,,,,,,,,,Matches
473,Eric da Silva Moreira,de GER,DF,Nottingham Forest,18,2006,0.3,,,,,,,,,,,,,,,,,,,,,Matches
474,Jahmai Simpson-Pusey,eng ENG,DF,Manchester City,18,2005,1.1,,,,,,,,,,,,,,,,,,,,,Matches
475,Luis Sinisterra,co COL,MF,Bournemouth,25,1999,2.6,,,,,,,,,,,,,,,,,,,,,Matches
476,Oliver Skipp,eng ENG,MF,Leicester City,23,2000,12.5,,,,,,,,,,,,,,,,,,,,,Matches
477,William Smallbone,ie IRL,MF,Southampton,24,2000,7.7,,,,,,,,,,,,,,,,,,,,,Matches
478,Adam Smith,eng ENG,DF,Bournemouth,33,1991,17.7,,,,,,,,,,,,,,,,,,,,,Matches
479,Emile Smith Rowe,eng ENG,MF,Fulham,24,2000,22.7,,,,,,,,,,,,,,,,,,,,,Matches
480,Dominic Solanke,eng ENG,FW,Tottenham Hotspur,26,1997,24.5,,,,,,,,,,,,,,,,,,,,,Matches
481,Carlos Soler,es ESP,MF,West Ham United,27,1997,15.7,,,,,,,,,,,,,,,,,,,,,Matches
482,Julio Soler,ar ARG,DF,Bournemouth,19,2005,0.1,,,,,,,,,,,,,,,,,,,,,Matches
483,Ramón Sosa,py PAR,MF,Nottingham Forest,24,1999,3.3,,,,,,,,,,,,,,,,,,,,,Matches
484,Tomáš Souček,cz CZE,MF,West Ham United,29,1995,28.5,,,,,,,,,,,,,,,,,,,,,Matches
485,Boubakary Soumaré,fr FRA,MF,Leicester City,25,1999,24.1,,,,,,,,,,,,,,,,,,,,,Matches
486,Djed Spence,eng ENG,DF,Tottenham Hotspur,23,2000,19.9,,,,,,,,,,,,,,,,,,,,,Matches
487,Jay Stansfield,eng ENG,"FW,MF",Fulham,21,2002,0.0,,,,,,,,,,,,,,,,,,,,,Matches
488,Jason Steele,eng ENG,GK,Brighton,33,1990,2.0,,,,,,,,,,,,,,,,,,,,,Matches
489,Jack Stephens,eng ENG,DF,Southampton,30,1994,15.4,,,,,,,,,,,,,,,,,,,,,Matches
490,Raheem Sterling,eng ENG,"FW,MF",Arsenal,29,1994,5.5,,,,,,,,,,,,,,,,,,,,,Matches
491,Ross Stewart,sct SCO,FW,Southampton,28,1996,4.3,,,,,,,,,,,,,,,,,,,,,Matches
492,Jakub Stolarczyk,pl POL,GK,Leicester City,23,2000,10.0,,,,,,,,,,,,,,,,,,,,,Matches
493,John Stones,eng ENG,DF,Manchester City,30,1994,6.1,,,,,,,,,,,,,,,,,,,,,Matches
494,Jørgen Strand Larsen,no NOR,FW,Wolves,24,2000,28.7,,,,,,,,,,,,,,,,,,,,,Matches
495,Yukinari Sugawara,jp JPN,"MF,DF",Southampton,24,2000,17.3,,,,,,,,,,,,,,,,,,,,,Matches
496,Kamaldeen Sulemana,gh GHA,"FW,MF",Southampton,22,2002,15.6,,,,,,,,,,,,,,,,,,,,,Matches
497,Crysencio Summerville,nl NED,"MF,FW",West Ham United,22,2001,8.7,,,,,,,,,,,,,,,,,,,,,Matches
498,Sammie Szmodics,ie IRL,MF,Ipswich Town,28,1995,11.0,,,,,,,,,,,,,,,,,,,,,Matches
499,Dominik Szoboszlai,hu HUN,MF,Liverpool,23,2000,27.7,,,,,,,,,,,,,,,,,,,,,Matches
500,Matt Targett,eng ENG,"DF,MF",Newcastle United,28,1995,0.2,,,,,,,,,,,,,,,,,,,,,Matches
501,James Tarkowski,eng ENG,DF,Everton,31,1992,32.5,,,,,,,,,,,,,,,,,,,,,Matches
502,Marcus Tavernier,eng ENG,MF,Bournemouth,25,1999,21.5,,,,,,,,,,,,,,,,,,,,,Matches
503,Charlie Taylor,eng ENG,DF,Southampton,30,1993,4.0,,,,,,,,,,,,,,,,,,,,,Matches
504,Jack Taylor,ie IRL,MF,Ipswich Town,26,1998,9.6,,,,,,,,,,,,,,,,,,,,,Matches
505,Mathys Tel,fr FRA,FW,Tottenham Hotspur,19,2005,10.1,,,,,,,,,,,,,,,,,,,,,Matches
506,Kenny Tete,nl NED,DF,Fulham,28,1995,19.7,,,,,,,,,,,,,,,,,,,,,Matches
507,Thiago,br BRA,FW,Brentford,23,2001,1.9,,,,,,,,,,,,,,,,,,,,,Matches
508,Luke Thomas,eng ENG,DF,Leicester City,23,2001,12.3,,,,,,,,,,,,,,,,,,,,,Matches
509,Youri Tielemans,be BEL,MF,Aston Villa,27,1997,33.6,,,,,,,,,,,,,,,,,,,,,Matches
510,Kieran Tierney,sct SCO,DF,Arsenal,27,1997,2.9,,,,,,,,,,,,,,,,,,,,,Matches
511,Jurriën Timber,nl NED,DF,Arsenal,23,2001,26.9,,,,,,,,,,,,,,,,,,,,,Matches
512,Jean-Clair Todibo,fr FRA,DF,West Ham United,24,1999,20.3,,,,,,,,,,,,,,,,,,,,,Matches
513,Harry Toffolo,eng ENG,DF,Nottingham Forest,28,1995,1.5,,,,,,,,,,,,,,,,,,,,,Matches
514,Takehiro Tomiyasu,jp JPN,DF,Arsenal,25,1998,0.1,,,,,,,,,,,,,,,,,,,,,Matches
515,Sandro Tonali,it ITA,MF,Newcastle United,24,2000,29.2,,,,,,,,,,,,,,,,,,,,,Matches
516,Pau Torres,es ESP,DF,Aston Villa,27,1997,22.4,,,,,,,,,,,,,,,,,,,,,Matches
517,Conor Townsend,eng ENG,DF,Ipswich Town,31,1993,3.7,,,,,,,,,,,,,,,,,,,,,Matches
518,Adama Traoré,es ESP,MF,Fulham,28,1996,19.7,,,,,,,,,,,,,,,,,,,,,Matches
519,Boubacar Traoré,ml MLI,MF,Wolves,22,2001,0.0,,,,,,,,,,,,,,,,,,,,,Matches
520,Mark Travers,ie IRL,GK,Bournemouth,25,1999,5.0,,,,,,,,,,,,,,,,,,,,,Matches
521,Ryan Trevitt,eng ENG,MF,Brentford,21,2003,0.0,,,,,,,,,,,,,,,,,,,,,Matches
522,Kieran Trippier,eng ENG,DF,Newcastle United,33,1990,14.5,,,,,,,,,,,,,,,,,,,,,Matches
523,Leandro Trossard,be BEL,FW,Arsenal,29,1994,28.3,,,,,,,,,,,,,,,,,,,,,Matches
524,Kostas Tsimikas,gr GRE,DF,Liverpool,28,1996,9.3,,,,,,,,,,,,,,,,,,,,,Matches
525,Axel Tuanzebe,cd COD,DF,Ipswich Town,26,1997,19.0,,,,,,,,,,,,,,,,,,,,,Matches
526,Destiny Udogie,it ITA,DF,Tottenham Hotspur,21,2002,21.4,,,,,,,,,,,,,,,,,,,,,Matches
527,Manuel Ugarte,uy URU,MF,Manchester Utd,23,2001,19.8,,,,,,,,,,,,,,,,,,,,,Matches
528,Lesley Ugochukwu,fr FRA,MF,Southampton,20,2004,18.4,,,,,,,,,,,,,,,,,,,,,Matches
529,Enes Ünal,tr TUR,FW,Bournemouth,27,1997,3.8,,,,,,,,,,,,,,,,,,,,,Matches
530,Hákon Valdimarsson,is ISL,GK,Brentford,22,2001,1.6,,,,,,,,,,,,,,,,,,,,,Matches
531,Virgil van Dijk,nl NED,DF,Liverpool,33,1991,37.0,,,,,,,,,,,,,,,,,,,,,Matches
532,Jamie Vardy,eng ENG,FW,Leicester City,37,1987,31.4,,,,,,,,,,,,,,,,,,,,,Matches
533,Renato Veiga,pt POR,MF,Chelsea,21,2003,2.0,,,,,,,,,,,,,,,,,,,,,Matches
534,Joël Veltman,nl NED,DF,Brighton,32,1992,18.9,,,,,,,,,,,,,,,,,,,,,Matches
535,Micky van de Ven,nl NED,DF,Tottenham Hotspur,23,2001,11.3,,,,,,,,,,,,,,,,,,,,,Matches
536,Bart Verbruggen,nl NED,GK,Brighton,21,2002,36.0,,,,,,,,,,,,,,,,,,,,,Matches
537,Jannik Vestergaard,dk DEN,DF,Leicester City,31,1992,15.5,,,,,,,,,,,,,,,,,,,,,Matches
538,Guglielmo Vicario,it ITA,GK,Tottenham Hotspur,27,1996,24.0,,,,,,,,,,,,,,,,,,,,,Matches
539,Carlos Vinícius,br BRA,FW,Fulham,29,1995,0.2,,,,,,,,,,,,,,,,,,,,,Matches
540,Kyle Walker,eng ENG,DF,Manchester City,34,1990,10.8,,,,,,,,,,,,,,,,,,,,,Matches
541,Kyle Walker-Peters,eng ENG,"MF,DF",Southampton,27,1997,32.4,,,,,,,,,,,,,,,,,,,,,Matches
542,Christian Walton,eng ENG,GK,Ipswich Town,28,1995,7.0,,,,,,,,,,,,,,,,,,,,,Matches
543,Aaron Wan-Bissaka,cd COD,"DF,MF",West Ham United,26,1997,35.0,,,,,,,,,,,,,,,,,,,,,Matches
544,Danny Ward,wls WAL,GK,Leicester City,31,1993,1.5,,,,,,,,,,,,,,,,,,,,,Matches
545,Joel Ward,eng ENG,DF,Crystal Palace,34,1989,0.8,,,,,,,,,,,,,,,,,,,,,Matches
546,James Ward-Prowse,eng ENG,MF,West Ham United,29,1994,11.5,,,,,,,,,,,,,,,,,,,,,Matches
547,James Ward-Prowse,eng ENG,MF,Nottingham Forest,29,1994,4.4,,,,,,,,,,,,,,,,,,,,,Matches
548,Ollie Watkins,eng ENG,FW,Aston Villa,28,1995,28.9,,,,,,,,,,,,,,,,,,,,,Matches
549,Adam Webster,eng ENG,DF,Brighton,29,1995,9.9,,,,,,,,,,,,,,,,,,,,,Matches
550,Danny Welbeck,eng ENG,FW,Brighton,33,1990,23.5,,,,,,,,,,,,,,,,,,,,,Matches
551,Welington,br BRA,"MF,DF",Southampton,23,2001,5.4,,,,,,,,,,,,,,,,,,,,,Matches
552,Timo Werner,de GER,"FW,MF",Tottenham Hotspur,28,1996,5.7,,,,,,,,,,,,,,,,,,,,,Matches
553,Adam Wharton,eng ENG,MF,Crystal Palace,20,2004,14.6,,,,,,,,,,,,,,,,,,,,,Matches
554,Ben White,eng ENG,DF,Arsenal,26,1997,13.3,,,,,,,,,,,,,,,,,,,,,Matches
555,Mats Wieffer,nl NED,"DF,MF",Brighton,24,1999,11.3,,,,,,,,,,,,,,,,,,,,,Matches
556,Neco Williams,wls WAL,"DF,MF",Nottingham Forest,23,2001,28.8,,,,,,,,,,,,,,,,,,,,,Matches
557,Willian,br BRA,"MF,FW",Fulham,35,1988,2.9,,,,,,,,,,,,,,,,,,,,,Matches
558,Joe Willock,eng ENG,MF,Newcastle United,24,1999,12.1,,,,,,,,,,,,,,,,,,,,,Matches
559,Callum Wilson,eng ENG,FW,Newcastle United,32,1992,4.1,,,,,,,,,,,,,,,,,,,,,Matches
560,Harry Wilson,wls WAL,"MF,FW",Fulham,27,1997,12.9,,,,,,,,,,,,,,,,,,,,,Matches
561,Harry Winks,eng ENG,MF,Leicester City,28,1996,17.1,,,,,,,,,,,,,,,,,,,,,Matches
562,Ben Winterburn,eng ENG,MF,Bournemouth,19,2004,0.3,,,,,,,,,,,,,,,,,,,,,Matches
563,Yoane Wissa,cd COD,FW,Brentford,27,1996,32.4,,,,,,,,,,,,,,,,,,,,,Matches
564,Chris Wood,nz NZL,FW,Nottingham Forest,32,1991,32.9,,,,,,,,,,,,,,,,,,,,,Matches
565,Nathan Wood-Gordon,eng ENG,DF,Southampton,22,2002,8.6,,,,,,,,,,,,,,,,,,,,,Matches
566,Luke Woolfenden,eng ENG,DF,Ipswich Town,25,1998,13.2,,,,,,,,,,,,,,,,,,,,,Matches
567,Yehor Yarmoliuk,ua UKR,MF,Brentford,20,2004,16.1,,,,,,,,,,,,,,,,,,,,,Matches
568,Ryan Yates,eng ENG,MF,Nottingham Forest,26,1997,21.3,,,,,,,,,,,,,,,,,,,,,Matches
569,Leny Yoro,fr FRA,DF,Manchester Utd,18,2005,12.9,,,,,,,,,,,,,,,,,,,,,Matches
570,Ashley Young,eng ENG,DF,Everton,39,1985,20.8,,,,,,,,,,,,,,,,,,,,,Matches
571,Illia Zabarnyi,ua UKR,DF,Bournemouth,21,2002,34.5,,,,,,,,,,,,,,,,,,,,,Matches
572,Oleksandr Zinchenko,ua UKR,"DF,MF",Arsenal,27,1996,5.9,,,,,,,,,,,,,,,,,,,,,Matches
573,Joshua Zirkzee,nl NED,"FW,MF",Manchester Utd,23,2001,15.6,,,,,,,,,,,,,,,,,,,,,Matches
574,Martin Ødegaard,no NOR,MF,Arsenal,25,1998,25.8,,,,,,,,,,,,,,,,,,,,,Matches
