Rk,Player,Nation,Pos,Squad,Age,Born,90s,CrdY,CrdR,2CrdY,Fls,Fld,Off,Crs,Int,TklW,PKwon,PKcon,OG,Matches
1,Tammy Abraham,eng ENG,FW,Roma,25,1997,2.7,1,0,0,6,5,2,2,0,1,,,0,Matches
2,Francesco Acerbi,it ITA,DF,Inter,35,1988,26.5,1,0,0,19,24,3,9,32,14,,,0,Matches
3,Yacine Adli,fr FRA,MF,Milan,23,2000,15.6,3,0,0,26,9,1,50,18,17,,,0,Matches
4,Michel Aebischer,ch SUI,MF,Bologna,26,1997,24.8,8,0,0,36,30,0,12,11,20,,,0,Matches
5,Lucien Agoume,fr FRA,MF,Inter,21,2002,0.1,0,0,0,0,0,0,0,0,0,,,0,Matches
6,Marley Aké,fr FRA,"FW,MF",Udinese,22,2001,0.1,0,0,0,0,0,0,0,0,0,,,0,Matches
7,Ebenezer Akinsanmiro,ng NGA,MF,Inter,18,2004,0.2,0,0,0,0,3,0,0,0,0,,,0,Matches
8,Jean-Daniel Akpa-Akpro,ci CIV,"MF,DF",Monza,30,1992,7.8,5,0,0,15,5,0,1,9,13,,,0,Matches
9,David Akpan Ankeye,ng NGA,FW,Genoa,21,2002,0.6,0,0,0,2,1,0,1,0,0,,,0,Matches
10,Luis Alberto,es ESP,MF,Lazio,30,1992,25.7,7,0,0,16,23,6,149,6,21,,,0,Matches
11,Carlos Alcaraz,ar ARG,MF,Juventus,20,2002,4.2,0,0,0,5,5,0,1,5,6,,,0,Matches
12,Pontus Almqvist,se SWE,"FW,MF",Lecce,24,1999,23.4,5,0,0,29,35,1,22,14,28,,,0,Matches
13,Lorenzo Amatucci,it ITA,MF,Fiorentina,19,2004,0.2,0,0,0,1,0,0,0,0,0,,,0,Matches
14,Bruno Amione,ar ARG,DF,Hellas Verona,21,2002,6.4,2,0,0,10,6,0,1,9,7,,,0,Matches
15,Felipe Anderson,br BRA,"FW,MF",Lazio,30,1993,30.8,3,0,0,30,36,4,57,27,44,,,0,Matches
16,Angeliño,es ESP,"DF,MF",Roma,26,1997,12.7,2,0,0,13,10,1,53,12,11,,,1,Matches
17,Houssem Aouar,dz ALG,"MF,FW",Roma,25,1998,8.4,3,0,0,10,11,3,10,4,11,,,0,Matches
18,Simone Aresti,it ITA,GK,Cagliari,37,1986,0.0,0,0,0,0,0,0,0,0,0,,,0,Matches
19,Marko Arnautović,at AUT,FW,Inter,34,1989,8.9,0,0,0,11,15,8,7,5,3,,,0,Matches
20,Kristjan Asllani,al ALB,MF,Inter,21,2002,8.7,1,0,0,4,19,0,35,11,2,,,0,Matches
21,Emil Audero,id IDN,GK,Inter,26,1997,3.7,0,0,0,0,0,0,0,0,0,,,0,Matches
22,Tommaso Augello,it ITA,"DF,MF",Cagliari,28,1994,26.9,5,0,0,15,15,1,152,13,20,,,0,Matches
23,Carlos Augusto,br BRA,"MF,DF",Inter,24,1999,19.2,1,0,0,17,6,1,39,14,22,,,0,Matches
24,Yann Aurel Bisseck,de GER,DF,Inter,22,2000,10.0,0,0,0,6,11,2,5,6,6,,,0,Matches
25,Sardar Azmoun,ir IRN,"FW,MF",Roma,28,1995,6.5,4,0,0,8,11,2,2,3,5,,,0,Matches
26,Paulo Azzi,br BRA,"MF,DF",Cagliari,29,1994,10.6,1,0,0,5,4,4,49,17,11,,,0,Matches
27,Oussama El Azzouzi,ma MAR,MF,Bologna,22,2001,6.1,4,0,0,14,7,1,2,5,8,,,0,Matches
28,Milan Badelj,hr CRO,MF,Genoa,34,1989,28.2,6,0,0,23,14,0,13,49,28,,,0,Matches
29,Jaime Báez,uy URU,"MF,FW",Frosinone,28,1995,5.6,1,0,0,6,15,5,24,4,1,,,0,Matches
30,Nicola Bagnolini,it ITA,GK,Bologna,19,2004,0.1,0,0,0,0,0,0,0,0,0,,,0,Matches
31,Nedim Bajrami,al ALB,"MF,FW",Sassuolo,24,1999,14.6,0,0,0,12,6,4,77,5,6,,,0,Matches
32,Mitchel Bakker,nl NED,MF,Atalanta,23,2000,4.2,1,0,0,4,4,1,13,3,4,,,0,Matches
33,Tommaso Baldanzi,it ITA,"MF,FW",Empoli,20,2003,8.3,1,0,0,4,16,2,16,2,3,,,0,Matches
34,Tommaso Baldanzi,it ITA,"MF,FW",Roma,20,2003,5.8,2,0,0,7,14,1,5,0,5,,,0,Matches
35,Lameck Banda,zm ZAM,"FW,MF",Lecce,22,2001,15.0,5,1,0,33,30,9,51,3,23,,,0,Matches
36,Daniel Bandeira,pt POR,MF,Hellas Verona,23,2000,5.0,2,0,0,5,3,0,6,4,5,,,0,Matches
37,Mattia Bani,it ITA,DF,Genoa,29,1993,25.6,9,0,0,21,28,2,2,21,10,,,0,Matches
38,Antonín Barák,cz CZE,"MF,FW",Fiorentina,28,1994,9.0,2,0,0,8,7,1,4,2,2,,,0,Matches
39,Nicolò Barella,it ITA,MF,Inter,26,1997,31.6,7,0,0,28,27,3,50,8,28,,,0,Matches
40,Enzo Barrenechea,ar ARG,MF,Frosinone,22,2001,31.2,10,0,0,32,52,0,1,28,42,,,0,Matches
41,Davide Bartesaghi,it ITA,DF,Milan,17,2005,0.9,0,0,0,1,1,0,1,0,1,,,0,Matches
42,Federico Baschirotto,it ITA,DF,Lecce,26,1996,36.6,3,1,0,29,4,0,3,22,11,,,0,Matches
43,Toma Bašić,hr CRO,MF,Salernitana,26,1996,12.9,5,0,0,14,16,0,25,14,13,,,0,Matches
44,Alessandro Bastoni,it ITA,DF,Inter,24,1999,25.2,5,0,0,31,31,0,75,25,32,,,0,Matches
45,Simone Bastoni,it ITA,"MF,DF",Empoli,26,1996,8.3,3,0,0,17,13,0,35,11,12,,,0,Matches
46,Reda Belahyane,ma MAR,MF,Hellas Verona,19,2004,1.0,0,0,0,1,1,0,0,1,1,,,0,Matches
47,Raoul Bellanova,it ITA,MF,Torino,23,2000,33.8,5,0,0,14,53,2,178,15,26,,,0,Matches
48,Andrea Belotti,it ITA,FW,Fiorentina,29,1993,10.5,0,0,0,15,22,7,4,3,3,,,0,Matches
49,Andrea Belotti,it ITA,FW,Roma,29,1993,7.5,1,0,0,14,25,8,4,1,4,,,0,Matches
50,Lucas Beltrán,ar ARG,"FW,MF",Fiorentina,22,2001,18.8,6,0,0,24,28,4,7,2,14,,,0,Matches
51,Ismaël Bennacer,dz ALG,MF,Milan,25,1997,12.8,2,0,0,18,26,1,32,11,21,,,0,Matches
52,Domenico Berardi,it ITA,"MF,FW",Sassuolo,28,1994,15.9,6,0,0,28,28,4,73,13,6,,,0,Matches
53,Bartosz Bereszyński,pl POL,DF,Empoli,31,1992,19.6,3,0,0,23,15,0,16,21,26,,,0,Matches
54,Etrit Berisha,al ALB,GK,Empoli,34,1989,14.0,0,0,0,0,2,0,0,0,0,,,0,Matches
55,Medon Berisha,al ALB,MF,Lecce,19,2003,2.3,0,0,0,7,5,0,3,1,0,,,0,Matches
56,Victor Bernth Kristiansen,dk DEN,DF,Bologna,20,2002,25.6,4,0,0,30,7,1,36,12,33,,,0,Matches
57,Beto,gw GNB,FW,Udinese,25,1998,0.8,0,0,0,0,0,3,0,0,0,,,0,Matches
58,Davide Bettella,it ITA,DF,Monza,23,2000,0.0,0,0,0,0,0,0,0,0,0,,,0,Matches
59,Sam Beukema,nl NED,DF,Bologna,24,1998,28.3,6,1,1,27,11,1,2,17,12,,,0,Matches
60,Jaka Bijol,si SVN,DF,Udinese,24,1999,23.2,4,0,0,28,7,0,1,23,28,,,0,Matches
61,El Bilal Touré,ml MLI,FW,Atalanta,21,2001,4.4,2,0,0,13,8,3,2,1,1,,,0,Matches
62,Cristiano Biraghi,it ITA,DF,Fiorentina,30,1992,26.2,8,0,0,44,14,1,225,15,30,,,0,Matches
63,Davide Biraschi,it ITA,DF,Genoa,29,1994,1.0,0,0,0,0,2,0,0,3,3,,,0,Matches
64,Samuele Birindelli,it ITA,"MF,DF",Monza,24,1999,22.4,7,0,0,30,32,1,55,16,20,,,0,Matches
65,Alexis Blin,fr FRA,MF,Lecce,26,1996,18.2,4,0,0,25,22,0,11,21,21,,,0,Matches
66,Jérôme Boateng,de GER,DF,Salernitana,34,1988,2.6,0,0,0,2,0,1,1,4,0,,,0,Matches
67,Emil Bohinen,no NOR,MF,Salernitana,24,1999,5.9,1,0,0,5,6,0,2,14,6,,,0,Matches
68,Emil Bohinen,no NOR,MF,Genoa,24,1999,0.6,0,0,0,0,0,0,2,0,1,,,0,Matches
69,Daniel Boloca,ro ROU,MF,Sassuolo,24,1998,22.5,6,1,0,25,7,0,8,15,33,,,0,Matches
70,Giacomo Bonaventura,it ITA,MF,Fiorentina,33,1989,25.3,6,0,0,20,35,1,55,12,13,,,0,Matches
71,Federico Bonazzoli,it ITA,FW,Hellas Verona,26,1997,11.3,2,0,0,10,20,9,6,3,1,,,0,Matches
72,Warren Bondo,fr FRA,MF,Monza,19,2003,16.4,9,0,0,31,19,0,2,6,23,,,0,Matches
73,Giovanni Bonfanti,it ITA,DF,Atalanta,20,2003,1.0,0,0,0,2,1,0,2,1,2,,,0,Matches
74,Kevin Bonifazi,it ITA,DF,Frosinone,27,1996,3.4,0,0,0,4,1,0,0,3,3,,,0,Matches
75,Kevin Bonifazi,it ITA,DF,Bologna,27,1996,1.0,0,0,0,1,1,0,0,0,0,,,0,Matches
76,Gennaro Borrelli,it ITA,FW,Frosinone,23,2000,0.3,0,0,0,0,0,2,1,0,0,,,0,Matches
77,Erik Botheim,no NOR,"FW,MF",Salernitana,23,2000,3.5,1,0,0,2,11,0,1,0,0,,,0,Matches
78,Mehdi Bourabia,ma MAR,MF,Frosinone,31,1991,2.2,1,0,0,5,1,1,3,1,4,,,0,Matches
79,Edoardo Bove,it ITA,MF,Roma,21,2002,19.8,2,0,0,31,37,1,8,10,31,,,0,Matches
80,Domagoj Bradarić,hr CRO,"MF,DF",Salernitana,23,1999,30.5,5,0,0,14,34,0,81,31,21,,,0,Matches
81,Josip Brekalo,hr CRO,MF,Fiorentina,25,1998,7.2,0,0,0,13,6,1,22,1,6,,,0,Matches
82,Gleison Bremer,br BRA,DF,Juventus,26,1997,35.9,9,0,0,60,17,2,1,36,44,,,0,Matches
83,Brenner,br BRA,"MF,FW",Udinese,23,2000,2.1,0,0,0,0,3,1,1,0,6,,,0,Matches
84,Marco Brescianini,it ITA,MF,Frosinone,23,2000,25.8,1,0,0,35,24,5,20,9,12,,,0,Matches
85,Dylan Bronn,tn TUN,DF,Salernitana,28,1995,0.6,0,0,0,0,2,0,0,0,0,,,0,Matches
86,Tajon Buchanan,ca CAN,"DF,MF",Inter,24,1999,1.8,0,0,0,1,6,1,11,0,1,,,0,Matches
87,Alessandro Buongiorno,it ITA,DF,Torino,24,1999,28.1,7,0,0,69,39,1,3,72,39,,,0,Matches
88,Rareș-Cătălin Burnete,ro ROU,FW,Lecce,19,2004,0.1,0,0,0,0,0,0,0,0,0,,,0,Matches
89,Jovane Cabral,cv CPV,"MF,FW",Salernitana,25,1998,7.5,1,0,0,19,13,6,14,1,9,,,0,Matches
90,Liberato Cacace,nz NZL,"DF,MF",Empoli,22,2000,21.2,6,0,0,30,18,1,66,19,23,,,0,Matches
91,Jens Cajuste,se SWE,MF,Napoli,23,1999,11.3,7,0,0,29,11,1,6,3,22,,,0,Matches
92,Davide Calabria,it ITA,DF,Milan,26,1996,24.3,5,2,1,25,19,0,35,21,40,,,0,Matches
93,Riccardo Calafiori,it ITA,DF,Bologna,21,2002,26.1,4,0,0,35,27,2,9,51,31,,,1,Matches
94,Mattia Caldara,it ITA,DF,Milan,29,1994,0.4,0,0,0,0,0,0,0,1,1,,,0,Matches
95,Luca Caldirola,it ITA,DF,Monza,32,1991,23.8,7,1,1,24,17,1,4,25,14,,,0,Matches
96,Hakan Çalhanoğlu,tr TUR,MF,Inter,29,1994,28.4,5,0,0,42,23,0,152,22,37,,,0,Matches
97,Francesco Camarda,it ITA,FW,Milan,15,2008,0.2,0,0,0,0,0,0,0,0,0,,,0,Matches
98,Nicolò Cambiaghi,it ITA,"FW,MF",Empoli,22,2000,28.4,3,0,0,48,76,3,133,14,40,,,0,Matches
99,Andrea Cambiaso,it ITA,MF,Juventus,23,2000,26.4,10,0,0,35,20,4,82,11,30,,,0,Matches
100,Matteo Cancellieri,it ITA,"FW,MF",Empoli,21,2002,19.9,7,0,0,35,52,13,42,5,24,,,0,Matches
101,Antonio Candreva,it ITA,MF,Salernitana,36,1987,30.6,5,0,0,11,43,21,219,7,13,,,0,Matches
102,Luigi Canotto,it ITA,"FW,MF",Frosinone,29,1994,0.2,0,0,0,0,1,0,0,0,0,,,0,Matches
103,Gianluca Caprari,it ITA,"MF,FW",Monza,30,1993,3.2,0,0,0,3,5,2,8,2,1,,,0,Matches
104,Elia Caprile,it ITA,GK,Empoli,21,2001,23.0,0,0,0,1,7,0,0,0,0,,,0,Matches
105,Francesco Caputo,it ITA,FW,Empoli,35,1987,14.1,0,0,0,10,14,20,1,0,0,,,0,Matches
106,Andrea Carboni,it ITA,DF,Monza,22,2001,16.5,1,0,0,12,5,1,21,17,22,,,0,Matches
107,Valentin Carboni,ar ARG,MF,Monza,18,2005,13.0,2,0,0,21,20,3,14,7,13,,,0,Matches
108,Marco Carnesecchi,it ITA,GK,Atalanta,23,2000,26.9,0,0,0,1,2,0,0,0,0,,,0,Matches
109,Nicolò Casale,it ITA,DF,Lazio,25,1998,17.3,5,0,0,24,6,0,0,11,10,,,0,Matches
110,Giuseppe Caso,it ITA,FW,Frosinone,24,1998,4.6,2,0,0,5,14,1,2,0,3,,,0,Matches
111,Valentín Castellanos,ar ARG,FW,Lazio,24,1998,18.7,2,0,0,33,31,20,16,3,11,,,0,Matches
112,Samu Castillejo,es ESP,"MF,FW",Sassuolo,28,1995,6.0,2,0,0,11,18,1,34,1,10,,,0,Matches
113,Santiago Castro,ar ARG,FW,Bologna,18,2004,2.7,1,0,0,7,7,0,1,0,1,,,0,Matches
114,Gaetano Castrovilli,it ITA,MF,Fiorentina,26,1997,4.1,0,0,0,4,5,1,9,2,2,,,0,Matches
115,Danilo Cataldi,it ITA,MF,Lazio,28,1994,15.1,8,0,0,17,8,0,31,18,11,,,0,Matches
116,Emil Ceide,no NOR,FW,Sassuolo,21,2001,2.0,0,0,0,2,1,0,5,0,1,,,0,Matches
117,Zeki Çelik,tr TUR,"DF,MF",Roma,26,1997,7.5,1,0,0,14,3,0,20,8,15,,,0,Matches
118,Fabien Centonze,fr FRA,DF,Hellas Verona,27,1996,7.5,2,0,0,13,7,1,28,9,8,,,0,Matches
119,Michele Cerofolini,it ITA,GK,Frosinone,24,1999,7.5,1,0,0,1,0,0,0,0,0,,,1,Matches
120,Alberto Cerri,it ITA,FW,Empoli,27,1996,6.1,2,0,0,15,9,6,1,3,3,,,0,Matches
121,Leonardo Cerri,it ITA,FW,Juventus,20,2003,0.1,0,0,0,0,0,0,0,0,0,,,0,Matches
122,Charlys,br BRA,MF,Hellas Verona,19,2004,0.3,0,0,0,0,0,0,0,1,0,,,0,Matches
123,Walid Cheddira,ma MAR,FW,Frosinone,25,1998,23.6,0,0,0,27,43,16,3,4,7,,,0,Matches
124,Federico Chiesa,it ITA,FW,Juventus,25,1997,24.4,1,0,0,14,40,7,117,6,11,,,0,Matches
125,Oliver Christensen,dk DEN,GK,Fiorentina,24,1999,4.0,0,0,0,2,1,0,0,0,0,,,0,Matches
126,Samuel Chukwueze,ng NGA,"MF,FW",Milan,24,1999,11.3,1,0,0,7,12,7,21,6,7,,,0,Matches
127,Alphadjo Cissè,it ITA,MF,Hellas Verona,16,2006,0.1,0,0,0,1,0,0,0,0,0,,,0,Matches
128,Giorgio Cittadini,it ITA,DF,Monza,21,2002,0.2,1,0,0,1,1,0,0,0,1,,,0,Matches
129,Giorgio Cittadini,it ITA,DF,Genoa,21,2002,1.2,0,0,0,2,4,0,0,3,5,,,0,Matches
130,Patrick Ciurria,it ITA,MF,Monza,28,1995,17.8,2,0,0,29,14,4,53,9,20,,,0,Matches
131,Lorenzo Colombo,it ITA,FW,Monza,21,2002,15.1,3,0,0,25,24,6,2,0,11,,,0,Matches
132,Andrea Colpani,it ITA,MF,Monza,24,1999,29.5,1,0,0,24,45,2,109,12,15,,,0,Matches
133,Pietro Comuzzo,it ITA,DF,Fiorentina,18,2005,0.5,1,0,0,1,0,0,0,1,1,,,0,Matches
134,Andrea Consigli,it ITA,GK,Sassuolo,36,1987,35.0,1,0,0,0,3,0,0,0,0,,,0,Matches
135,Nikita Contini Baranovsky,it ITA,GK,Napoli,27,1996,0.2,0,0,0,0,0,0,0,0,0,,,0,Matches
136,Diego Coppola,it ITA,DF,Hellas Verona,19,2003,18.2,9,0,0,32,4,0,0,28,22,,,0,Matches
137,Tommaso Corazza,it ITA,DF,Bologna,19,2004,2.2,1,0,0,1,3,0,8,5,4,,,0,Matches
138,Jeppe Corfitzen,dk DEN,FW,Lecce,18,2004,0.1,0,0,0,0,0,0,0,0,0,,,0,Matches
139,Giacomo Corona,it ITA,FW,Empoli,19,2004,0.1,0,0,0,1,1,0,0,0,0,,,0,Matches
140,João Costa,br BRA,FW,Roma,18,2005,0.2,1,0,0,2,0,0,1,0,0,,,0,Matches
141,Benoît Costil,fr FRA,GK,Salernitana,36,1987,13.0,0,0,0,0,1,0,1,0,1,,,0,Matches
142,Lassana Coulibaly,ml MLI,MF,Salernitana,27,1996,23.1,5,0,0,33,36,1,9,17,33,,,0,Matches
143,Mamadou Coulibaly,sn SEN,MF,Salernitana,24,1999,0.0,0,0,0,0,0,0,0,0,0,,,0,Matches
144,Alessio Cragno,it ITA,GK,Sassuolo,29,1994,3.0,0,0,0,0,0,0,0,0,0,,,0,Matches
145,Bryan Cristante,it ITA,MF,Roma,28,1995,36.5,8,0,0,77,16,4,28,23,41,,,0,Matches
146,Juan Cruz,ar ARG,FW,Hellas Verona,24,1999,1.2,0,0,0,1,0,0,1,1,2,,,0,Matches
147,Juan Cuadrado,co COL,"DF,FW",Inter,35,1988,3.0,1,0,0,4,6,1,18,1,3,,,0,Matches
148,Marvin Cuni,al ALB,FW,Frosinone,22,2001,5.9,0,0,0,13,12,3,4,1,3,,,0,Matches
149,Danilo D'Ambrosio,it ITA,DF,Monza,34,1988,17.1,5,1,1,18,13,1,7,15,34,,,0,Matches
150,Flavius Daniliuc,at AUT,DF,Salernitana,22,2001,8.3,2,0,0,14,4,0,1,8,11,,,0,Matches
151,Danilo,br BRA,DF,Juventus,32,1991,27.2,7,0,0,26,14,1,18,36,35,,,0,Matches
152,Matteo Darmian,it ITA,"MF,DF",Inter,33,1989,26.7,2,0,0,27,10,1,22,15,24,,,0,Matches
153,Juan David Cabal,co COL,DF,Hellas Verona,22,2001,16.6,6,0,0,27,16,1,33,28,29,,,0,Matches
154,Keinan Davis,eng ENG,FW,Udinese,25,1998,2.1,2,0,0,5,3,3,0,0,0,,,0,Matches
155,Paweł Dawidowicz,pl POL,DF,Hellas Verona,28,1995,23.8,5,0,0,33,9,0,2,22,30,,,1,Matches
156,Charles De Ketelaere,be BEL,"FW,MF",Atalanta,22,2001,22.5,1,0,0,17,47,6,47,6,21,,,1,Matches
157,Mattia De Sciglio,it ITA,DF,Juventus,30,1992,0.5,0,0,0,0,1,0,0,1,0,,,0,Matches
158,Lorenzo De Silvestri,it ITA,DF,Bologna,35,1988,7.5,0,0,0,3,6,0,9,6,9,,,0,Matches
159,Koni De Winter,be BEL,DF,Genoa,21,2002,26.4,8,1,1,38,11,0,5,23,25,,,0,Matches
160,Grégoire Defrel,mq MTQ,"MF,FW",Sassuolo,32,1991,8.4,0,0,0,9,8,1,2,4,7,,,0,Matches
161,Alessandro Deiola,it ITA,MF,Cagliari,27,1995,17.9,7,0,0,24,17,0,15,10,21,,,1,Matches
162,Alessandro Dellavalle,it ITA,DF,Torino,19,2004,0.2,0,0,0,0,1,0,0,1,0,,,0,Matches
163,Diego Demme,de GER,MF,Napoli,31,1991,0.8,1,0,0,1,2,0,3,0,1,,,0,Matches
164,Leander Dendoncker,be BEL,"DF,MF",Napoli,28,1995,0.3,0,0,0,0,1,0,0,0,0,,,0,Matches
165,Mattia Destro,it ITA,FW,Empoli,32,1991,4.1,2,0,0,6,8,4,0,3,1,,,0,Matches
166,Federico Di Francesco,it ITA,"FW,MF",Lecce,29,1994,0.2,0,0,0,0,0,0,1,0,0,,,0,Matches
167,Raffaele Di Gennaro,it ITA,GK,Inter,29,1993,0.3,0,0,0,0,0,0,0,0,0,,,0,Matches
168,Michele Di Gregorio,it ITA,GK,Monza,26,1997,31.9,0,0,0,0,4,0,0,2,0,,,0,Matches
169,Giovanni Di Lorenzo,it ITA,DF,Napoli,29,1993,35.9,6,0,0,28,37,5,125,22,36,,,0,Matches
170,Alessandro Di Pardo,it ITA,"MF,DF",Cagliari,24,1999,4.0,0,0,0,3,2,1,18,5,1,,,0,Matches
171,Boulaye Dia,sn SEN,"FW,MF",Salernitana,26,1996,12.7,1,0,0,11,24,3,1,3,2,,,0,Matches
172,Federico Dimarco,it ITA,MF,Inter,25,1997,23.1,0,0,0,12,21,5,197,7,26,,,0,Matches
173,Tiago Djaló,pt POR,DF,Juventus,23,2000,0.2,0,0,0,0,1,0,0,0,0,,,0,Matches
174,Koffi Djidji,ci CIV,DF,Torino,30,1992,8.4,2,0,0,11,1,0,2,10,8,,,0,Matches
175,Berat Djimsiti,al ALB,DF,Atalanta,30,1993,31.5,5,0,0,17,11,0,6,59,24,,,0,Matches
176,Dodô,br BRA,DF,Fiorentina,24,1998,5.8,0,0,0,7,8,0,19,5,3,,,0,Matches
177,Josh Doig,sct SCO,"MF,DF",Hellas Verona,21,2002,9.2,2,0,0,7,4,1,30,4,10,,,0,Matches
178,Josh Doig,sct SCO,"DF,MF",Sassuolo,21,2002,14.9,5,0,0,16,11,0,46,15,17,,,0,Matches
179,Nicolás Domínguez,ar ARG,MF,Bologna,25,1998,1.1,0,0,0,3,0,0,0,0,0,,,0,Matches
180,Giulio Donati,it ITA,DF,Monza,33,1990,0.4,2,0,0,1,0,0,4,0,0,,,0,Matches
181,Patrick Dorgu,dk DEN,"MF,DF",Lecce,18,2004,17.4,6,0,0,25,44,2,39,9,22,,,0,Matches
182,Alberto Dossena,it ITA,DF,Cagliari,24,1998,33.1,5,0,0,38,42,0,1,46,35,,,2,Matches
183,Radu Drăgușin,ro ROU,DF,Genoa,21,2002,19.0,1,0,0,14,14,0,1,21,12,,,0,Matches
184,Ondrej Duda,sk SVK,MF,Hellas Verona,28,1994,27.3,14,2,2,55,51,0,94,26,36,,,0,Matches
185,Denzel Dumfries,nl NED,MF,Inter,27,1996,18.2,2,1,0,25,18,5,47,12,11,,,0,Matches
186,Alfred Duncan,gh GHA,MF,Fiorentina,30,1993,21.0,2,0,0,26,15,3,67,10,24,,,0,Matches
187,Paulo Dybala,ar ARG,"FW,MF",Roma,29,1993,21.8,3,0,0,12,50,5,88,3,13,,,0,Matches
188,Festy Ebosele,ie IRL,MF,Udinese,20,2002,18.9,6,1,1,29,45,1,44,11,20,,,0,Matches
189,Enzo Ebosse,cm CMR,DF,Udinese,24,1999,0.1,0,0,0,0,0,0,0,1,1,,,0,Matches
190,Tyronne Ebuehi,ng NGA,DF,Empoli,27,1995,12.2,0,0,0,7,9,3,23,6,10,,,0,Matches
191,Éderson,br BRA,MF,Atalanta,24,1999,31.9,8,0,0,45,34,0,18,39,48,,,0,Matches
192,Kingsley Ehizibue,nl NED,MF,Udinese,28,1995,10.6,4,0,0,12,21,5,16,9,14,,,0,Matches
193,Emmanuel Ekong,se SWE,FW,Empoli,21,2002,0.1,0,0,0,0,1,0,0,0,0,,,0,Matches
194,Caleb Ekuban,gh GHA,FW,Genoa,29,1994,12.6,0,0,0,17,27,3,4,1,4,,,0,Matches
195,Elif Elmas,mk MKD,"MF,FW",Napoli,23,1999,3.8,2,0,0,7,6,1,6,1,3,,,0,Matches
196,Martin Erlic,hr CRO,DF,Sassuolo,25,1998,29.1,5,0,0,30,26,0,5,27,22,,,0,Matches
197,Giovanni Fabbian,it ITA,MF,Bologna,20,2003,11.7,4,0,0,16,18,2,5,7,9,,,0,Matches
198,Nicolò Fagioli,it ITA,MF,Juventus,22,2001,4.9,1,0,0,3,5,1,19,4,3,,,0,Matches
199,Wladimiro Falcone,it ITA,GK,Lecce,28,1995,38.0,0,0,0,0,5,0,0,1,0,,,0,Matches
200,Davide Faraoni,it ITA,MF,Hellas Verona,31,1991,6.7,5,0,0,11,9,0,19,6,10,,,0,Matches
201,Davide Faraoni,it ITA,DF,Fiorentina,31,1991,4.4,0,0,0,3,6,0,17,5,5,,,0,Matches
202,Federico Fazio,ar ARG,DF,Salernitana,36,1987,15.1,3,1,0,8,9,0,0,17,11,,,0,Matches
203,Jacopo Fazzini,it ITA,MF,Empoli,20,2003,13.7,6,0,0,23,27,1,54,11,25,,,0,Matches
204,Lewis Ferguson,sct SCO,MF,Bologna,23,1999,30.1,8,0,0,51,72,4,11,15,22,,,0,Matches
205,Andrea Ferraris,it ITA,FW,Monza,20,2003,0.1,0,0,0,0,0,0,0,0,1,,,0,Matches
206,João Ferreira,pt POR,"DF,MF",Udinese,22,2001,20.2,9,0,0,35,11,2,21,30,43,,,0,Matches
207,Seydou Fini,it ITA,FW,Genoa,17,2006,0.4,0,0,0,0,2,0,1,0,0,,,0,Matches
208,Vincenzo Fiorillo,it ITA,GK,Salernitana,33,1990,4.0,1,1,0,0,3,0,0,0,0,,,0,Matches
209,Alessandro Florenzi,it ITA,"DF,MF",Milan,32,1991,19.2,5,0,0,12,9,2,121,20,20,,,0,Matches
210,Michael Folorunsho,it ITA,MF,Hellas Verona,25,1998,30.9,5,0,0,50,74,11,64,16,27,,,0,Matches
211,Davide Frattesi,it ITA,MF,Inter,23,1999,10.6,1,0,0,12,16,1,11,5,6,,,0,Matches
212,Morten Frendrup,dk DEN,MF,Genoa,22,2001,34.9,6,0,0,49,35,1,12,48,72,,,0,Matches
213,Remo Freuler,ch SUI,MF,Bologna,31,1992,29.2,9,0,0,44,15,0,8,34,50,,,0,Matches
214,Gerardo Fusco,it ITA,FW,Salernitana,18,2005,0.2,0,0,0,0,0,0,1,0,0,,,0,Matches
215,Matteo Gabbia,it ITA,DF,Milan,23,1999,14.2,5,0,0,27,8,0,0,10,20,,,0,Matches
216,Gianluca Gaetano,it ITA,MF,Napoli,23,2000,1.8,1,0,0,3,1,0,3,1,1,,,0,Matches
217,Gianluca Gaetano,it ITA,"MF,FW",Cagliari,23,2000,8.3,1,1,0,10,12,3,16,4,3,,,0,Matches
218,Roberto Gagliardini,it ITA,"MF,DF",Monza,29,1994,26.2,5,0,0,26,21,1,9,30,29,,,0,Matches
219,Pablo Galdames Millán,cl CHI,MF,Genoa,26,1996,0.1,0,0,0,1,0,0,0,0,0,,,0,Matches
220,Antonino Gallo,it ITA,DF,Lecce,23,2000,27.7,2,0,0,9,17,3,137,23,26,,,0,Matches
221,Luca Garritano,it ITA,MF,Frosinone,29,1994,5.4,1,0,0,6,7,0,16,3,5,,,0,Matches
222,Federico Gatti,it ITA,DF,Juventus,25,1998,29.3,7,0,0,39,15,0,18,17,22,,,2,Matches
223,Francesco Gelli,it ITA,"MF,DF",Frosinone,26,1996,17.3,3,0,0,16,41,1,53,10,13,,,0,Matches
224,Luca Gemello,it ITA,GK,Torino,23,2000,2.0,0,0,0,0,0,0,0,0,0,,,0,Matches
225,Valentin Gendrey,fr FRA,DF,Lecce,23,2000,33.8,5,0,0,27,40,3,61,34,32,,,0,Matches
226,Farés Ghedjemis,fr FRA,FW,Frosinone,20,2002,2.0,1,0,0,2,0,1,6,1,0,,,0,Matches
227,Lautaro Gianetti,ar ARG,DF,Udinese,29,1993,7.0,4,0,0,9,0,0,0,18,4,,,1,Matches
228,Mario Gila,es ESP,DF,Lazio,22,2000,20.1,4,1,1,21,23,1,8,21,14,,,0,Matches
229,Gvidas Gineitis,lt LTU,MF,Torino,19,2004,6.0,2,0,0,9,3,0,22,4,7,,,0,Matches
230,Olivier Giroud,fr FRA,FW,Milan,36,1986,26.3,1,1,0,31,24,14,3,6,11,,,0,Matches
231,Edoardo Goldaniga,it ITA,DF,Cagliari,29,1993,11.2,3,0,0,14,10,3,11,15,7,,,0,Matches
232,Pierluigi Gollini,it ITA,GK,Napoli,28,1995,7.0,0,0,0,0,1,0,0,1,1,,,0,Matches
233,Papu Gómez,ar ARG,"FW,MF",Monza,35,1988,0.5,0,0,0,0,0,0,5,1,0,,,0,Matches
234,Iron Gomis,fr FRA,MF,Salernitana,23,1999,1.5,0,0,0,2,2,1,1,2,1,,,0,Matches
235,Joan Gonzàlez,es ESP,MF,Lecce,21,2002,14.3,6,0,0,15,33,1,10,4,19,,,0,Matches
236,Nicolás González,ar ARG,MF,Fiorentina,25,1998,21.3,1,0,0,21,36,2,40,12,18,,,0,Matches
237,Alberto Grassi,it ITA,MF,Empoli,28,1995,20.1,6,1,1,22,33,0,5,39,17,,,1,Matches
238,Mattéo Guendouzi,fr FRA,MF,Lazio,24,1999,26.3,3,1,0,26,34,0,40,23,15,,,0,Matches
239,Axel Guessand,fr FRA,DF,Udinese,18,2004,0.5,0,0,0,0,1,0,0,0,1,,,0,Matches
240,Albert Guðmundsson,is ISL,"FW,MF",Genoa,26,1997,33.5,4,0,0,28,46,11,179,11,10,,,0,Matches
241,Emmanuel Gyasi,gh GHA,MF,Empoli,29,1994,20.9,8,0,0,40,21,6,22,5,17,,,0,Matches
242,Norbert Gyömbér,sk SVK,DF,Salernitana,31,1992,19.6,9,0,0,33,18,0,0,23,19,,,1,Matches
243,Nicolas Haas,ch SUI,MF,Empoli,27,1996,1.0,1,0,0,1,1,0,0,1,3,,,0,Matches
244,Ridgeciano Haps,sr SUR,MF,Genoa,30,1993,8.6,0,0,0,3,16,1,16,6,6,,,0,Matches
245,Abdou Harroui,nl NED,MF,Frosinone,25,1998,11.3,2,0,0,17,16,1,12,5,11,,,0,Matches
246,Hans Hateboer,nl NED,MF,Atalanta,29,1994,12.4,5,0,0,16,3,0,35,4,5,,,0,Matches
247,Pantelis Hatzidiakos,gr GRE,DF,Cagliari,26,1997,9.5,1,0,0,7,4,0,6,11,11,,,0,Matches
248,Silvan Hefti,ch SUI,MF,Genoa,25,1997,1.3,0,0,0,2,1,0,2,0,1,,,0,Matches
249,Liam Henderson,sct SCO,MF,Empoli,27,1996,0.1,0,0,0,0,0,0,1,0,0,,,0,Matches
250,Matheus Henrique,br BRA,MF,Sassuolo,25,1997,27.8,8,1,1,21,38,2,28,24,29,,,0,Matches
251,Thomas Henry,fr FRA,FW,Hellas Verona,28,1994,3.7,2,2,0,15,5,3,3,0,0,,,0,Matches
252,Theo Hernández,fr FRA,DF,Milan,25,1997,31.0,11,1,0,38,50,2,71,21,17,,,0,Matches
253,Isak Hien,se SWE,DF,Hellas Verona,24,1999,9.6,1,1,0,11,2,0,0,7,10,,,0,Matches
254,Isak Hien,se SWE,DF,Atalanta,24,1999,10.4,3,0,0,18,9,2,0,14,12,,,0,Matches
255,Emil Holm,se SWE,MF,Atalanta,23,2000,10.5,5,0,0,14,21,1,34,7,20,,,0,Matches
256,Martin Hongla,cm CMR,MF,Hellas Verona,25,1998,12.0,0,0,0,6,6,1,4,7,13,,,0,Matches
257,Sydney van Hooijdonk,nl NED,FW,Bologna,23,2000,2.4,0,0,0,6,3,1,1,1,0,,,0,Matches
258,Dean Huijsen,es ESP,DF,Juventus,18,2005,0.1,0,0,0,0,0,0,0,0,0,,,0,Matches
259,Dean Huijsen,es ESP,DF,Roma,18,2005,5.7,4,0,0,10,2,0,1,3,5,,,1,Matches
260,Elseid Hysaj,al ALB,DF,Lazio,29,1994,13.3,2,0,0,14,9,3,18,18,14,,,0,Matches
261,Arijon Ibrahimović,de GER,"MF,FW",Frosinone,17,2005,5.3,1,0,0,3,4,2,7,1,6,,,0,Matches
262,Jonathan Ikone,fr FRA,MF,Fiorentina,25,1998,18.7,5,0,0,16,15,5,11,2,12,,,0,Matches
263,Chukwubuikem Ikwuemesi,ng NGA,FW,Salernitana,21,2001,11.8,2,0,0,35,20,9,2,1,1,,,0,Matches
264,Ivan Ilić,rs SRB,MF,Torino,22,2001,23.3,3,0,0,24,25,1,91,20,9,,,0,Matches
265,Samuel Iling-Junior,eng ENG,MF,Juventus,19,2003,9.0,1,0,0,15,5,1,46,6,13,,,0,Matches
266,Ciro Immobile,it ITA,FW,Lazio,33,1990,18.4,8,0,0,22,30,14,7,3,8,,,0,Matches
267,Gino Infantino,ar ARG,MF,Fiorentina,20,2003,1.1,1,0,0,4,2,0,0,3,1,,,0,Matches
268,Gustav Isaksen,dk DEN,"FW,MF",Lazio,22,2001,11.9,3,0,0,17,24,3,29,3,4,,,0,Matches
269,Ardian Ismajli,al ALB,DF,Empoli,26,1996,22.7,2,0,0,18,16,0,4,24,15,,,0,Matches
270,Armando Izzo,it ITA,DF,Monza,31,1992,18.3,9,0,0,32,25,1,3,24,20,,,0,Matches
271,Filip Jagiełło,pl POL,MF,Genoa,25,1997,0.4,0,0,0,0,0,0,0,1,0,,,0,Matches
272,Jakub Jankto,cz CZE,MF,Cagliari,27,1996,9.7,0,0,0,9,8,1,26,5,9,,,0,Matches
273,Juan Jesus,br BRA,DF,Napoli,32,1991,23.5,7,0,0,28,9,0,0,22,20,,,0,Matches
274,Álex Jiménez,es ESP,DF,Milan,18,2005,0.8,1,0,0,2,1,0,1,0,1,,,0,Matches
275,Kaio Jorge,br BRA,FW,Frosinone,21,2002,9.0,2,0,0,8,10,2,3,2,4,,,0,Matches
276,Luka Jović,rs SRB,FW,Milan,25,1997,9.7,2,1,0,8,12,2,1,1,3,,,0,Matches
277,Hamed Junior Traorè,ci CIV,MF,Napoli,23,2000,4.2,1,0,0,4,7,1,7,1,2,,,0,Matches
278,Mohamed Kaba,fr FRA,MF,Lecce,21,2001,15.3,4,1,1,26,21,0,6,12,20,,,0,Matches
279,Christian Kabasele,be BEL,DF,Udinese,32,1991,9.6,5,0,0,15,9,0,2,12,6,,,0,Matches
280,Yayah Kallon,sl SLE,FW,Hellas Verona,22,2001,0.0,0,0,0,0,0,0,0,0,0,,,0,Matches
281,Pierre Kalulu,fr FRA,DF,Milan,23,2000,4.2,0,0,0,1,3,0,5,1,1,,,0,Matches
282,Daichi Kamada,jp JPN,MF,Lazio,26,1996,17.2,3,0,0,39,13,2,11,18,36,,,0,Matches
283,Hassane Kamara,ci CIV,MF,Udinese,29,1994,24.7,4,0,0,21,8,6,70,25,32,,,0,Matches
284,Yann Karamoh,fr FRA,MF,Torino,25,1998,1.8,0,0,0,2,3,2,6,0,0,,,0,Matches
285,Jesper Karlsson,se SWE,MF,Bologna,25,1998,3.8,0,0,0,4,1,1,25,3,3,,,0,Matches
286,Rick Karsdorp,nl NED,"MF,DF",Roma,28,1995,13.2,2,0,0,9,9,0,28,9,18,,,0,Matches
287,Grigoris Kastanos,cy CYP,MF,Salernitana,25,1998,16.4,5,0,0,18,44,3,38,6,14,,,0,Matches
288,Michael Kayode,it ITA,DF,Fiorentina,19,2004,22.9,2,0,0,14,19,2,65,18,30,,,0,Matches
289,Moise Kean,it ITA,FW,Juventus,23,2000,7.3,2,0,0,13,13,7,1,2,5,,,0,Matches
290,Simon Kjær,dk DEN,DF,Milan,34,1989,13.0,1,0,0,9,2,0,1,13,15,,,0,Matches
291,Davy Klaassen,nl NED,MF,Inter,30,1993,2.3,1,0,0,3,0,1,0,3,2,,,0,Matches
292,Sead Kolašinac,ba BIH,DF,Atalanta,30,1993,24.2,4,0,0,29,20,1,9,20,32,,,0,Matches
293,Teun Koopmeiners,nl NED,MF,Atalanta,25,1998,29.2,5,0,0,53,23,5,120,9,27,,,0,Matches
294,Filip Kostić,rs SRB,MF,Juventus,30,1992,20.2,2,0,0,19,18,7,168,9,23,,,0,Matches
295,Christian Kouamé,ci CIV,MF,Fiorentina,25,1997,12.1,0,0,0,17,25,0,20,2,3,,,0,Matches
296,Viktor Kovalenko,ua UKR,MF,Empoli,27,1996,6.8,1,0,0,7,10,2,13,2,2,,,0,Matches
297,Rasmus Kristensen,dk DEN,"MF,DF",Roma,26,1997,19.4,5,0,0,14,8,1,43,7,18,,,1,Matches
298,Thomas Kristensen,dk DEN,DF,Udinese,21,2002,23.3,4,1,1,26,7,1,1,29,23,,,0,Matches
299,Nikola Krstović,me MNE,FW,Lecce,23,2000,26.4,4,1,0,45,54,14,4,3,8,,,0,Matches
300,Rade Krunić,ba BIH,MF,Milan,29,1993,7.6,3,0,0,10,11,0,4,11,8,,,0,Matches
301,Marash Kumbulla,al ALB,DF,Sassuolo,23,2000,4.0,1,0,0,3,1,0,0,0,2,,,1,Matches
302,Justin Kumi,it ITA,MF,Sassuolo,19,2004,0.0,0,0,0,0,0,0,0,0,0,,,0,Matches
303,Berkan Kutlu,tr TUR,MF,Genoa,25,1998,2.2,0,0,0,4,4,0,12,4,3,,,0,Matches
304,Khvicha Kvaratskhelia,ge GEO,FW,Napoli,22,2001,30.4,8,0,0,25,80,4,99,13,22,,,0,Matches
305,Giorgi Kvernadze,ge GEO,FW,Frosinone,20,2003,0.7,0,0,0,3,1,0,1,1,0,,,0,Matches
306,Giorgos Kyriakopoulos,gr GRE,"MF,DF",Monza,27,1996,19.0,3,0,0,15,14,2,84,12,10,,,0,Matches
307,Gianluca Lapadula,pe PER,FW,Cagliari,33,1990,13.4,3,0,0,22,18,15,7,2,1,,,0,Matches
308,Armand Lauriente,fr FRA,"MF,FW",Sassuolo,24,1998,32.3,5,0,0,34,55,4,134,18,21,,,0,Matches
309,Valentino Lazaro,at AUT,MF,Torino,27,1996,22.2,3,0,0,12,10,1,126,8,11,,,0,Matches
310,Darko Lazović,rs SRB,MF,Hellas Verona,32,1990,21.4,0,1,0,5,6,13,96,6,17,,,0,Matches
311,Manuel Lazzari,it ITA,"DF,MF",Lazio,29,1993,18.6,4,1,0,15,20,1,56,12,19,,,0,Matches
312,Nicola Leali,it ITA,GK,Genoa,30,1993,2.0,1,0,0,0,0,0,0,0,0,,,0,Matches
313,Rafael Leão,pt POR,"MF,FW",Milan,24,1999,27.9,5,0,0,26,52,17,106,9,10,,,0,Matches
314,Jesper Lindstrøm,dk DEN,FW,Napoli,23,2000,4.8,2,0,0,6,4,2,12,2,2,,,0,Matches
315,Karol Linetty,pl POL,MF,Torino,28,1995,20.6,12,0,0,50,18,2,19,23,19,,,0,Matches
316,Luca Lipani,it ITA,MF,Sassuolo,18,2005,4.3,0,0,0,6,1,0,5,6,7,,,0,Matches
317,Pol Lirola,es ESP,"DF,MF",Frosinone,25,1997,17.1,1,0,0,7,11,2,25,18,19,,,0,Matches
318,Marcin Listkowski,pl POL,"FW,MF",Lecce,25,1998,0.1,0,0,0,0,0,0,0,0,0,,,0,Matches
319,Diego Llorente,es ESP,DF,Roma,29,1993,24.1,5,0,0,26,23,0,6,22,19,,,0,Matches
320,Stanislav Lobotka,sk SVK,MF,Napoli,28,1994,36.5,4,0,0,33,41,0,3,31,40,,,0,Matches
321,Manuel Locatelli,it ITA,MF,Juventus,25,1998,33.4,6,0,0,41,24,2,10,26,47,,,0,Matches
322,Ruben Loftus-Cheek,eng ENG,MF,Milan,27,1996,23.0,5,0,0,39,45,1,13,10,18,,,0,Matches
323,Ademola Lookman,ng NGA,"FW,MF",Atalanta,25,1997,21.0,4,0,0,28,34,12,69,9,15,,,0,Matches
324,Maxime Lopez,fr FRA,MF,Sassuolo,25,1997,1.6,0,1,0,2,2,0,0,2,1,,,0,Matches
325,Maxime Lopez,fr FRA,MF,Fiorentina,25,1997,8.9,1,0,0,8,5,0,16,7,7,,,0,Matches
326,Matteo Lovato,it ITA,DF,Torino,23,2000,6.0,2,0,0,14,0,0,0,14,6,,,0,Matches
327,Matteo Lovato,it ITA,DF,Salernitana,23,2000,10.5,2,0,0,7,5,0,1,19,14,,,0,Matches
328,Sandi Lovrić,si SVN,MF,Udinese,25,1998,22.1,1,1,0,25,23,1,81,21,13,,,0,Matches
329,Lorenzo Lucca,it ITA,FW,Udinese,22,2000,28.8,6,0,0,52,54,21,8,4,11,,,0,Matches
330,Jhon Lucumí,co COL,DF,Bologna,25,1998,24.6,1,0,0,10,18,1,1,15,29,,,0,Matches
331,José Luis Palomino,ar ARG,DF,Atalanta,33,1990,0.3,0,0,0,0,0,0,0,1,1,,,0,Matches
332,Romelu Lukaku,be BEL,FW,Roma,30,1993,29.3,5,1,0,24,17,25,13,0,6,,,0,Matches
333,Karlo Lulić,hr CRO,MF,Frosinone,27,1996,0.2,0,0,0,0,0,0,0,1,0,,,0,Matches
334,Sebastiano Luperto,it ITA,DF,Empoli,26,1996,37.8,4,0,0,25,18,1,9,28,27,,,0,Matches
335,Mateus Lusuardi,br BRA,DF,Frosinone,19,2004,2.4,1,0,0,2,0,0,1,4,1,,,0,Matches
336,Zito Luvumbo,ao ANG,"MF,FW",Cagliari,21,2002,21.6,5,0,0,31,66,14,82,1,7,,,0,Matches
337,Babis Lykogiannis,gr GRE,DF,Bologna,29,1993,10.0,2,0,0,12,0,2,58,5,6,,,0,Matches
338,Giulio Maggiore,it ITA,MF,Salernitana,25,1998,20.0,9,1,1,39,36,1,3,22,26,,,0,Matches
339,Giangiacomo Magnani,it ITA,DF,Hellas Verona,27,1995,27.2,6,0,0,27,30,0,12,45,17,,,0,Matches
340,Mike Maignan,fr FRA,GK,Milan,28,1995,29.0,1,1,0,1,5,0,0,1,0,,,0,Matches
341,Antoine Makoumbou,cg CGO,MF,Cagliari,25,1998,30.0,5,2,1,28,28,1,11,16,22,,,0,Matches
342,Daniel Maldini,it ITA,"FW,MF",Empoli,21,2001,2.9,1,0,0,8,5,0,5,2,2,,,0,Matches
343,Daniel Maldini,it ITA,MF,Monza,21,2001,3.7,0,0,0,2,5,2,10,2,2,,,0,Matches
344,Youssef Maleh,ma MAR,MF,Empoli,24,1998,28.9,11,0,0,57,37,0,47,23,50,,,0,Matches
345,Ruslan Malinovskyi,ua UKR,"MF,FW",Genoa,30,1993,17.2,7,0,0,30,17,0,19,5,22,,,0,Matches
346,Gianluca Mancini,it ITA,DF,Roma,27,1996,31.9,9,0,0,49,31,0,24,34,19,,,0,Matches
347,Marco Mancosu,it ITA,"MF,FW",Cagliari,34,1988,1.7,0,0,0,3,1,2,4,0,0,,,0,Matches
348,Christos Mandas,gr GRE,GK,Lazio,21,2001,8.0,0,0,0,0,1,0,0,1,0,,,0,Matches
349,Rolando Mandragora,it ITA,MF,Fiorentina,26,1997,17.6,5,0,0,26,25,0,34,9,10,,,0,Matches
350,Kostas Manolas,gr GRE,DF,Salernitana,32,1991,5.4,0,0,0,5,3,0,1,2,6,,,0,Matches
351,Riccardo Marchizza,it ITA,DF,Frosinone,25,1998,12.8,1,0,0,6,3,0,22,7,6,,,0,Matches
352,Gian Marco Ferrari,it ITA,DF,Sassuolo,31,1992,25.2,4,0,0,26,21,0,14,26,11,,,0,Matches
353,Pablo Marí,es ESP,DF,Monza,29,1993,29.1,7,0,0,37,9,0,4,37,26,,,0,Matches
354,Mirko Marić,hr CRO,FW,Monza,28,1995,3.2,0,1,0,4,5,3,1,2,1,,,0,Matches
355,Răzvan Marin,ro ROU,MF,Empoli,27,1996,20.2,3,0,0,28,18,1,97,6,21,,,0,Matches
356,Agustín Martegani,ar ARG,MF,Salernitana,23,2000,8.1,1,0,0,10,14,0,1,4,7,,,0,Matches
357,Aarón Martín,es ESP,"MF,DF",Genoa,26,1997,15.3,4,1,1,23,17,2,105,7,10,,,0,Matches
358,Tommaso Martinelli,it ITA,GK,Fiorentina,17,2006,1.0,0,0,0,0,0,0,0,0,0,,,0,Matches
359,Josep Martinez,es ESP,GK,Genoa,25,1998,36.0,4,1,1,2,11,0,0,0,0,,,0,Matches
360,Lautaro Martínez,ar ARG,FW,Inter,25,1997,29.5,5,0,0,46,59,12,16,17,14,,,0,Matches
361,Lucas Martínez Quarta,ar ARG,DF,Fiorentina,27,1996,25.5,9,0,0,41,13,1,5,29,52,,,0,Matches
362,Adam Marušić,me MNE,"DF,MF",Lazio,30,1992,34.4,3,1,0,24,10,4,44,28,32,,,0,Matches
363,Adam Masina,ma MAR,MF,Udinese,29,1994,0.7,2,0,0,3,0,0,0,2,0,,,0,Matches
364,Adam Masina,ma MAR,DF,Torino,29,1994,11.4,0,0,0,18,5,0,4,11,12,,,0,Matches
365,Alan Matturro,uy URU,MF,Genoa,18,2004,1.2,0,0,0,0,0,0,0,2,1,,,1,Matches
366,Luca Mazzitelli,it ITA,MF,Frosinone,27,1995,24.6,6,1,1,45,36,1,43,20,26,,,0,Matches
367,Pasquale Mazzocchi,it ITA,"MF,DF",Salernitana,28,1995,14.1,4,0,0,23,9,3,44,4,18,,,0,Matches
368,Pasquale Mazzocchi,it ITA,"DF,MF",Napoli,28,1995,4.8,0,1,0,9,7,0,14,1,3,,,0,Matches
369,Jordi Mboula,es ESP,"MF,FW",Hellas Verona,24,1999,3.4,0,0,0,5,4,2,8,1,3,,,0,Matches
370,Weston McKennie,us USA,MF,Juventus,24,1998,28.8,6,0,0,23,12,6,59,19,29,,,0,Matches
371,Arthur Melo,br BRA,MF,Fiorentina,26,1996,22.1,2,0,0,18,47,0,21,19,29,,,0,Matches
372,Leonardo Mendicino,it ITA,MF,Atalanta,17,2006,0.0,0,0,0,0,0,0,0,0,0,,,0,Matches
373,Alex Meret,it ITA,GK,Napoli,26,1997,30.8,0,0,0,0,3,0,0,0,0,,,0,Matches
374,Junior Messias,br BRA,"MF,FW",Genoa,32,1991,11.7,0,0,0,7,22,5,24,5,19,,,0,Matches
375,Nikola Milenković,rs SRB,DF,Fiorentina,25,1997,27.9,4,0,0,30,23,0,0,27,19,,,0,Matches
376,Arkadiusz Milik,pl POL,FW,Juventus,29,1994,10.2,2,1,0,21,26,11,4,5,6,,,0,Matches
377,Vanja Milinković-Savić,rs SRB,GK,Torino,26,1997,36.0,2,0,0,0,2,0,0,1,0,,,0,Matches
378,Yerry Mina,co COL,DF,Fiorentina,28,1994,0.5,1,0,0,3,2,0,0,0,1,,,0,Matches
379,Yerry Mina,co COL,DF,Cagliari,28,1994,13.5,4,0,0,17,18,0,2,4,13,,,0,Matches
380,Aleksei Miranchuk,ru RUS,"MF,FW",Atalanta,27,1995,13.1,1,0,0,12,31,3,83,3,6,,,0,Matches
381,Kevin Miranda,it ITA,DF,Sassuolo,20,2003,0.2,0,0,0,0,0,0,0,0,0,,,0,Matches
382,Antonio Mirante,it ITA,GK,Milan,40,1983,2.0,0,0,0,0,0,0,0,0,0,,,0,Matches
383,Fabio Miretti,it ITA,MF,Juventus,19,2003,12.3,3,0,0,22,29,1,32,8,15,,,0,Matches
384,Filippo Missori,it ITA,MF,Sassuolo,19,2004,3.0,0,0,0,1,2,0,5,3,3,,,0,Matches
385,Stefan Mitrović,rs SRB,MF,Hellas Verona,20,2002,4.3,0,0,0,10,6,1,15,0,3,,,0,Matches
386,Henrikh Mkhitaryan,am ARM,MF,Inter,34,1989,30.9,4,0,0,35,29,3,31,28,33,,,0,Matches
387,Ilario Monterisi,it ITA,DF,Frosinone,21,2001,16.3,1,0,0,10,17,1,5,8,13,,,0,Matches
388,Lorenzo Montipò,it ITA,GK,Hellas Verona,27,1996,37.0,0,0,0,0,3,0,0,0,1,,,0,Matches
389,Nikola Moro,hr CRO,"MF,FW",Bologna,25,1998,9.3,0,0,0,12,9,0,13,7,17,,,0,Matches
390,Dany Mota,pt POR,"MF,FW",Monza,25,1998,22.8,3,0,0,22,28,6,90,2,7,,,0,Matches
391,Samuele Mulattieri,it ITA,FW,Sassuolo,22,2000,5.1,1,0,0,7,5,0,0,1,1,,,0,Matches
392,Luis Muriel,co COL,FW,Atalanta,32,1991,4.5,0,0,0,6,14,1,31,1,2,,,0,Matches
393,Yunus Musah,us USA,MF,Milan,20,2002,16.4,5,0,0,22,21,2,27,11,14,,,0,Matches
394,Juan Musso,ar ARG,GK,Atalanta,29,1994,11.0,0,0,0,1,0,0,0,0,0,,,0,Matches
395,Kingstone Mutandwa,zm ZAM,FW,Cagliari,20,2003,0.4,0,0,0,0,0,0,0,0,0,,,0,Matches
396,Obite N'Dicka,ci CIV,DF,Roma,23,1999,24.1,6,0,0,26,16,0,11,15,18,,,0,Matches
397,Nahitan Nández,uy URU,"MF,DF",Cagliari,27,1995,26.0,7,0,0,52,32,9,154,19,40,,,0,Matches
398,Natan,br BRA,DF,Napoli,22,2001,10.6,3,1,1,13,6,0,5,8,11,,,0,Matches
399,Lapo Nava,it ITA,GK,Milan,19,2004,0.0,0,0,0,0,0,0,0,0,0,,,0,Matches
400,Michel Ndary Adopo,fr FRA,MF,Atalanta,23,2000,1.2,0,0,0,2,1,1,1,0,3,,,0,Matches
401,Dan Ndoye,ch SUI,"MF,FW",Bologna,22,2000,19.7,4,0,0,29,56,7,47,10,15,,,0,Matches
402,Cyril Ngonge,be BEL,"MF,FW",Hellas Verona,23,2000,15.9,4,0,0,30,22,3,50,3,10,,,0,Matches
403,Cyril Ngonge,be BEL,FW,Napoli,23,2000,3.5,2,0,0,2,10,1,21,0,3,,,0,Matches
404,M'Baye Niang,sn SEN,FW,Empoli,28,1994,7.9,1,0,0,15,24,9,4,3,2,,,0,Matches
405,Hans Nicolussi Caviglia,it ITA,MF,Juventus,23,2000,3.0,1,0,0,1,10,0,18,0,2,,,0,Matches
406,Joseph Nonge,be BEL,MF,Juventus,18,2005,0.3,1,0,0,3,1,0,0,0,0,,,0,Matches
407,Tijjani Noslin,nl NED,"FW,MF",Hellas Verona,24,1999,14.9,2,0,0,24,10,4,15,2,7,,,0,Matches
408,Simeon Nwankwo,ng NGA,FW,Salernitana,31,1992,7.6,0,0,0,11,17,2,0,0,3,,,0,Matches
409,M'Bala Nzola,ao ANG,FW,Fiorentina,26,1996,17.2,2,0,0,37,7,21,6,0,8,,,0,Matches
410,Adam Obert,sk SVK,DF,Cagliari,20,2002,10.5,1,0,0,14,4,0,15,20,9,,,0,Matches
411,Pedro Obiang,gq EQG,MF,Sassuolo,31,1992,5.0,1,0,0,9,3,0,1,7,3,,,0,Matches
412,Guillermo Ochoa,mx MEX,GK,Salernitana,38,1985,21.0,0,0,0,0,0,0,0,0,0,,,0,Matches
413,Jens Odgaard,dk DEN,"MF,FW",Bologna,24,1999,4.8,1,0,0,14,11,7,8,1,4,,,0,Matches
414,Noah Okafor,ch SUI,"FW,MF",Milan,23,2000,9.9,1,0,0,12,9,2,22,0,4,,,0,Matches
415,David Okereke,ng NGA,"FW,MF",Torino,25,1997,2.8,0,0,0,2,3,2,4,1,1,,,0,Matches
416,Caleb Okoli,it ITA,DF,Frosinone,22,2001,32.4,9,0,0,27,26,0,1,31,34,,,0,Matches
417,Maduka Okoye,ng NGA,GK,Udinese,23,1999,21.0,2,0,0,1,4,0,0,1,0,,,0,Matches
418,Mathías Olivera,uy URU,DF,Napoli,25,1997,17.4,3,0,0,9,17,1,27,19,29,,,0,Matches
419,Gaetano Oristanio,it ITA,"FW,MF",Cagliari,20,2002,12.3,1,0,0,37,28,2,33,9,10,,,0,Matches
420,Riccardo Orsolini,it ITA,MF,Bologna,26,1997,19.9,2,0,0,16,41,14,101,8,14,,,0,Matches
421,Victor Osimhen,ng NGA,FW,Napoli,24,1998,22.0,6,1,1,31,31,34,14,2,8,,,0,Matches
422,Remi Oudin,fr FRA,"MF,FW",Lecce,26,1996,20.2,3,0,0,16,11,2,155,21,13,,,0,Matches
423,Anthony Oyono,ga GAB,"DF,MF",Frosinone,22,2001,13.3,4,0,0,13,11,0,12,9,27,,,0,Matches
424,Simone Pafundi,it ITA,FW,Udinese,17,2006,0.1,0,0,0,1,0,0,1,0,0,,,0,Matches
425,Riccardo Pagano,it ITA,MF,Roma,18,2004,0.6,0,0,0,3,0,0,1,0,2,,,0,Matches
426,Christos Papadopoulos,gr GRE,MF,Genoa,18,2004,0.0,0,0,0,0,1,0,0,0,0,,,0,Matches
427,Leandro Paredes,ar ARG,MF,Roma,29,1994,29.3,15,1,0,30,35,0,82,27,35,,,0,Matches
428,Fabiano Parisi,it ITA,DF,Fiorentina,22,2000,16.2,4,0,0,14,38,0,42,17,14,,,0,Matches
429,Mario Pašalić,hr CRO,MF,Atalanta,28,1995,22.8,3,0,0,20,7,6,10,17,16,,,0,Matches
430,Triantafyllos Pasaridīs,gr GRE,DF,Salernitana,27,1996,5.0,3,0,0,9,3,0,0,3,7,,,0,Matches
431,Patric,es ESP,DF,Lazio,30,1993,17.9,4,0,0,8,6,0,11,4,8,,,0,Matches
432,Rui Patrício,pt POR,GK,Roma,35,1988,23.0,1,0,0,1,1,0,0,0,0,,,0,Matches
433,Benjamin Pavard,fr FRA,DF,Inter,27,1996,18.6,6,0,0,24,15,2,24,31,24,,,0,Matches
434,Leonardo Pavoletti,it ITA,FW,Cagliari,34,1988,7.0,4,0,0,19,7,1,1,0,1,,,0,Matches
435,Martín Payero,ar ARG,MF,Udinese,24,1998,20.0,6,1,0,45,28,1,20,13,33,,,0,Matches
436,Marcus Pedersen,no NOR,DF,Sassuolo,23,2000,17.9,4,0,0,13,9,0,57,10,24,,,0,Matches
437,Pedro,es ESP,FW,Lazio,36,1987,9.1,4,0,0,13,19,4,19,2,12,,,0,Matches
438,Pietro Pellegri,it ITA,"FW,MF",Torino,22,2001,8.4,3,0,0,16,22,6,5,2,1,,,0,Matches
439,Lorenzo Pellegrini,it ITA,MF,Roma,27,1996,20.7,7,0,0,26,35,3,76,20,20,,,0,Matches
440,Luca Pellegrini,it ITA,"DF,MF",Lazio,24,1999,8.7,7,1,1,19,13,0,28,8,14,,,0,Matches
441,Marco Pellegrino,ar ARG,DF,Salernitana,21,2002,6.1,1,0,0,3,1,0,1,10,6,,,0,Matches
442,Marco Pellegrino,ar ARG,DF,Milan,21,2002,0.8,0,0,0,0,0,0,0,1,1,,,0,Matches
443,Pepín,gq EQG,MF,Monza,26,1996,2.7,2,0,0,2,6,0,4,0,1,,,0,Matches
444,Pedro Pereira,pt POR,"MF,DF",Monza,25,1998,9.3,3,0,0,11,3,1,37,4,13,,,0,Matches
445,Roberto Pereyra,ar ARG,"FW,MF",Udinese,32,1991,20.6,6,0,0,23,32,6,24,7,10,,,0,Matches
446,Nehuén Pérez,ar ARG,DF,Udinese,23,2000,36.0,9,1,1,34,17,0,20,45,49,,,0,Matches
447,Simone Perilli,it ITA,GK,Hellas Verona,28,1995,1.0,0,0,0,0,0,0,0,0,0,,,0,Matches
448,Mattia Perin,it ITA,GK,Juventus,30,1992,2.5,0,0,0,0,0,0,0,0,0,,,0,Matches
449,Samuele Perisan,it ITA,GK,Empoli,25,1997,1.0,0,0,0,0,0,0,0,0,0,,,0,Matches
450,Matteo Pessina,it ITA,MF,Monza,26,1997,35.8,5,1,1,29,45,1,20,27,25,,,0,Matches
451,Andrea Petagna,it ITA,FW,Cagliari,28,1995,11.1,2,0,0,18,22,2,3,1,2,,,0,Matches
452,Giuseppe Pezzella,it ITA,"MF,DF",Empoli,25,1997,12.1,4,0,0,17,17,2,54,2,14,,,0,Matches
453,Roberto Piccoli,it ITA,FW,Lecce,22,2001,15.3,5,0,0,28,13,15,6,3,7,,,0,Matches
454,Roberto Piccoli,it ITA,FW,Empoli,22,2001,0.4,0,0,0,1,1,0,0,0,1,,,0,Matches
455,Santiago Pierotti,ar ARG,"FW,MF",Lecce,22,2001,2.2,0,0,0,13,3,0,4,1,8,,,0,Matches
456,Niccolò Pierozzi,it ITA,DF,Salernitana,21,2001,9.7,6,0,0,28,10,0,6,11,10,,,0,Matches
457,Andrea Pinamonti,it ITA,FW,Sassuolo,24,1999,34.2,4,0,0,21,52,9,10,1,9,,,0,Matches
458,Carlo Pinsoglio,it ITA,GK,Juventus,33,1990,0.5,0,0,0,0,0,0,0,0,0,,,0,Matches
459,Lorenzo Pirola,it ITA,DF,Salernitana,21,2002,22.1,4,0,0,33,16,1,2,25,22,,,0,Matches
460,Niccolò Pisilli,it ITA,MF,Roma,18,2004,0.1,0,0,0,0,0,0,0,0,0,,,0,Matches
461,Tommaso Pobega,it ITA,"MF,DF",Milan,24,1999,3.5,0,0,0,8,7,0,0,5,9,,,0,Matches
462,Paul Pogba,fr FRA,MF,Juventus,30,1993,0.6,0,0,0,3,1,0,1,1,0,,,0,Matches
463,Matteo Politano,it ITA,FW,Napoli,29,1993,26.2,2,1,0,12,38,2,134,15,9,,,0,Matches
464,Marin Pongračić,hr CRO,DF,Lecce,25,1997,35.8,10,1,1,57,22,0,1,50,27,,,0,Matches
465,Stefan Posch,at AUT,DF,Bologna,26,1997,26.8,7,0,0,31,12,1,39,18,45,,,0,Matches
466,Matteo Prati,it ITA,MF,Cagliari,19,2003,21.9,4,0,0,19,6,0,15,14,25,,,0,Matches
467,Ivan Provedel,it ITA,GK,Lazio,29,1994,30.0,0,0,0,0,7,0,0,0,0,,,0,Matches
468,Christian Pulisic,us USA,"MF,FW",Milan,24,1998,28.9,2,0,0,19,45,4,100,10,25,,,0,Matches
469,George Pușcaș,ro ROU,FW,Genoa,27,1996,2.1,0,0,0,1,0,0,0,0,0,,,0,Matches
470,Domingos Quina,pt POR,MF,Udinese,23,1999,0.1,0,0,0,0,0,0,0,0,1,,,0,Matches
471,Adrien Rabiot,fr FRA,MF,Juventus,28,1995,29.5,8,0,0,44,38,6,45,25,39,,,0,Matches
472,Uroš Račić,rs SRB,MF,Sassuolo,25,1998,9.1,1,0,0,6,12,0,2,7,5,,,0,Matches
473,Nemanja Radonjić,rs SRB,MF,Torino,27,1996,4.2,1,0,0,1,5,4,11,0,1,,,0,Matches
474,Boris Radunović,rs SRB,GK,Cagliari,27,1996,7.0,0,0,0,0,2,0,0,1,0,,,0,Matches
475,Hamza Rafia,tn TUN,MF,Lecce,24,1999,13.4,4,0,0,31,34,2,38,11,29,,,1,Matches
476,Ylber Ramadani,al ALB,MF,Lecce,27,1996,33.0,13,0,0,42,37,0,14,47,44,,,0,Matches
477,Luca Ranieri,it ITA,DF,Fiorentina,24,1999,22.9,14,0,0,32,11,1,13,27,11,,,0,Matches
478,Filippo Ranocchia,it ITA,MF,Empoli,22,2001,5.3,3,0,0,11,8,0,10,3,11,,,0,Matches
479,Giacomo Raspadori,it ITA,FW,Napoli,23,2000,17.6,0,0,0,17,19,5,64,4,11,,,0,Matches
480,Federico Ravaglia,it ITA,GK,Bologna,23,1999,5.9,0,0,0,0,0,0,0,0,0,,,0,Matches
481,Tijjani Reijnders,nl NED,MF,Milan,25,1998,31.3,8,0,0,21,20,1,40,19,25,,,0,Matches
482,Reinier,br BRA,"MF,FW",Frosinone,21,2002,11.8,3,0,0,17,9,1,12,10,10,,,0,Matches
483,Mateo Retegui,it ITA,FW,Genoa,24,1999,24.6,5,0,0,36,25,4,19,0,11,,,0,Matches
484,Samuele Ricci,it ITA,MF,Torino,21,2001,26.6,8,1,1,37,46,3,55,28,18,,,0,Matches
485,Ricardo Rodríguez,ch SUI,"DF,MF",Torino,30,1992,30.8,4,0,0,25,9,1,56,26,27,,,0,Matches
486,Alessio Romagnoli,it ITA,DF,Lazio,28,1995,26.8,9,0,0,35,19,1,1,31,16,,,0,Matches
487,Simone Romagnoli,it ITA,DF,Frosinone,33,1990,30.2,6,0,0,24,7,0,1,28,17,,,0,Matches
488,Luka Romero,ar ARG,MF,Milan,18,2004,1.0,1,0,0,3,2,0,2,0,1,,,0,Matches
489,Marten de Roon,nl NED,"MF,DF",Atalanta,32,1991,28.9,10,0,0,43,24,3,17,36,44,,,0,Matches
490,Francesco Rossi,it ITA,GK,Atalanta,32,1991,0.1,0,0,0,0,0,0,0,0,0,,,0,Matches
491,Nicolò Rovella,it ITA,MF,Lazio,21,2001,14.6,6,0,0,38,16,0,20,23,26,,,0,Matches
492,Amir Rrahmani,xk KVX,DF,Napoli,29,1994,28.9,5,0,0,19,7,2,4,19,27,,,0,Matches
493,Ruan,br BRA,DF,Sassuolo,24,1999,16.8,7,1,1,23,12,0,2,23,14,,,0,Matches
494,Daniele Rugani,it ITA,DF,Juventus,29,1994,13.2,2,0,0,15,3,0,1,8,10,,,0,Matches
495,Matteo Ruggeri,it ITA,MF,Atalanta,21,2002,27.2,3,0,0,21,9,2,101,22,15,,,0,Matches
496,Mário Rui,pt POR,DF,Napoli,32,1991,13.4,7,1,1,16,28,1,62,16,15,,,0,Matches
497,Stefano Sabelli,it ITA,"MF,DF",Genoa,30,1993,27.0,5,0,0,36,36,4,98,23,23,,,0,Matches
498,Alexis Saelemaekers,be BEL,MF,Bologna,24,1999,21.0,7,1,1,16,58,2,86,14,22,,,0,Matches
499,Lazar Samardzic,rs SRB,MF,Udinese,21,2002,26.4,3,0,0,29,18,0,126,9,17,,,0,Matches
500,Junior Sambia,fr FRA,MF,Salernitana,26,1996,11.5,4,0,0,9,15,0,29,10,5,,,0,Matches
501,Antonio Sanabria,py PAR,FW,Torino,27,1996,23.7,2,0,0,25,33,3,6,7,15,,,0,Matches
502,Renato Sanches,pt POR,MF,Roma,25,1997,1.6,2,0,0,6,3,0,4,0,1,,,0,Matches
503,Alexis Sánchez,cl CHI,FW,Inter,34,1988,8.5,0,0,0,14,19,8,31,1,6,,,0,Matches
504,Alex Sandro,br BRA,DF,Juventus,32,1991,8.0,1,0,0,18,12,0,5,18,8,,,0,Matches
505,Nicola Sansone,it ITA,"MF,FW",Lecce,31,1991,8.5,4,0,0,16,12,0,28,4,7,,,0,Matches
506,Riccardo Saponara,it ITA,"MF,FW",Hellas Verona,31,1991,3.8,0,0,0,1,3,2,7,0,1,,,0,Matches
507,Zanos Savva,cy CYP,FW,Torino,17,2005,0.3,0,0,0,1,1,0,0,0,1,,,0,Matches
508,Saba Sazonov,ge GEO,DF,Torino,21,2002,4.0,2,0,0,10,1,0,0,3,7,,,0,Matches
509,Giorgio Scalvini,it ITA,DF,Atalanta,19,2003,28.3,3,0,0,48,11,4,5,57,30,,,0,Matches
510,Gianluca Scamacca,it ITA,FW,Atalanta,24,1999,16.1,1,0,0,28,28,9,5,4,9,,,0,Matches
511,Perr Schuurs,nl NED,DF,Torino,23,1999,8.6,2,0,0,8,1,0,2,11,12,,,0,Matches
512,Simone Scuffet,it ITA,GK,Cagliari,27,1996,31.0,3,0,0,0,4,0,0,1,0,,,0,Matches
513,Demba Seck,sn SEN,"FW,MF",Frosinone,22,2001,3.3,0,0,0,9,7,2,2,1,5,,,0,Matches
514,Demba Seck,sn SEN,MF,Torino,22,2001,4.7,1,0,0,9,8,0,2,1,3,,,0,Matches
515,Nikola Sekulov,it ITA,MF,Juventus,21,2002,0.1,0,0,0,0,0,0,0,0,0,,,0,Matches
516,Vivaldo Semedo,pt POR,FW,Udinese,18,2005,0.1,0,0,0,1,2,0,0,0,0,,,0,Matches
517,Stefano Sensi,it ITA,MF,Inter,27,1995,0.5,0,0,0,0,1,0,1,1,1,,,0,Matches
518,Suat Serdar,de GER,MF,Hellas Verona,26,1997,18.4,7,0,0,40,18,0,8,17,39,,,0,Matches
519,Andres Sfait,ro ROU,MF,Salernitana,18,2004,0.3,0,0,0,0,0,0,1,0,1,,,0,Matches
520,Stephan El Shaarawy,it ITA,"FW,MF",Roma,30,1992,19.3,2,0,0,14,28,8,18,14,13,,,0,Matches
521,Eldor Shomurodov,uz UZB,"MF,FW",Cagliari,28,1995,10.4,1,0,0,11,11,2,7,4,4,,,0,Matches
522,Steven Shpendi,al ALB,FW,Empoli,20,2003,4.6,0,0,0,12,13,4,0,1,0,,,0,Matches
523,Marco Silvestri,it ITA,GK,Udinese,32,1991,17.0,0,0,0,0,1,0,0,0,0,,,0,Matches
524,Giovanni Simeone,ar ARG,FW,Napoli,28,1995,8.9,3,0,0,11,13,6,6,1,4,,,0,Matches
525,Jan-Carlo Simic,rs SRB,DF,Milan,18,2005,1.6,0,0,0,2,0,0,0,0,1,,,0,Matches
526,Leo Skiri Østigård,no NOR,DF,Napoli,23,1999,18.1,3,0,0,12,12,1,2,15,11,,,0,Matches
527,Łukasz Skorupski,pl POL,GK,Bologna,32,1991,32.0,2,0,0,0,4,0,0,1,1,,,0,Matches
528,Chris Smalling,eng ENG,DF,Roma,33,1989,4.3,0,0,0,1,3,0,1,3,1,,,0,Matches
529,Andrea Sodero,it ITA,MF,Empoli,18,2004,0.1,0,0,0,0,0,0,1,0,0,,,0,Matches
530,Ola Solbakken,no NOR,FW,Roma,24,1998,0.3,0,0,0,0,0,0,1,0,0,,,0,Matches
531,Daniele Sommariva,it ITA,GK,Genoa,26,1997,0.1,0,0,0,0,0,0,0,0,0,,,0,Matches
532,Yann Sommer,ch SUI,GK,Inter,34,1988,34.0,1,0,0,1,1,0,0,0,1,,,0,Matches
533,Brandon Soppy,fr FRA,MF,Torino,21,2002,2.0,0,0,0,4,6,0,3,0,2,,,0,Matches
534,Alessandro Sorrentino,it ITA,GK,Monza,21,2002,6.1,0,0,0,0,1,0,0,0,0,,,0,Matches
535,Riccardo Sottil,it ITA,MF,Fiorentina,24,1999,12.3,1,0,0,8,34,6,46,2,5,,,0,Matches
536,Matìas Soulé,ar ARG,"MF,FW",Frosinone,20,2003,34.7,4,0,0,18,47,2,99,18,27,,,1,Matches
537,Djed Spence,eng ENG,MF,Genoa,22,2000,9.5,1,0,0,7,9,1,13,9,10,,,0,Matches
538,Leonardo Spinazzola,it ITA,"MF,DF",Roma,30,1993,14.6,0,0,0,8,6,1,83,3,7,,,0,Matches
539,Marco Sportiello,it ITA,GK,Milan,31,1992,7.0,0,0,0,0,0,0,0,0,0,,,0,Matches
540,Trivante Stewart,jm JAM,FW,Salernitana,23,2000,1.1,0,0,0,1,0,0,2,0,0,,,0,Matches
541,Gabriel Strefezza,br BRA,"FW,MF",Lecce,26,1997,12.4,4,0,0,20,37,3,42,7,17,,,0,Matches
542,Kevin Strootman,nl NED,MF,Genoa,33,1990,13.4,4,0,0,16,6,0,20,7,19,,,0,Matches
543,Isaac Success,ng NGA,"FW,MF",Udinese,27,1996,9.8,4,0,0,27,34,1,2,2,4,,,0,Matches
544,Ibrahim Sulemana,gh GHA,MF,Cagliari,20,2003,14.9,4,0,0,18,11,1,12,6,13,,,0,Matches
545,Tomáš Suslov,sk SVK,MF,Hellas Verona,21,2002,23.2,7,0,0,40,55,1,72,6,29,,,0,Matches
546,Mile Svilar,rs SRB,GK,Roma,23,1999,15.0,1,0,0,0,4,0,0,0,0,,,0,Matches
547,Karol Świderski,pl POL,"FW,MF",Hellas Verona,26,1997,5.6,0,0,0,6,13,0,3,1,3,,,0,Matches
548,Wojciech Szczęsny,pl POL,GK,Juventus,33,1990,35.0,1,0,0,1,2,0,0,1,0,,,0,Matches
549,Przemysław Szymiński,pl POL,DF,Frosinone,29,1994,0.1,0,0,0,0,0,0,0,0,0,,,0,Matches
550,Adrien Tameze,cm CMR,"DF,MF",Torino,29,1994,23.8,6,1,0,19,15,0,15,47,16,,,0,Matches
551,Elayis Tavsan,nl NED,"FW,MF",Hellas Verona,22,2001,0.6,0,0,0,1,0,0,1,0,0,,,0,Matches
552,Loum Tchaouna,fr FRA,"MF,FW",Salernitana,19,2003,23.3,4,0,0,15,30,6,69,5,10,,,0,Matches
553,Jackson Tchatchoua,cm CMR,DF,Hellas Verona,21,2001,19.2,2,0,0,18,7,2,65,23,26,,,0,Matches
554,Filippo Terracciano,it ITA,"MF,DF",Hellas Verona,20,2003,14.4,1,0,0,14,32,0,59,19,17,,,0,Matches
555,Filippo Terracciano,it ITA,DF,Milan,20,2003,0.8,1,0,0,3,1,0,0,0,2,,,0,Matches
556,Pietro Terracciano,it ITA,GK,Fiorentina,33,1990,33.0,3,0,0,2,2,0,0,0,0,,,0,Matches
557,Florian Thauvin,fr FRA,FW,Udinese,30,1993,19.0,4,0,0,14,26,6,79,3,5,,,0,Matches
558,Malick Thiaw,de GER,DF,Milan,21,2001,18.0,5,1,0,31,7,0,0,16,18,,,1,Matches
559,Morten Thorsby,no NOR,MF,Genoa,27,1996,12.9,2,0,0,28,7,6,9,4,11,,,0,Matches
560,Kristian Thorstvedt,no NOR,MF,Sassuolo,24,1999,26.6,7,0,0,36,39,1,26,22,20,,,0,Matches
561,Marcus Thuram,fr FRA,FW,Inter,25,1997,29.9,3,0,0,35,45,20,21,2,15,,,0,Matches
562,Antonio Tikvić,hr CRO,DF,Udinese,19,2004,0.0,0,0,0,0,0,0,0,0,0,,,0,Matches
563,Jeremy Toljan,de GER,DF,Sassuolo,28,1994,23.1,1,0,0,10,7,0,52,15,10,,,0,Matches
564,Rafael Tolói,it ITA,DF,Atalanta,32,1990,10.7,6,1,1,17,4,0,8,11,10,,,0,Matches
565,Fikayo Tomori,eng ENG,DF,Milan,25,1997,23.6,8,1,1,26,9,1,3,25,23,,,0,Matches
566,Ahmed Touba,dz ALG,DF,Lecce,25,1998,3.1,1,0,0,6,1,0,0,7,4,,,0,Matches
567,Chaka Traorè,ci CIV,FW,Milan,18,2004,0.2,0,0,0,1,0,0,0,0,1,,,0,Matches
568,Stefano Turati,it ITA,GK,Frosinone,21,2001,30.5,0,0,0,0,3,0,0,0,0,,,0,Matches
569,Kacper Urbanski,pl POL,"MF,FW",Bologna,18,2004,10.3,2,0,0,11,11,3,21,4,9,,,0,Matches
570,Emanuele Valeri,it ITA,"MF,DF",Frosinone,24,1998,13.1,3,0,0,12,8,0,72,10,14,,,0,Matches
571,Johan Vásquez,mx MEX,DF,Genoa,24,1998,31.7,6,0,0,36,38,4,29,48,32,,,0,Matches
572,Matías Vecino,uy URU,MF,Lazio,31,1991,12.8,8,0,0,32,7,2,5,10,17,,,0,Matches
573,Lorenzo Venuti,it ITA,DF,Lecce,28,1995,4.0,1,0,0,5,1,0,10,5,4,,,0,Matches
574,Simone Verdi,it ITA,"FW,MF",Torino,31,1992,0.0,0,0,0,0,0,0,0,0,0,,,0,Matches
575,Emanuel Vignato,it ITA,"MF,FW",Salernitana,22,2000,3.5,1,0,0,3,1,1,2,1,7,,,0,Matches
576,Samuele Vignato,it ITA,MF,Monza,19,2004,3.8,2,0,0,4,4,1,8,1,4,,,0,Matches
577,Matías Viña,uy URU,DF,Sassuolo,25,1997,11.3,1,0,0,12,9,0,29,9,20,,,2,Matches
578,Rúben Vinagre,pt POR,DF,Hellas Verona,24,1999,3.1,0,0,0,5,2,0,16,1,2,,,0,Matches
579,Nicolas Viola,it ITA,"MF,FW",Cagliari,33,1989,13.4,3,0,0,17,25,2,135,3,8,,,0,Matches
580,Mattia Viti,it ITA,DF,Sassuolo,21,2002,10.9,0,0,0,9,14,0,1,10,16,,,1,Matches
581,Vitinha,pt POR,"MF,FW",Genoa,23,2000,3.2,2,0,0,10,8,2,9,0,2,,,0,Matches
582,Dušan Vlahović,rs SRB,FW,Juventus,23,2000,25.6,8,1,1,30,34,13,8,2,5,,,0,Matches
583,Nikola Vlašić,hr CRO,MF,Torino,25,1997,29.0,3,0,0,26,37,9,37,11,14,,,0,Matches
584,Alessandro Vogliacco,it ITA,DF,Genoa,24,1998,13.0,4,0,0,14,4,1,12,30,15,,,0,Matches
585,Mërgim Vojvoda,xk KVX,"MF,DF",Torino,28,1995,15.3,3,0,0,12,4,4,63,14,8,,,0,Matches
586,Cristian Volpato,it ITA,"MF,FW",Sassuolo,19,2003,7.2,1,0,0,15,9,0,48,2,8,,,0,Matches
587,Stefan de Vrij,nl NED,DF,Inter,31,1992,17.6,0,0,0,8,2,0,0,24,13,,,0,Matches
588,Walace,br BRA,MF,Udinese,28,1995,36.0,7,0,0,42,46,0,12,43,43,,,0,Matches
589,Sebastian Walukiewicz,pl POL,DF,Empoli,23,2000,22.8,6,0,0,23,7,2,2,16,28,,,0,Matches
590,Timothy Weah,us USA,MF,Juventus,23,2000,14.0,5,0,0,15,8,2,39,6,19,,,0,Matches
591,Shon Weissman,il ISR,FW,Salernitana,27,1996,5.5,0,0,0,3,10,0,0,3,3,,,0,Matches
592,Mateusz Wieteska,pl POL,DF,Cagliari,26,1997,10.7,5,1,1,12,6,0,4,14,10,,,0,Matches
593,Kenan Yıldız,tr TUR,FW,Juventus,18,2005,10.6,3,0,0,12,22,1,17,1,10,,,0,Matches
594,Mattia Zaccagni,it ITA,"FW,MF",Lazio,28,1995,21.7,8,0,0,29,80,7,71,21,16,,,0,Matches
595,Nicola Zalewski,pl POL,"MF,FW",Roma,21,2002,10.8,3,1,1,14,27,1,38,8,13,,,0,Matches
596,Andre-Frank Zambo Anguissa,cm CMR,MF,Napoli,27,1995,31.0,2,0,0,41,38,4,21,28,35,,,0,Matches
597,Alessandro Zanoli,it ITA,MF,Napoli,22,2000,0.6,1,0,0,3,0,0,2,1,1,,,0,Matches
598,Alessandro Zanoli,it ITA,"MF,DF",Salernitana,22,2000,10.2,3,0,0,5,4,1,30,2,12,,,1,Matches
599,Duván Zapata,co COL,FW,Atalanta,32,1991,1.2,0,0,0,1,4,1,6,0,0,,,0,Matches
600,Duván Zapata,co COL,FW,Torino,32,1991,32.0,2,0,0,53,67,22,50,7,7,,,0,Matches
601,Gabriele Zappa,it ITA,"DF,MF",Cagliari,23,1999,28.5,2,0,0,21,15,0,78,20,30,,,0,Matches
602,Davide Zappacosta,it ITA,MF,Atalanta,31,1992,20.7,5,0,0,26,15,2,75,5,21,,,0,Matches
603,Oier Zarraga,es ESP,MF,Udinese,24,1999,4.5,0,0,0,3,3,0,5,5,3,,,0,Matches
604,Jordan Zemura,zw ZIM,MF,Udinese,23,1999,11.5,1,0,0,15,15,0,21,15,16,,,0,Matches
605,Alessio Zerbin,it ITA,MF,Monza,24,1999,7.6,2,1,1,17,12,0,31,3,11,,,0,Matches
606,Alessio Zerbin,it ITA,FW,Napoli,24,1999,1.7,0,0,0,7,4,0,7,0,2,,,0,Matches
607,Kevin Zeroli,it ITA,MF,Milan,18,2005,0.3,0,0,0,0,0,0,1,0,0,,,0,Matches
608,Piotr Zieliński,pl POL,MF,Napoli,29,1994,21.4,1,0,0,15,18,0,88,10,16,,,0,Matches
609,David Zima,cz CZE,DF,Torino,22,2000,1.0,0,0,0,0,1,0,0,4,1,,,0,Matches
610,Joshua Zirkzee,nl NED,FW,Bologna,22,2001,30.7,8,0,0,29,27,5,8,3,20,,,0,Matches
611,Nadir Zortea,it ITA,"MF,DF",Frosinone,24,1999,14.0,3,0,0,15,14,0,74,4,13,,,0,Matches
612,Nadir Zortea,it ITA,"DF,MF",Atalanta,24,1999,1.7,1,0,0,4,2,0,12,1,4,,,0,Matches
613,Szymon Żurkowski,pl POL,MF,Empoli,25,1997,9.6,4,0,0,19,17,2,6,5,6,,,0,Matches
614,Milan Đurić,ba BIH,FW,Hellas Verona,33,1990,13.4,2,0,0,27,19,6,1,1,0,,,0,Matches
615,Milan Đurić,ba BIH,FW,Monza,33,1990,14.0,2,0,0,23,26,1,1,0,4,,,0,Matches
616,Mateusz Łęgowski,pl POL,MF,Salernitana,20,2003,12.7,3,0,0,24,10,2,6,7,12,,,0,Matches
