Rk,Player,Nation,Pos,Squad,Age,Born,90s,SCA,SCA90,PassLive,PassDead,TO,Sh,Fld,Def,GCA,GCA90,PassLive.1,PassDead.1,TO.1,Sh.1,Fld.1,Def.1,Matches
1,Max Aarons,eng ENG,DF,Valencia,24,2000,1.3,,,,,,,,,,,,,,,,,Matches
2,Rodrigo Abajas,es ESP,DF,Valencia,21,2003,0.7,,,,,,,,,,,,,,,,,Matches
3,Nabil Aberdin,fr FRA,MF,Getafe,21,2002,2.9,,,,,,,,,,,,,,,,,Matches
4,Abdel Abqar,ma MAR,DF,Alavés,25,1999,27.4,,,,,,,,,,,,,,,,,Matches
5,Akor Adams,ng NGA,FW,Sevilla,24,2000,1.5,,,,,,,,,,,,,,,,,Matches
6,Adrián,es ESP,GK,Real Betis,37,1987,19.0,,,,,,,,,,,,,,,,,Matches
7,Julen Agirrezabala,es ESP,GK,Athletic Club,23,2000,13.4,,,,,,,,,,,,,,,,,Matches
8,Lucien Agoume,fr FRA,MF,Sevilla,22,2002,23.5,,,,,,,,,,,,,,,,,Matches
9,Álvaro Aguado,es ESP,MF,Espanyol,28,1996,4.9,,,,,,,,,,,,,,,,,Matches
10,Lorenzo Aguado,es ESP,DF,Real Madrid,21,2002,0.1,,,,,,,,,,,,,,,,,Matches
11,Nayef Aguerd,ma MAR,DF,Real Sociedad,28,1996,19.6,,,,,,,,,,,,,,,,,Matches
12,Joseph Aidoo,gh GHA,DF,Valladolid,28,1995,6.5,,,,,,,,,,,,,,,,,Matches
13,Joseph Aidoo,gh GHA,DF,Celta Vigo,28,1995,0.0,,,,,,,,,,,,,,,,,Matches
14,Ilias Akhomach,ma MAR,MF,Villarreal,20,2004,6.5,,,,,,,,,,,,,,,,,Matches
15,David Alaba,at AUT,DF,Real Madrid,32,1992,3.5,,,,,,,,,,,,,,,,,Matches
16,Ibrahim Alani,ng NGA,MF,Valladolid,18,2006,1.8,,,,,,,,,,,,,,,,,Matches
17,Raúl Albiol,es ESP,DF,Villarreal,38,1985,13.2,,,,,,,,,,,,,,,,,Matches
18,Omar Alderete,py PAR,DF,Getafe,27,1996,33.0,,,,,,,,,,,,,,,,,Matches
19,Carles Aleñá,es ESP,MF,Getafe,26,1998,5.0,,,,,,,,,,,,,,,,,Matches
20,Carles Aleñá,es ESP,MF,Alavés,26,1998,12.1,,,,,,,,,,,,,,,,,Matches
21,Alfon,es ESP,"FW,MF",Celta Vigo,25,1999,15.2,,,,,,,,,,,,,,,,,Matches
22,Tadeo Allende,ar ARG,MF,Celta Vigo,25,1999,0.0,,,,,,,,,,,,,,,,,Matches
23,Domingos André Ribeiro Almeida,pt POR,"MF,FW",Valencia,24,2000,22.0,,,,,,,,,,,,,,,,,Matches
24,Iker Almena,es ESP,MF,Girona,20,2004,0.5,,,,,,,,,,,,,,,,,Matches
25,Marcos Alonso,es ESP,DF,Celta Vigo,33,1990,29.4,,,,,,,,,,,,,,,,,Matches
26,Adrià Altimira,es ESP,"DF,MF",Leganés,23,2001,18.1,,,,,,,,,,,,,,,,,Matches
27,Sergi Altimira,es ESP,MF,Real Betis,22,2001,21.9,,,,,,,,,,,,,,,,,Matches
28,Hugo Álvarez,es ESP,MF,Celta Vigo,21,2003,17.5,,,,,,,,,,,,,,,,,Matches
29,Julián Álvarez,ar ARG,FW,Atlético Madrid,24,2000,27.9,,,,,,,,,,,,,,,,,Matches
30,Yeray Álvarez,es ESP,DF,Athletic Club,29,1995,19.8,,,,,,,,,,,,,,,,,Matches
31,Selim Amallah,ma MAR,MF,Valladolid,27,1996,15.3,,,,,,,,,,,,,,,,,Matches
32,Amath,sn SEN,"FW,MF",Valladolid,28,1996,4.2,,,,,,,,,,,,,,,,,Matches
33,Marcos André,br BRA,FW,Valladolid,27,1996,13.2,,,,,,,,,,,,,,,,,Matches
34,Leandro Antonetti,pr PUR,FW,Sevilla,21,2003,0.3,,,,,,,,,,,,,,,,,Matches
35,Antoniu,es ESP,MF,Espanyol,21,2002,11.4,,,,,,,,,,,,,,,,,Matches
36,Antony,br BRA,MF,Real Betis,24,2000,15.1,,,,,,,,,,,,,,,,,Matches
37,Anuar,ma MAR,"MF,FW",Valladolid,29,1995,19.1,,,,,,,,,,,,,,,,,Matches
38,Aritz Arambarri,es ESP,DF,Leganés,26,1998,2.0,,,,,,,,,,,,,,,,,Matches
39,Mauro Arambarri,uy URU,MF,Getafe,28,1995,29.6,,,,,,,,,,,,,,,,,Matches
40,Jon Aramburu,ve VEN,DF,Real Sociedad,22,2002,27.3,,,,,,,,,,,,,,,,,Matches
41,Ronald Araújo,uy URU,DF,Barcelona,25,1999,8.4,,,,,,,,,,,,,,,,,Matches
42,Adu Ares,es ESP,MF,Athletic Club,22,2001,0.2,,,,,,,,,,,,,,,,,Matches
43,Jesús Areso,es ESP,DF,Osasuna,25,1999,34.2,,,,,,,,,,,,,,,,,Matches
44,David Argüelles,es ESP,DF,Getafe,22,2002,0.1,,,,,,,,,,,,,,,,,Matches
45,José Arnaiz,es ESP,MF,Osasuna,29,1995,1.5,,,,,,,,,,,,,,,,,Matches
46,Sergio Arribas,es ESP,DF,Real Betis,21,2003,1.0,,,,,,,,,,,,,,,,,Matches
47,Takuma Asano,jp JPN,"MF,FW",Mallorca,29,1994,11.7,,,,,,,,,,,,,,,,,Matches
48,Raúl Asencio,es ESP,DF,Real Madrid,21,2003,18.6,,,,,,,,,,,,,,,,,Matches
49,Iago Aspas,es ESP,"FW,MF",Celta Vigo,36,1987,19.4,,,,,,,,,,,,,,,,,Matches
50,Yaser Asprilla,co COL,"MF,FW",Girona,20,2003,15.6,,,,,,,,,,,,,,,,,Matches
51,Ezequiel Ávila,ar ARG,"MF,FW",Real Betis,30,1994,7.5,,,,,,,,,,,,,,,,,Matches
52,Adam Aznou,ma MAR,"DF,MF",Valladolid,18,2006,9.7,,,,,,,,,,,,,,,,,Matches
53,César Azpilicueta,es ESP,DF,Atlético Madrid,34,1989,9.7,,,,,,,,,,,,,,,,,Matches
54,Papa Ba,es ESP,FW,Girona,19,2004,0.5,,,,,,,,,,,,,,,,,Matches
55,Loïc Bade,fr FRA,DF,Sevilla,24,2000,29.8,,,,,,,,,,,,,,,,,Matches
56,Alex Baena,es ESP,"MF,FW",Villarreal,23,2001,28.8,,,,,,,,,,,,,,,,,Matches
57,Eric Bailly,ci CIV,DF,Villarreal,30,1994,6.9,,,,,,,,,,,,,,,,,Matches
58,Stefan Bajcetic,es ESP,"MF,DF",Las Palmas,19,2004,10.8,,,,,,,,,,,,,,,,,Matches
59,Cédric Bakambu,cd COD,FW,Real Betis,33,1991,7.9,,,,,,,,,,,,,,,,,Matches
60,Alejandro Balde,es ESP,DF,Barcelona,20,2003,25.4,,,,,,,,,,,,,,,,,Matches
61,Iván Balliu,al ALB,DF,Rayo Vallecano,32,1992,13.3,,,,,,,,,,,,,,,,,Matches
62,Jonathan Bamba,ci CIV,"MF,FW",Celta Vigo,28,1996,9.0,,,,,,,,,,,,,,,,,Matches
63,Adrian Baquerin,es ESP,FW,Valladolid,17,2007,0.5,,,,,,,,,,,,,,,,,Matches
64,Valentín Barco,ar ARG,DF,Sevilla,20,2004,3.2,,,,,,,,,,,,,,,,,Matches
65,Borna Barišić,hr CRO,DF,Leganés,31,1992,0.1,,,,,,,,,,,,,,,,,Matches
66,Kike Barja,es ESP,"FW,MF",Osasuna,27,1997,3.5,,,,,,,,,,,,,,,,,Matches
67,Enzo Barrenechea,ar ARG,MF,Valencia,23,2001,24.3,,,,,,,,,,,,,,,,,Matches
68,Ander Barrenetxea,es ESP,MF,Real Sociedad,22,2001,14.0,,,,,,,,,,,,,,,,,Matches
69,Pablo Barrios,es ESP,MF,Atlético Madrid,21,2003,25.9,,,,,,,,,,,,,,,,,Matches
70,Thierno Barry,fr FRA,FW,Villarreal,21,2002,25.8,,,,,,,,,,,,,,,,,Matches
71,Marc Bartra,es ESP,DF,Real Betis,33,1991,23.3,,,,,,,,,,,,,,,,,Matches
72,Aboubacar Bassinga,ci CIV,MF,Las Palmas,19,2005,0.0,,,,,,,,,,,,,,,,,Matches
73,Augusto Batalla,ar ARG,GK,Rayo Vallecano,28,1996,32.0,,,,,,,,,,,,,,,,,Matches
74,Rafael Bauza,es ESP,MF,Espanyol,19,2005,2.0,,,,,,,,,,,,,,,,,Matches
75,Sheraldo Becker,sr SUR,"MF,FW",Real Sociedad,29,1995,11.1,,,,,,,,,,,,,,,,,Matches
76,Donny van de Beek,nl NED,MF,Girona,27,1997,15.8,,,,,,,,,,,,,,,,,Matches
77,Luken Beitia,es ESP,DF,Real Sociedad,20,2004,0.1,,,,,,,,,,,,,,,,,Matches
78,Ismael Bekhoucha,ma MAR,DF,Getafe,19,2004,0.8,,,,,,,,,,,,,,,,,Matches
79,Héctor Bellerín,es ESP,DF,Real Betis,29,1995,6.4,,,,,,,,,,,,,,,,,Matches
80,Jude Bellingham,eng ENG,MF,Real Madrid,21,2003,27.6,,,,,,,,,,,,,,,,,Matches
81,Fran Beltrán,es ESP,MF,Celta Vigo,25,1999,26.9,,,,,,,,,,,,,,,,,Matches
82,Carlos Benavídez,uy URU,MF,Alavés,26,1998,5.4,,,,,,,,,,,,,,,,,Matches
83,Iker Benito,es ESP,"FW,MF",Osasuna,21,2002,0.4,,,,,,,,,,,,,,,,,Matches
84,Yuri Berchiche,es ESP,DF,Athletic Club,34,1990,22.7,,,,,,,,,,,,,,,,,Matches
85,Álex Berenguer,es ESP,"MF,FW",Athletic Club,29,1995,26.0,,,,,,,,,,,,,,,,,Matches
86,Marc Bernal,es ESP,MF,Barcelona,17,2007,2.7,,,,,,,,,,,,,,,,,Matches
87,Juan Bernat,es ESP,DF,Villarreal,31,1993,2.4,,,,,,,,,,,,,,,,,Matches
88,Juan Bernat,es ESP,MF,Getafe,31,1993,7.8,,,,,,,,,,,,,,,,,Matches
89,Juan Berrocal,es ESP,DF,Getafe,25,1999,11.8,,,,,,,,,,,,,,,,,Matches
90,Antonio Blanco,es ESP,MF,Alavés,24,2000,30.3,,,,,,,,,,,,,,,,,Matches
91,Daley Blind,nl NED,DF,Girona,34,1990,30.9,,,,,,,,,,,,,,,,,Matches
92,Adama Boiro,es ESP,DF,Athletic Club,22,2002,12.2,,,,,,,,,,,,,,,,,Matches
93,Enzo Boyomo,cm CMR,DF,Osasuna,22,2001,33.2,,,,,,,,,,,,,,,,,Matches
94,Enzo Boyomo,cm CMR,DF,Valladolid,22,2001,3.0,,,,,,,,,,,,,,,,,Matches
95,Darko Brašanac,rs SRB,MF,Leganés,32,1992,18.0,,,,,,,,,,,,,,,,,Matches
96,Abel Bretones,es ESP,"DF,MF",Osasuna,23,2000,23.0,,,,,,,,,,,,,,,,,Matches
97,Tajon Buchanan,ca CAN,MF,Villarreal,25,1999,4.6,,,,,,,,,,,,,,,,,Matches
98,Ante Budimir,hr CRO,FW,Osasuna,33,1991,32.8,,,,,,,,,,,,,,,,,Matches
99,Manu Bueno,es ESP,MF,Sevilla,20,2004,1.6,,,,,,,,,,,,,,,,,Matches
100,Endika Buján,es ESP,FW,Athletic Club,21,2003,0.1,,,,,,,,,,,,,,,,,Matches
101,Pau Cabanes,es ESP,FW,Villarreal,19,2005,1.8,,,,,,,,,,,,,,,,,Matches
102,Pau Cabanes,es ESP,MF,Alavés,19,2005,2.1,,,,,,,,,,,,,,,,,Matches
103,Leandro Cabrera,uy URU,DF,Espanyol,33,1991,31.9,,,,,,,,,,,,,,,,,Matches
104,Fernando Calero,es ESP,DF,Espanyol,28,1995,7.9,,,,,,,,,,,,,,,,,Matches
105,Eduardo Camavinga,fr FRA,"MF,DF",Real Madrid,21,2002,12.2,,,,,,,,,,,,,,,,,Matches
106,Sergio Camello,es ESP,FW,Rayo Vallecano,23,2001,12.6,,,,,,,,,,,,,,,,,Matches
107,José Campaña,es ESP,MF,Las Palmas,31,1993,13.2,,,,,,,,,,,,,,,,,Matches
108,Peio Canales,es ESP,MF,Athletic Club,19,2005,2.9,,,,,,,,,,,,,,,,,Matches
109,Antonio Candela,it ITA,DF,Valladolid,24,2000,10.1,,,,,,,,,,,,,,,,,Matches
110,Sergi Canós,es ESP,MF,Valencia,27,1997,4.1,,,,,,,,,,,,,,,,,Matches
111,Dani Cárdenas,es ESP,GK,Rayo Vallecano,27,1997,6.0,,,,,,,,,,,,,,,,,Matches
112,Irvin Cardona,mt MLT,"FW,MF",Espanyol,26,1997,6.7,,,,,,,,,,,,,,,,,Matches
113,Marc Cardona,es ESP,FW,Las Palmas,29,1995,1.5,,,,,,,,,,,,,,,,,Matches
114,Sergi Cardona,es ESP,DF,Villarreal,25,1999,32.7,,,,,,,,,,,,,,,,,Matches
115,Johnny Cardoso,us USA,MF,Real Betis,22,2001,23.8,,,,,,,,,,,,,,,,,Matches
116,José Carlos González,es ESP,MF,Las Palmas,18,2006,0.1,,,,,,,,,,,,,,,,,Matches
117,Carmona,es ESP,DF,Sevilla,22,2002,32.7,,,,,,,,,,,,,,,,,Matches
118,Sergio Carreira,es ESP,MF,Celta Vigo,23,2000,18.4,,,,,,,,,,,,,,,,,Matches
119,Dani Carvajal,es ESP,DF,Real Madrid,32,1992,6.8,,,,,,,,,,,,,,,,,Matches
120,William Carvalho,pt POR,MF,Real Betis,32,1992,5.4,,,,,,,,,,,,,,,,,Matches
121,Marc Casado,es ESP,MF,Barcelona,20,2003,17.9,,,,,,,,,,,,,,,,,Matches
122,Catena,es ESP,DF,Osasuna,29,1994,34.2,,,,,,,,,,,,,,,,,Matches
123,Maximiliano Caufriez,be BEL,DF,Valencia,27,1997,1.0,,,,,,,,,,,,,,,,,Matches
124,Dani Ceballos,es ESP,MF,Real Madrid,27,1996,13.5,,,,,,,,,,,,,,,,,Matches
125,Franco Cervi,ar ARG,"MF,FW",Celta Vigo,30,1994,3.0,,,,,,,,,,,,,,,,,Matches
126,Raúl Chasco,es ESP,DF,Valladolid,20,2003,1.4,,,,,,,,,,,,,,,,,Matches
127,Pep Chavarría,es ESP,DF,Rayo Vallecano,26,1998,28.7,,,,,,,,,,,,,,,,,Matches
128,Walid Cheddira,ma MAR,FW,Espanyol,26,1998,7.1,,,,,,,,,,,,,,,,,Matches
129,Chema,es ESP,MF,Real Madrid,19,2005,0.1,,,,,,,,,,,,,,,,,Matches
130,Julián Chicco,ar ARG,"MF,DF",Leganés,26,1998,3.4,,,,,,,,,,,,,,,,,Matches
131,Chiquinho,pt POR,MF,Mallorca,24,2000,1.6,,,,,,,,,,,,,,,,,Matches
132,Andreas Christensen,dk DEN,DF,Barcelona,28,1996,2.8,,,,,,,,,,,,,,,,,Matches
133,Jasper Cillessen,nl NED,GK,Las Palmas,35,1989,25.9,,,,,,,,,,,,,,,,,Matches
134,Pathé Ciss,sn SEN,"MF,DF",Rayo Vallecano,30,1994,23.8,,,,,,,,,,,,,,,,,Matches
135,Seydouba Cissé,gn GUI,MF,Leganés,23,2001,27.1,,,,,,,,,,,,,,,,,Matches
136,Silvi Clúa,es ESP,MF,Girona,19,2005,1.8,,,,,,,,,,,,,,,,,Matches
137,Eray Cömert,ch SUI,"DF,MF",Valladolid,26,1998,19.8,,,,,,,,,,,,,,,,,Matches
138,Santi Comesaña,es ESP,MF,Villarreal,27,1996,28.4,,,,,,,,,,,,,,,,,Matches
139,Diego Conde,es ESP,GK,Villarreal,25,1998,21.8,,,,,,,,,,,,,,,,,Matches
140,Tomás Conechny,ar ARG,"MF,FW",Alavés,26,1998,9.4,,,,,,,,,,,,,,,,,Matches
141,Copete,es ESP,DF,Mallorca,24,1999,17.0,,,,,,,,,,,,,,,,,Matches
142,Iker Córdoba,es ESP,DF,Valencia,18,2005,0.2,,,,,,,,,,,,,,,,,Matches
143,Ángel Correa,ar ARG,FW,Atlético Madrid,29,1995,8.9,,,,,,,,,,,,,,,,,Matches
144,Thierry Correia,pt POR,DF,Valencia,25,1999,8.5,,,,,,,,,,,,,,,,,Matches
145,Coba da Costa,es ESP,MF,Getafe,22,2002,11.2,,,,,,,,,,,,,,,,,Matches
146,Logan Costa,cv CPV,DF,Villarreal,23,2001,28.7,,,,,,,,,,,,,,,,,Matches
147,Samu Costa,pt POR,MF,Mallorca,23,2000,29.4,,,,,,,,,,,,,,,,,Matches
148,Thibaut Courtois,be BEL,GK,Real Madrid,32,1992,30.0,,,,,,,,,,,,,,,,,Matches
149,Juan Cruz Armada,es ESP,DF,Osasuna,32,1992,16.6,,,,,,,,,,,,,,,,,Matches
150,Juan Cruz,es ESP,"MF,DF",Leganés,24,2000,25.1,,,,,,,,,,,,,,,,,Matches
151,Pau Cubarsí,es ESP,DF,Barcelona,17,2007,29.1,,,,,,,,,,,,,,,,,Matches
152,Cucho,co COL,FW,Real Betis,25,1999,12.7,,,,,,,,,,,,,,,,,Matches
153,Arnaut Danjuma,nl NED,"MF,FW",Girona,27,1997,14.8,,,,,,,,,,,,,,,,,Matches
154,Arnaut Danjuma,nl NED,FW,Villarreal,27,1997,2.2,,,,,,,,,,,,,,,,,Matches
155,Sergi Darder,es ESP,MF,Mallorca,30,1993,30.5,,,,,,,,,,,,,,,,,Matches
156,Rodrigo De Paul,ar ARG,MF,Atlético Madrid,30,1994,23.4,,,,,,,,,,,,,,,,,Matches
157,Mouctar Diakhaby,gn GUI,DF,Valencia,27,1996,7.3,,,,,,,,,,,,,,,,,Matches
158,Assane Diao,sn SEN,FW,Real Betis,18,2005,3.1,,,,,,,,,,,,,,,,,Matches
159,Moussa Diarra,ml MLI,DF,Alavés,23,2000,20.7,,,,,,,,,,,,,,,,,Matches
160,Brahim Díaz,ma MAR,"MF,FW",Real Madrid,24,1999,15.4,,,,,,,,,,,,,,,,,Matches
161,Daniel Díaz,es ESP,FW,Real Sociedad,18,2006,0.1,,,,,,,,,,,,,,,,,Matches
162,Pedro Díaz,es ESP,MF,Rayo Vallecano,26,1998,13.5,,,,,,,,,,,,,,,,,Matches
163,Diego,es ESP,"FW,MF",Leganés,24,2000,13.3,,,,,,,,,,,,,,,,,Matches
164,Stole Dimitrievski,mk MKD,GK,Valencia,30,1993,4.0,,,,,,,,,,,,,,,,,Matches
165,Yan Diomandé,ci CIV,MF,Leganés,17,2006,6.1,,,,,,,,,,,,,,,,,Matches
166,Álvaro djaló,gw GNB,"MF,FW",Athletic Club,24,1999,7.3,,,,,,,,,,,,,,,,,Matches
167,Djené,tg TOG,"DF,MF",Getafe,32,1991,28.3,,,,,,,,,,,,,,,,,Matches
168,Marko Dmitrović,rs SRB,GK,Leganés,32,1992,32.0,,,,,,,,,,,,,,,,,Matches
169,Marc Domenech,es ESP,"FW,MF",Mallorca,18,2006,3.4,,,,,,,,,,,,,,,,,Matches
170,Carlos Dominguez,es ESP,DF,Celta Vigo,23,2001,13.1,,,,,,,,,,,,,,,,,Matches
171,Israel Domínguez,es ESP,MF,Sevilla,21,2003,0.2,,,,,,,,,,,,,,,,,Matches
172,Sergi Dominguez,es ESP,DF,Barcelona,19,2005,1.9,,,,,,,,,,,,,,,,,Matches
173,Anastasios Douvikas,gr GRE,FW,Celta Vigo,24,1999,7.8,,,,,,,,,,,,,,,,,Matches
174,Domingos Duarte,pt POR,DF,Getafe,29,1995,20.7,,,,,,,,,,,,,,,,,Matches
175,Duk,cv CPV,MF,Leganés,24,2000,2.0,,,,,,,,,,,,,,,,,Matches
176,Pablo Durán,es ESP,"FW,MF",Celta Vigo,23,2001,15.5,,,,,,,,,,,,,,,,,Matches
177,Hugo Duro,es ESP,FW,Valencia,24,1999,24.1,,,,,,,,,,,,,,,,,Matches
178,Chidera Ejuke,ng NGA,"MF,FW",Sevilla,26,1998,10.7,,,,,,,,,,,,,,,,,Matches
179,Aritz Elustondo,es ESP,DF,Real Sociedad,30,1994,16.2,,,,,,,,,,,,,,,,,Matches
180,Adri Embarba,es ESP,"MF,FW",Rayo Vallecano,32,1992,17.9,,,,,,,,,,,,,,,,,Matches
181,Endrick,br BRA,FW,Real Madrid,18,2006,4.0,,,,,,,,,,,,,,,,,Matches
182,Alfonso Espino,uy URU,DF,Rayo Vallecano,32,1992,9.3,,,,,,,,,,,,,,,,,Matches
183,Dario Essugo,pt POR,MF,Las Palmas,19,2005,21.5,,,,,,,,,,,,,,,,,Matches
184,Etienne Eto'o,cm CMR,FW,Rayo Vallecano,21,2002,0.4,,,,,,,,,,,,,,,,,Matches
185,Karl Etta Eyong,cm CMR,FW,Villarreal,20,2003,0.4,,,,,,,,,,,,,,,,,Matches
186,Edu Expósito,es ESP,MF,Espanyol,27,1996,11.6,,,,,,,,,,,,,,,,,Matches
187,Abde Ezzalzouli,ma MAR,MF,Real Betis,22,2001,22.0,,,,,,,,,,,,,,,,,Matches
188,Ansu Fati,es ESP,MF,Barcelona,21,2002,2.6,,,,,,,,,,,,,,,,,Matches
189,Nabil Fekir,fr FRA,MF,Real Betis,31,1993,2.0,,,,,,,,,,,,,,,,,Matches
190,Kiko Femenía,es ESP,DF,Villarreal,33,1991,24.7,,,,,,,,,,,,,,,,,Matches
191,Aitor Fernández,es ESP,GK,Osasuna,33,1991,1.0,,,,,,,,,,,,,,,,,Matches
192,Álvaro Fernández,es ESP,GK,Sevilla,26,1998,8.3,,,,,,,,,,,,,,,,,Matches
193,Pelayo Fernandez,es ESP,DF,Rayo Vallecano,21,2003,1.1,,,,,,,,,,,,,,,,,Matches
194,Roberto Férnandez,es ESP,FW,Espanyol,22,2002,16.6,,,,,,,,,,,,,,,,,Matches
195,Valery Fernández,es ESP,MF,Mallorca,24,1999,3.4,,,,,,,,,,,,,,,,,Matches
196,André Ferreira,pt POR,GK,Valladolid,28,1996,6.0,,,,,,,,,,,,,,,,,Matches
197,Mateo Flores,es ESP,MF,Real Betis,20,2004,1.7,,,,,,,,,,,,,,,,,Matches
198,Pablo Fornals,es ESP,MF,Real Betis,28,1996,20.3,,,,,,,,,,,,,,,,,Matches
199,Héctor Fort,es ESP,DF,Barcelona,17,2006,6.5,,,,,,,,,,,,,,,,,Matches
200,Dimitri Foulquier,fr FRA,DF,Valencia,31,1993,25.5,,,,,,,,,,,,,,,,,Matches
201,Juan Foyth,ar ARG,DF,Villarreal,26,1998,16.9,,,,,,,,,,,,,,,,,Matches
202,Fran,es ESP,GK,Real Madrid,19,2005,1.0,,,,,,,,,,,,,,,,,Matches
203,Alejandro Francés,es ESP,DF,Girona,21,2002,13.0,,,,,,,,,,,,,,,,,Matches
204,Enric Franquesa,es ESP,"MF,DF",Leganés,27,1997,6.8,,,,,,,,,,,,,,,,,Matches
205,Jorge de Frutos,es ESP,"MF,FW",Rayo Vallecano,27,1997,27.7,,,,,,,,,,,,,,,,,Matches
206,Darío Fuentes,es ESP,DF,Sevilla,21,2003,0.1,,,,,,,,,,,,,,,,,Matches
207,Manuel Fuster,es ESP,"MF,FW",Las Palmas,26,1997,11.1,,,,,,,,,,,,,,,,,Matches
208,Javi Galán,es ESP,DF,Atlético Madrid,29,1994,19.8,,,,,,,,,,,,,,,,,Matches
209,Iñigo Ruiz de Galarreta,es ESP,MF,Athletic Club,30,1993,16.4,,,,,,,,,,,,,,,,,Matches
210,Conor Gallagher,eng ENG,MF,Atlético Madrid,24,2000,18.1,,,,,,,,,,,,,,,,,Matches
211,Facundo Garcés,my MAS,DF,Alavés,24,1999,7.5,,,,,,,,,,,,,,,,,Matches
212,Álvaro García,es ESP,"MF,FW",Rayo Vallecano,31,1992,28.4,,,,,,,,,,,,,,,,,Matches
213,Eric García,es ESP,"DF,MF",Barcelona,23,2001,17.4,,,,,,,,,,,,,,,,,Matches
214,Fran Garcia,es ESP,DF,Real Madrid,24,1999,24.1,,,,,,,,,,,,,,,,,Matches
215,Gonzalo García,es ESP,MF,Real Madrid,20,2004,0.6,,,,,,,,,,,,,,,,,Matches
216,Joan García,es ESP,GK,Espanyol,23,2001,38.0,,,,,,,,,,,,,,,,,Matches
217,Pablo Garcia,es ESP,FW,Real Betis,18,2006,0.4,,,,,,,,,,,,,,,,,Matches
218,Rubén García,es ESP,"FW,MF",Osasuna,31,1993,26.8,,,,,,,,,,,,,,,,,Matches
219,Unai García,es ESP,DF,Osasuna,32,1992,0.7,,,,,,,,,,,,,,,,,Matches
220,Yarek Gasiorowski,es ESP,DF,Valencia,19,2005,10.5,,,,,,,,,,,,,,,,,Matches
221,Gavi,es ESP,MF,Barcelona,19,2004,12.1,,,,,,,,,,,,,,,,,Matches
222,Paulo Gazzaniga,ar ARG,GK,Girona,32,1992,35.5,,,,,,,,,,,,,,,,,Matches
223,Bryan Gil,es ESP,"MF,FW",Girona,23,2001,19.1,,,,,,,,,,,,,,,,,Matches
224,Dani Gómez,es ESP,FW,Valencia,26,1998,5.9,,,,,,,,,,,,,,,,,Matches
225,Moi Gómez,es ESP,"MF,FW",Osasuna,30,1994,8.8,,,,,,,,,,,,,,,,,Matches
226,Sergi Gómez,es ESP,DF,Espanyol,32,1992,7.4,,,,,,,,,,,,,,,,,Matches
227,Sergio Gómez,es ESP,MF,Real Sociedad,23,2000,30.4,,,,,,,,,,,,,,,,,Matches
228,Unai Gómez,es ESP,"MF,FW",Athletic Club,21,2003,14.3,,,,,,,,,,,,,,,,,Matches
229,Fabio González,es ESP,MF,Las Palmas,27,1997,0.6,,,,,,,,,,,,,,,,,Matches
230,Peter González,do DOM,MF,Getafe,22,2002,5.3,,,,,,,,,,,,,,,,,Matches
231,Urko González,es ESP,MF,Real Sociedad,23,2001,0.5,,,,,,,,,,,,,,,,,Matches
232,Urko González,es ESP,MF,Espanyol,23,2001,15.3,,,,,,,,,,,,,,,,,Matches
233,Andoni Gorosabel,es ESP,DF,Athletic Club,27,1996,16.5,,,,,,,,,,,,,,,,,Matches
234,José Gragera,es ESP,MF,Espanyol,23,2000,6.3,,,,,,,,,,,,,,,,,Matches
235,Dominik Greif,sk SVK,GK,Mallorca,27,1997,31.0,,,,,,,,,,,,,,,,,Matches
236,Antoine Griezmann,fr FRA,"FW,MF",Atlético Madrid,33,1991,27.4,,,,,,,,,,,,,,,,,Matches
237,Florian Grillitsch,at AUT,MF,Valladolid,28,1995,6.9,,,,,,,,,,,,,,,,,Matches
238,Vicente Guaita,es ESP,GK,Celta Vigo,37,1987,34.0,,,,,,,,,,,,,,,,,Matches
239,Sergi Guardiola,es ESP,FW,Rayo Vallecano,33,1991,4.0,,,,,,,,,,,,,,,,,Matches
240,Nemanja Gudelj,rs SRB,"MF,DF",Sevilla,32,1991,27.7,,,,,,,,,,,,,,,,,Matches
241,Javier Guerra,es ESP,MF,Valencia,21,2003,28.7,,,,,,,,,,,,,,,,,Matches
242,Ander Guevara,es ESP,MF,Alavés,27,1997,21.6,,,,,,,,,,,,,,,,,Matches
243,Pape Gueye,sn SEN,"MF,FW",Villarreal,25,1999,24.7,,,,,,,,,,,,,,,,,Matches
244,Hugo Guillamón,es ESP,MF,Valencia,24,2000,4.0,,,,,,,,,,,,,,,,,Matches
245,Carlos Guirao,es ESP,MF,Real Betis,21,2003,1.2,,,,,,,,,,,,,,,,,Matches
246,Arda Güler,tr TUR,"MF,FW",Real Madrid,19,2005,13.9,,,,,,,,,,,,,,,,,Matches
247,Gerard Gumbau,es ESP,MF,Rayo Vallecano,29,1994,9.4,,,,,,,,,,,,,,,,,Matches
248,Jon Guridi,es ESP,MF,Alavés,29,1995,23.1,,,,,,,,,,,,,,,,,Matches
249,Gorka Guruzeta,es ESP,FW,Athletic Club,27,1996,20.4,,,,,,,,,,,,,,,,,Matches
250,Miguel Gutiérrez,es ESP,"DF,MF",Girona,23,2001,27.3,,,,,,,,,,,,,,,,,Matches
251,Munir El Haddadi,ma MAR,"MF,FW",Leganés,28,1995,9.6,,,,,,,,,,,,,,,,,Matches
252,Sébastien Haller,ci CIV,FW,Leganés,30,1994,4.5,,,,,,,,,,,,,,,,,Matches
253,Henrique,br BRA,DF,Valladolid,30,1994,3.9,,,,,,,,,,,,,,,,,Matches
254,Javi Hernández,es ESP,DF,Leganés,26,1998,26.5,,,,,,,,,,,,,,,,,Matches
255,Aridane Hernández,es ESP,DF,Rayo Vallecano,35,1989,11.4,,,,,,,,,,,,,,,,,Matches
256,Jorge Herrando,es ESP,DF,Osasuna,23,2001,15.2,,,,,,,,,,,,,,,,,Matches
257,Ander Herrera,es ESP,MF,Athletic Club,34,1989,3.0,,,,,,,,,,,,,,,,,Matches
258,Sergio Herrera,es ESP,GK,Osasuna,31,1993,37.0,,,,,,,,,,,,,,,,,Matches
259,Yangel Herrera,ve VEN,MF,Girona,26,1998,25.1,,,,,,,,,,,,,,,,,Matches
260,Juan Herzog,es ESP,DF,Las Palmas,21,2003,14.6,,,,,,,,,,,,,,,,,Matches
261,Omar El Hilali,ma MAR,DF,Espanyol,20,2003,35.0,,,,,,,,,,,,,,,,,Matches
262,Roger Hinojo,es ESP,DF,Espanyol,19,2005,0.1,,,,,,,,,,,,,,,,,Matches
263,Dinko Horkaš,hr CRO,GK,Las Palmas,25,1999,12.1,,,,,,,,,,,,,,,,,Matches
264,Pablo Ibáñez,es ESP,MF,Osasuna,25,1998,14.4,,,,,,,,,,,,,,,,,Matches
265,Stanis Idumbo,be BEL,MF,Sevilla,19,2005,3.2,,,,,,,,,,,,,,,,,Matches
266,Iglesias,es ESP,"DF,MF",Getafe,26,1998,32.1,,,,,,,,,,,,,,,,,Matches
267,Borja Iglesias,es ESP,FW,Celta Vigo,31,1993,21.7,,,,,,,,,,,,,,,,,Matches
268,Kelechi Iheanacho,ng NGA,FW,Sevilla,27,1996,4.4,,,,,,,,,,,,,,,,,Matches
269,Isco,es ESP,MF,Real Betis,32,1992,17.2,,,,,,,,,,,,,,,,,Matches
270,Diego Iturralde,es ESP,MF,Sevilla,21,2003,0.4,,,,,,,,,,,,,,,,,Matches
271,Ivan Jaime Pajuelo,es ESP,MF,Valencia,23,2000,3.3,,,,,,,,,,,,,,,,,Matches
272,Karl Jakob Hein,ee EST,GK,Valladolid,22,2002,31.0,,,,,,,,,,,,,,,,,Matches
273,Adnan Januzaj,be BEL,"MF,FW",Las Palmas,29,1995,6.6,,,,,,,,,,,,,,,,,Matches
274,Mikel Jauregizar,es ESP,MF,Athletic Club,20,2003,24.9,,,,,,,,,,,,,,,,,Matches
275,John Joe,ie IRL,MF,Getafe,20,2003,0.5,,,,,,,,,,,,,,,,,Matches
276,Jofre,es ESP,MF,Espanyol,23,2001,24.1,,,,,,,,,,,,,,,,,Matches
277,Frenkie de Jong,nl NED,MF,Barcelona,27,1997,12.7,,,,,,,,,,,,,,,,,Matches
278,Joan Jordán,es ESP,MF,Alavés,30,1994,15.7,,,,,,,,,,,,,,,,,Matches
279,Juanmi,es ESP,MF,Real Betis,31,1993,2.7,,,,,,,,,,,,,,,,,Matches
280,Juanmi,es ESP,FW,Getafe,31,1993,7.7,,,,,,,,,,,,,,,,,Matches
281,Juanpe,es ESP,DF,Girona,33,1991,8.1,,,,,,,,,,,,,,,,,Matches
282,Abdulai Juma Bah,sl SLE,DF,Valladolid,18,2006,9.6,,,,,,,,,,,,,,,,,Matches
283,Luiz Lúcio Reis Júnior,br BRA,GK,Villarreal,23,2001,16.2,,,,,,,,,,,,,,,,,Matches
284,Vinicius Júnior,br BRA,"FW,MF",Real Madrid,24,2000,25.0,,,,,,,,,,,,,,,,,Matches
285,Stanko Jurić,hr CRO,MF,Valladolid,27,1996,19.2,,,,,,,,,,,,,,,,,Matches
286,Willy Kambwala,fr FRA,DF,Villarreal,19,2004,12.4,,,,,,,,,,,,,,,,,Matches
287,Abdoulaye Keita,es ESP,MF,Getafe,21,2002,1.1,,,,,,,,,,,,,,,,,Matches
288,Kenedy,br BRA,"FW,MF",Valladolid,28,1996,0.1,,,,,,,,,,,,,,,,,Matches
289,Kiké,es ESP,FW,Alavés,34,1989,28.2,,,,,,,,,,,,,,,,,Matches
290,Koke,es ESP,MF,Atlético Madrid,32,1992,21.4,,,,,,,,,,,,,,,,,Matches
291,Jules Koundé,fr FRA,DF,Barcelona,25,1998,28.9,,,,,,,,,,,,,,,,,Matches
292,Alex Král,cz CZE,MF,Espanyol,26,1998,30.2,,,,,,,,,,,,,,,,,Matches
293,Vladyslav Krapyvtsov,ua UKR,GK,Girona,19,2005,2.0,,,,,,,,,,,,,,,,,Matches
294,Ladislav Krejčí,cz CZE,DF,Girona,25,1999,27.1,,,,,,,,,,,,,,,,,Matches
295,Takefusa Kubo,jp JPN,"MF,FW",Real Sociedad,23,2001,26.4,,,,,,,,,,,,,,,,,Matches
296,Marash Kumbulla,al ALB,DF,Espanyol,24,2000,33.0,,,,,,,,,,,,,,,,,Matches
297,Luca de la Torre,us USA,MF,Celta Vigo,26,1998,0.0,,,,,,,,,,,,,,,,,Matches
298,Yoel Lago,es ESP,DF,Celta Vigo,20,2004,6.5,,,,,,,,,,,,,,,,,Matches
299,Cyle Larin,ca CAN,FW,Mallorca,29,1995,19.6,,,,,,,,,,,,,,,,,Matches
300,Juanmi Latasa,es ESP,FW,Valladolid,23,2001,15.5,,,,,,,,,,,,,,,,,Matches
301,Toni Lato,es ESP,DF,Mallorca,26,1997,6.9,,,,,,,,,,,,,,,,,Matches
302,Robin Le Normand,es ESP,DF,Atlético Madrid,27,1996,23.9,,,,,,,,,,,,,,,,,Matches
303,Florian Lejeune,fr FRA,DF,Rayo Vallecano,33,1991,36.9,,,,,,,,,,,,,,,,,Matches
304,Iñigo Lekue,es ESP,DF,Athletic Club,31,1993,8.6,,,,,,,,,,,,,,,,,Matches
305,Thomas Lemar,fr FRA,MF,Atlético Madrid,28,1995,0.9,,,,,,,,,,,,,,,,,Matches
306,Clément Lenglet,fr FRA,DF,Atlético Madrid,29,1995,21.9,,,,,,,,,,,,,,,,,Matches
307,Robert Lewandowski,pl POL,FW,Barcelona,35,1988,29.6,,,,,,,,,,,,,,,,,Matches
308,Samuel Lino,br BRA,MF,Atlético Madrid,24,1999,17.2,,,,,,,,,,,,,,,,,Matches
309,Javier Llabrés,es ESP,MF,Mallorca,21,2002,0.6,,,,,,,,,,,,,,,,,Matches
310,Diego Llorente,es ESP,DF,Real Betis,30,1993,28.0,,,,,,,,,,,,,,,,,Matches
311,Marcos Llorente,es ESP,"DF,MF",Atlético Madrid,29,1995,27.9,,,,,,,,,,,,,,,,,Matches
312,Giovani Lo Celso,ar ARG,MF,Real Betis,28,1996,16.2,,,,,,,,,,,,,,,,,Matches
313,Enzo Loiodice,fr FRA,MF,Las Palmas,23,2000,7.6,,,,,,,,,,,,,,,,,Matches
314,David López,es ESP,DF,Girona,34,1989,27.0,,,,,,,,,,,,,,,,,Matches
315,David López,es ESP,DF,Mallorca,21,2003,1.9,,,,,,,,,,,,,,,,,Matches
316,Diego López,es ESP,MF,Valencia,22,2002,30.4,,,,,,,,,,,,,,,,,Matches
317,Fer López,es ESP,"FW,MF",Celta Vigo,20,2004,7.5,,,,,,,,,,,,,,,,,Matches
318,Fermin López,es ESP,MF,Barcelona,21,2003,13.9,,,,,,,,,,,,,,,,,Matches
319,Javi López,es ESP,DF,Real Sociedad,22,2002,21.5,,,,,,,,,,,,,,,,,Matches
320,Pau López,es ESP,GK,Girona,29,1994,0.5,,,,,,,,,,,,,,,,,Matches
321,Roberto López,es ESP,MF,Leganés,24,2000,4.4,,,,,,,,,,,,,,,,,Matches
322,Unai López,es ESP,MF,Rayo Vallecano,28,1995,19.0,,,,,,,,,,,,,,,,,Matches
323,Iker Losada,es ESP,"MF,FW",Celta Vigo,22,2001,4.0,,,,,,,,,,,,,,,,,Matches
324,Iker Losada,es ESP,MF,Real Betis,22,2001,3.7,,,,,,,,,,,,,,,,,Matches
325,Pol Lozano,es ESP,MF,Espanyol,24,1999,21.6,,,,,,,,,,,,,,,,,Matches
326,José Luis Gayà,es ESP,DF,Valencia,29,1995,20.0,,,,,,,,,,,,,,,,,Matches
327,Dodi Lukebakio,be BEL,"MF,FW",Sevilla,26,1997,34.4,,,,,,,,,,,,,,,,,Matches
328,Daniel Luna,co COL,MF,Mallorca,21,2003,0.2,,,,,,,,,,,,,,,,,Matches
329,Andriy Lunin,ua UKR,GK,Real Madrid,25,1999,7.0,,,,,,,,,,,,,,,,,Matches
330,Darwin Machís,ve VEN,"MF,FW",Valladolid,31,1993,7.1,,,,,,,,,,,,,,,,,Matches
331,Pablo Maffeo,es ESP,DF,Mallorca,27,1997,26.3,,,,,,,,,,,,,,,,,Matches
332,Jon Magunazelaia,es ESP,MF,Real Sociedad,23,2001,0.1,,,,,,,,,,,,,,,,,Matches
333,Giorgi Mamardashvili,ge GEO,GK,Valencia,23,2000,34.0,,,,,,,,,,,,,,,,,Matches
334,Reinildo Mandava,mz MOZ,"DF,MF",Atlético Madrid,30,1994,10.5,,,,,,,,,,,,,,,,,Matches
335,Javier Manquillo,es ESP,DF,Celta Vigo,30,1994,5.7,,,,,,,,,,,,,,,,,Matches
336,Marcão,br BRA,DF,Sevilla,28,1996,6.1,,,,,,,,,,,,,,,,,Matches
337,Óscar de Marcos,es ESP,DF,Athletic Club,35,1989,17.4,,,,,,,,,,,,,,,,,Matches
338,Alberto Marí,es ESP,FW,Valencia,23,2001,0.1,,,,,,,,,,,,,,,,,Matches
339,José María Giménez,uy URU,DF,Atlético Madrid,29,1995,22.2,,,,,,,,,,,,,,,,,Matches
340,Arkaitz Mariezkurrena,es ESP,FW,Real Sociedad,19,2005,2.7,,,,,,,,,,,,,,,,,Matches
341,Pablo Marín,es ESP,MF,Real Sociedad,21,2003,13.8,,,,,,,,,,,,,,,,,Matches
342,Mika Mármol,es ESP,DF,Las Palmas,23,2001,26.7,,,,,,,,,,,,,,,,,Matches
343,Mario Maroto,es ESP,MF,Valladolid,20,2003,0.7,,,,,,,,,,,,,,,,,Matches
344,Unai Marrero,es ESP,GK,Real Sociedad,22,2001,2.0,,,,,,,,,,,,,,,,,Matches
345,Carlos Martín,es ESP,"MF,FW",Alavés,22,2002,14.8,,,,,,,,,,,,,,,,,Matches
346,Diego Martín,es ESP,FW,Las Palmas,20,2003,0.4,,,,,,,,,,,,,,,,,Matches
347,Gerard Martín,es ESP,DF,Barcelona,22,2002,11.5,,,,,,,,,,,,,,,,,Matches
348,Iván Martín,es ESP,MF,Girona,25,1999,22.7,,,,,,,,,,,,,,,,,Matches
349,Jon Martin,es ESP,DF,Real Sociedad,18,2006,10.0,,,,,,,,,,,,,,,,,Matches
350,Mario Martín,es ESP,MF,Valladolid,20,2004,19.4,,,,,,,,,,,,,,,,,Matches
351,Arnau Martinez,es ESP,"DF,MF",Girona,21,2003,29.2,,,,,,,,,,,,,,,,,Matches
352,Iñigo Martínez,es ESP,DF,Barcelona,33,1991,27.7,,,,,,,,,,,,,,,,,Matches
353,Javi Martínez,es ESP,MF,Osasuna,24,1999,0.1,,,,,,,,,,,,,,,,,Matches
354,Ramón Martínez,es ESP,DF,Sevilla,21,2002,2.9,,,,,,,,,,,,,,,,,Matches
355,Toni Martínez,es ESP,FW,Alavés,27,1997,11.2,,,,,,,,,,,,,,,,,Matches
356,Javi Martón,es ESP,FW,Athletic Club,25,1999,0.6,,,,,,,,,,,,,,,,,Matches
357,Marvin,es ESP,"DF,MF",Las Palmas,24,2000,11.5,,,,,,,,,,,,,,,,,Matches
358,Omar Mascarell,gq EQG,MF,Mallorca,31,1993,22.1,,,,,,,,,,,,,,,,,Matches
359,Jaime Mata,es ESP,"MF,FW",Las Palmas,35,1988,7.3,,,,,,,,,,,,,,,,,Matches
360,Borja Mayoral,es ESP,FW,Getafe,27,1997,12.4,,,,,,,,,,,,,,,,,Matches
361,Kylian Mbappé,fr FRA,FW,Real Madrid,25,1998,32.3,,,,,,,,,,,,,,,,,Matches
362,Oliver McBurnie,sct SCO,FW,Las Palmas,28,1996,20.4,,,,,,,,,,,,,,,,,Matches
363,Scott McKenna,sct SCO,DF,Las Palmas,27,1996,27.4,,,,,,,,,,,,,,,,,Matches
364,Mateo Mejía,es ESP,FW,Sevilla,21,2003,0.1,,,,,,,,,,,,,,,,,Matches
365,Arthur Melo,br BRA,MF,Girona,27,1996,10.5,,,,,,,,,,,,,,,,,Matches
366,Brais Méndez,es ESP,"MF,FW",Real Sociedad,27,1997,17.0,,,,,,,,,,,,,,,,,Matches
367,Ferland Mendy,fr FRA,DF,Real Madrid,29,1995,11.2,,,,,,,,,,,,,,,,,Matches
368,Nobel Mendy,fr FRA,DF,Real Betis,19,2004,1.2,,,,,,,,,,,,,,,,,Matches
369,Víctor Meseguer,es ESP,MF,Valladolid,25,1999,4.6,,,,,,,,,,,,,,,,,Matches
370,Miguel,es ESP,FW,Leganés,24,1999,19.2,,,,,,,,,,,,,,,,,Matches
371,Éder Militão,br BRA,DF,Real Madrid,26,1998,10.4,,,,,,,,,,,,,,,,,Matches
372,Luis Milla,es ESP,MF,Getafe,29,1994,31.9,,,,,,,,,,,,,,,,,Matches
373,Pere Milla,es ESP,MF,Espanyol,31,1992,5.1,,,,,,,,,,,,,,,,,Matches
374,Óscar Mingueza,es ESP,"MF,DF",Celta Vigo,25,1999,30.3,,,,,,,,,,,,,,,,,Matches
375,Kim Minsu,kr KOR,FW,Girona,18,2006,0.2,,,,,,,,,,,,,,,,,Matches
376,Bojan Miovski,mk MKD,FW,Girona,25,1999,9.7,,,,,,,,,,,,,,,,,Matches
377,Rafa Mir,es ESP,"FW,MF",Valencia,27,1997,8.4,,,,,,,,,,,,,,,,,Matches
378,Luka Modrić,hr CRO,MF,Real Madrid,38,1985,20.3,,,,,,,,,,,,,,,,,Matches
379,Johan Mojica,co COL,DF,Mallorca,31,1992,30.6,,,,,,,,,,,,,,,,,Matches
380,Alberto Moleiro,es ESP,MF,Las Palmas,20,2003,30.2,,,,,,,,,,,,,,,,,Matches
381,Nahuel Molina,ar ARG,DF,Atlético Madrid,26,1998,17.7,,,,,,,,,,,,,,,,,Matches
382,Jon Moncayola,es ESP,MF,Osasuna,26,1998,23.3,,,,,,,,,,,,,,,,,Matches
383,Gonzalo Montiel,ar ARG,DF,Sevilla,27,1997,1.3,,,,,,,,,,,,,,,,,Matches
384,Gerard Moreno,es ESP,FW,Villarreal,32,1992,8.0,,,,,,,,,,,,,,,,,Matches
385,Xavier Moreno,es ESP,FW,Valladolid,19,2004,0.5,,,,,,,,,,,,,,,,,Matches
386,Mateu Morey,es ESP,DF,Mallorca,24,2000,8.2,,,,,,,,,,,,,,,,,Matches
387,Ilaix Moriba,gn GUI,MF,Celta Vigo,21,2003,23.7,,,,,,,,,,,,,,,,,Matches
388,Manu Morlanes,es ESP,MF,Mallorca,25,1999,14.9,,,,,,,,,,,,,,,,,Matches
389,Raúl Moro,es ESP,"MF,FW",Valladolid,21,2002,26.0,,,,,,,,,,,,,,,,,Matches
390,Cristhian Mosquera,es ESP,DF,Valencia,20,2004,36.9,,,,,,,,,,,,,,,,,Matches
391,Santiago Mouriño,uy URU,DF,Alavés,22,2002,20.5,,,,,,,,,,,,,,,,,Matches
392,Abdul Mumin,gh GHA,DF,Rayo Vallecano,26,1998,22.4,,,,,,,,,,,,,,,,,Matches
393,Aihen Muñoz,es ESP,DF,Real Sociedad,26,1997,12.2,,,,,,,,,,,,,,,,,Matches
394,Álex Muñoz,es ESP,DF,Las Palmas,30,1994,15.7,,,,,,,,,,,,,,,,,Matches
395,Iker Muñoz,es ESP,MF,Osasuna,21,2002,6.8,,,,,,,,,,,,,,,,,Matches
396,Javier Muñoz,es ESP,"MF,DF",Las Palmas,29,1995,28.8,,,,,,,,,,,,,,,,,Matches
397,Víctor Muñoz,es ESP,FW,Real Madrid,21,2003,0.4,,,,,,,,,,,,,,,,,Matches
398,Vedat Muriqi,xk KVX,FW,Mallorca,30,1994,22.9,,,,,,,,,,,,,,,,,Matches
399,Juan Musso,ar ARG,GK,Atlético Madrid,30,1994,2.0,,,,,,,,,,,,,,,,,Matches
400,Matija Nastasić,rs SRB,DF,Leganés,31,1993,23.4,,,,,,,,,,,,,,,,,Matches
401,Natan,br BRA,DF,Real Betis,23,2001,24.2,,,,,,,,,,,,,,,,,Matches
402,Pau Navarro,es ESP,DF,Villarreal,19,2005,10.2,,,,,,,,,,,,,,,,,Matches
403,Roberto Navarro,es ESP,MF,Mallorca,22,2002,14.2,,,,,,,,,,,,,,,,,Matches
404,Jesús Navas,es ESP,"MF,FW",Sevilla,38,1985,4.7,,,,,,,,,,,,,,,,,Matches
405,Yvan Neyou,cm CMR,MF,Leganés,27,1997,25.7,,,,,,,,,,,,,,,,,Matches
406,Tanguy Nianzou,fr FRA,DF,Sevilla,22,2002,5.8,,,,,,,,,,,,,,,,,Matches
407,Saúl Ñíguez,es ESP,MF,Sevilla,29,1994,17.3,,,,,,,,,,,,,,,,,Matches
408,Tamás Nikitscher,hu HUN,"MF,DF",Valladolid,24,1999,9.5,,,,,,,,,,,,,,,,,Matches
409,Adrian Niño,es ESP,FW,Atlético Madrid,20,2004,0.1,,,,,,,,,,,,,,,,,Matches
410,Hugo Novoa,es ESP,"MF,DF",Alavés,21,2003,2.6,,,,,,,,,,,,,,,,,Matches
411,Randy Nteka,ao ANG,FW,Rayo Vallecano,26,1997,12.5,,,,,,,,,,,,,,,,,Matches
412,Unai Núñez,es ESP,DF,Athletic Club,27,1997,7.2,,,,,,,,,,,,,,,,,Matches
413,Ørjan Nyland,no NOR,GK,Sevilla,33,1990,29.7,,,,,,,,,,,,,,,,,Matches
414,Allan Nyom,cm CMR,"MF,DF",Getafe,36,1988,9.9,,,,,,,,,,,,,,,,,Matches
415,Jan Oblak,si SVN,GK,Atlético Madrid,31,1993,36.0,,,,,,,,,,,,,,,,,Matches
416,Lucas Ocampos,ar ARG,"MF,FW",Sevilla,30,1994,1.9,,,,,,,,,,,,,,,,,Matches
417,Álvaro Odriozola,es ESP,DF,Real Sociedad,28,1995,0.5,,,,,,,,,,,,,,,,,Matches
418,Thiago Ojeda,ar ARG,MF,Villarreal,21,2003,0.1,,,,,,,,,,,,,,,,,Matches
419,Aingeru Olabarrieta,es ESP,MF,Athletic Club,18,2005,0.6,,,,,,,,,,,,,,,,,Matches
420,Olasagasti,es ESP,MF,Real Sociedad,23,2000,9.5,,,,,,,,,,,,,,,,,Matches
421,Brian Oliván,es ESP,DF,Espanyol,30,1994,11.3,,,,,,,,,,,,,,,,,Matches
422,Lucas Oliveira Rosa,br BRA,DF,Valladolid,24,2000,21.0,,,,,,,,,,,,,,,,,Matches
423,Dani Olmo,es ESP,MF,Barcelona,26,1998,13.5,,,,,,,,,,,,,,,,,Matches
424,Aimar Oroz,es ESP,MF,Osasuna,22,2001,33.0,,,,,,,,,,,,,,,,,Matches
425,Ángel Ortíz,es ESP,DF,Real Betis,20,2004,3.9,,,,,,,,,,,,,,,,,Matches
426,Gabriel Osei Misehouy,nl NED,FW,Girona,19,2005,2.9,,,,,,,,,,,,,,,,,Matches
427,David Otorbi,es ESP,FW,Valencia,16,2007,0.2,,,,,,,,,,,,,,,,,Matches
428,Jesús Owono,gq EQG,GK,Alavés,23,2001,5.4,,,,,,,,,,,,,,,,,Matches
429,Mikel Oyarzabal,es ESP,FW,Real Sociedad,27,1997,25.0,,,,,,,,,,,,,,,,,Matches
430,Cenk Özkacar,tr TUR,DF,Valladolid,23,2000,8.4,,,,,,,,,,,,,,,,,Matches
431,Jon Pacheco,es ESP,DF,Real Sociedad,23,2001,9.5,,,,,,,,,,,,,,,,,Matches
432,Alex Padilla,es ESP,GK,Athletic Club,20,2003,3.6,,,,,,,,,,,,,,,,,Matches
433,Isaac Palazón Camacho,es ESP,"MF,FW",Rayo Vallecano,29,1994,24.0,,,,,,,,,,,,,,,,,Matches
434,Aitor Paredes,es ESP,DF,Athletic Club,24,2000,20.1,,,,,,,,,,,,,,,,,Matches
435,Daniel Parejo,es ESP,MF,Villarreal,35,1989,25.3,,,,,,,,,,,,,,,,,Matches
436,Iago Parente,es ESP,DF,Valladolid,18,2006,0.8,,,,,,,,,,,,,,,,,Matches
437,Álvaro Pascual,es ESP,FW,Sevilla,22,2002,4.5,,,,,,,,,,,,,,,,,Matches
438,Alfonso Pedraza,es ESP,"DF,MF",Villarreal,28,1996,5.1,,,,,,,,,,,,,,,,,Matches
439,Pedri,es ESP,MF,Barcelona,21,2002,32.0,,,,,,,,,,,,,,,,,Matches
440,Adrià Pedrosa,es ESP,DF,Sevilla,26,1998,25.5,,,,,,,,,,,,,,,,,Matches
441,Pejiño,es ESP,MF,Las Palmas,28,1996,0.2,,,,,,,,,,,,,,,,,Matches
442,Andy Pelmard,mg MAD,DF,Las Palmas,24,2000,2.3,,,,,,,,,,,,,,,,,Matches
443,Iñaki Peña,es ESP,GK,Barcelona,25,1999,15.5,,,,,,,,,,,,,,,,,Matches
444,Rubén Peña,es ESP,"FW,DF",Osasuna,33,1991,8.6,,,,,,,,,,,,,,,,,Matches
445,Nicolas Pépé,ci CIV,"FW,MF",Villarreal,29,1995,16.7,,,,,,,,,,,,,,,,,Matches
446,Peque,es ESP,"MF,FW",Sevilla,21,2002,12.6,,,,,,,,,,,,,,,,,Matches
447,Ayoze Pérez,es ESP,FW,Villarreal,31,1993,21.9,,,,,,,,,,,,,,,,,Matches
448,Carles Pérez,es ESP,MF,Getafe,26,1998,15.9,,,,,,,,,,,,,,,,,Matches
449,Francisco Perez,es ESP,MF,Valencia,21,2002,6.3,,,,,,,,,,,,,,,,,Matches
450,Kike Pérez,es ESP,MF,Valladolid,27,1997,13.2,,,,,,,,,,,,,,,,,Matches
451,Luis Pérez,es ESP,DF,Valladolid,29,1995,28.4,,,,,,,,,,,,,,,,,Matches
452,Romain Perraud,fr FRA,DF,Real Betis,26,1997,22.2,,,,,,,,,,,,,,,,,Matches
453,Valentín Pezzolesi,es ESP,DF,Las Palmas,17,2007,0.1,,,,,,,,,,,,,,,,,Matches
454,Pica,es ESP,DF,Alavés,22,2002,5.5,,,,,,,,,,,,,,,,,Matches
455,Yeremi Pino,es ESP,MF,Villarreal,21,2002,21.5,,,,,,,,,,,,,,,,,Matches
456,Portu,es ESP,"FW,MF",Girona,32,1992,8.7,,,,,,,,,,,,,,,,,Matches
457,Beñat Prados,es ESP,MF,Athletic Club,23,2001,19.1,,,,,,,,,,,,,,,,,Matches
458,Abdón Prats,es ESP,"FW,MF",Mallorca,31,1992,5.1,,,,,,,,,,,,,,,,,Matches
459,Javi Puado,es ESP,"MF,FW",Espanyol,26,1998,33.0,,,,,,,,,,,,,,,,,Matches
460,Dani Raba,es ESP,"MF,FW",Leganés,28,1995,20.9,,,,,,,,,,,,,,,,,Matches
461,Arnau Rafús,es ESP,GK,Valladolid,21,2003,1.0,,,,,,,,,,,,,,,,,Matches
462,Antonio Raillo,es ESP,DF,Mallorca,32,1991,35.6,,,,,,,,,,,,,,,,,Matches
463,Benito Ramírez,es ESP,"MF,DF",Las Palmas,29,1995,5.3,,,,,,,,,,,,,,,,,Matches
464,Sandro Ramírez,es ESP,"MF,FW",Las Palmas,29,1995,22.6,,,,,,,,,,,,,,,,,Matches
465,Jacobo Ramón,es ESP,DF,Real Madrid,19,2005,2.3,,,,,,,,,,,,,,,,,Matches
466,Raphinha,br BRA,"MF,FW",Barcelona,27,1996,31.5,,,,,,,,,,,,,,,,,Matches
467,Andrei Ratiu,ro ROU,"DF,MF",Rayo Vallecano,26,1998,34.1,,,,,,,,,,,,,,,,,Matches
468,Raúl,es ESP,FW,Osasuna,23,2000,8.3,,,,,,,,,,,,,,,,,Matches
469,Abde Rebbach,dz ALG,"MF,FW",Alavés,25,1998,4.3,,,,,,,,,,,,,,,,,Matches
470,Álex Remiro,es ESP,GK,Real Sociedad,29,1995,36.0,,,,,,,,,,,,,,,,,Matches
471,Daniel Requena,es ESP,MF,Villarreal,20,2004,0.1,,,,,,,,,,,,,,,,,Matches
472,Diego Rico,es ESP,DF,Getafe,31,1993,31.3,,,,,,,,,,,,,,,,,Matches
473,Luis Rioja,es ESP,MF,Alavés,30,1993,0.3,,,,,,,,,,,,,,,,,Matches
474,Luis Rioja,es ESP,MF,Valencia,30,1993,31.5,,,,,,,,,,,,,,,,,Matches
475,Rodrigo Riquelme,es ESP,"MF,DF",Atlético Madrid,24,2000,5.7,,,,,,,,,,,,,,,,,Matches
476,Alberto Risco,es ESP,MF,Getafe,18,2005,0.8,,,,,,,,,,,,,,,,,Matches
477,Mihailo Ristić,rs SRB,"MF,DF",Celta Vigo,28,1995,4.8,,,,,,,,,,,,,,,,,Matches
478,Gorka Rivera Alonso,es ESP,DF,Getafe,19,2004,0.2,,,,,,,,,,,,,,,,,Matches
479,Marc Roca,es ESP,MF,Real Betis,27,1996,10.1,,,,,,,,,,,,,,,,,Matches
480,Rodri,es ESP,MF,Real Betis,24,2000,1.3,,,,,,,,,,,,,,,,,Matches
481,Adrian Rodriguez,es ESP,GK,Alavés,23,2000,1.4,,,,,,,,,,,,,,,,,Matches
482,Álvaro Rodríguez,uy URU,FW,Getafe,20,2004,9.5,,,,,,,,,,,,,,,,,Matches
483,Óscar Rodríguez Arnaiz,es ESP,MF,Leganés,26,1998,14.8,,,,,,,,,,,,,,,,,Matches
484,Arturo Rodríguez,es ESP,FW,Las Palmas,17,2006,0.2,,,,,,,,,,,,,,,,,Matches
485,Damián Rodríguez,es ESP,MF,Celta Vigo,21,2003,10.3,,,,,,,,,,,,,,,,,Matches
486,Dani Rodríguez,es ESP,"MF,FW",Mallorca,36,1988,24.0,,,,,,,,,,,,,,,,,Matches
487,Daniel Rodriguez,es ESP,MF,Barcelona,18,2005,0.4,,,,,,,,,,,,,,,,,Matches
488,James Rodríguez,co COL,MF,Rayo Vallecano,33,1991,1.6,,,,,,,,,,,,,,,,,Matches
489,Javi Rodríguez,es ESP,DF,Celta Vigo,21,2003,27.9,,,,,,,,,,,,,,,,,Matches
490,Jesus Rodríguez,es ESP,MF,Real Betis,18,2005,12.3,,,,,,,,,,,,,,,,,Matches
491,Kirian Rodríguez,es ESP,MF,Las Palmas,28,1996,19.5,,,,,,,,,,,,,,,,,Matches
492,Ricardo Rodríguez,ch SUI,DF,Real Betis,31,1992,14.2,,,,,,,,,,,,,,,,,Matches
493,Rodrygo,br BRA,"MF,FW",Real Madrid,23,2001,21.4,,,,,,,,,,,,,,,,,Matches
494,Leo Román,es ESP,GK,Mallorca,24,2000,7.0,,,,,,,,,,,,,,,,,Matches
495,Carlos Romero,es ESP,"DF,MF",Espanyol,22,2001,28.4,,,,,,,,,,,,,,,,,Matches
496,Isaac Romero,es ESP,FW,Sevilla,24,2000,24.0,,,,,,,,,,,,,,,,,Matches
497,Luka Romero,ar ARG,"MF,FW",Alavés,19,2004,2.2,,,,,,,,,,,,,,,,,Matches
498,Oriol Romeu,es ESP,MF,Girona,32,1991,15.1,,,,,,,,,,,,,,,,,Matches
499,Vitor Roque,br BRA,FW,Real Betis,19,2005,13.7,,,,,,,,,,,,,,,,,Matches
500,Valentin Rosier,fr FRA,DF,Leganés,27,1996,28.8,,,,,,,,,,,,,,,,,Matches
501,Antonio Rüdiger,de GER,DF,Real Madrid,31,1993,25.5,,,,,,,,,,,,,,,,,Matches
502,Aitor Ruibal,es ESP,"DF,FW",Real Betis,28,1996,14.6,,,,,,,,,,,,,,,,,Matches
503,Abel Ruiz,es ESP,FW,Girona,24,2000,15.0,,,,,,,,,,,,,,,,,Matches
504,Ferrán Ruiz,es ESP,DF,Girona,21,2003,0.2,,,,,,,,,,,,,,,,,Matches
505,Youssouf Sabaly,sn SEN,DF,Real Betis,31,1993,17.6,,,,,,,,,,,,,,,,,Matches
506,Umar Sadiq,ng NGA,FW,Valencia,27,1997,9.2,,,,,,,,,,,,,,,,,Matches
507,Umar Sadiq,ng NGA,FW,Real Sociedad,27,1997,2.5,,,,,,,,,,,,,,,,,Matches
508,Jorge Sáenz,es ESP,DF,Leganés,27,1996,18.8,,,,,,,,,,,,,,,,,Matches
509,Jan Salas,es ESP,MF,Mallorca,18,2005,0.5,,,,,,,,,,,,,,,,,Matches
510,Kike Salas,es ESP,DF,Sevilla,22,2002,24.9,,,,,,,,,,,,,,,,,Matches
511,Albert Sambi Lokonga,be BEL,MF,Sevilla,24,1999,16.3,,,,,,,,,,,,,,,,,Matches
512,Chuky san jose,es ESP,"MF,FW",Valladolid,20,2004,8.1,,,,,,,,,,,,,,,,,Matches
513,Oihan Sancet,es ESP,MF,Athletic Club,24,2000,18.0,,,,,,,,,,,,,,,,,Matches
514,Antonio Sánchez,es ESP,"MF,DF",Mallorca,27,1997,15.5,,,,,,,,,,,,,,,,,Matches
515,Iván Sánchez,es ESP,MF,Valladolid,31,1992,15.6,,,,,,,,,,,,,,,,,Matches
516,Javi Sánchez,es ESP,DF,Valladolid,27,1997,22.5,,,,,,,,,,,,,,,,,Matches
517,Juanlu Sánchez,es ESP,"MF,DF",Sevilla,20,2003,19.1,,,,,,,,,,,,,,,,,Matches
518,Manu Sánchez,es ESP,DF,Alavés,23,2000,29.3,,,,,,,,,,,,,,,,,Matches
519,Maroan Sannadi,ma MAR,FW,Athletic Club,23,2001,8.4,,,,,,,,,,,,,,,,,Matches
520,Yellu Santiago,es ESP,MF,Getafe,20,2004,4.1,,,,,,,,,,,,,,,,,Matches
521,Aleksandar Sedlar,rs SRB,DF,Alavés,32,1991,6.6,,,,,,,,,,,,,,,,,Matches
522,Sergi,es ESP,DF,Leganés,32,1992,32.9,,,,,,,,,,,,,,,,,Matches
523,Nicolás Serrano,es ESP,MF,Athletic Club,21,2003,1.2,,,,,,,,,,,,,,,,,Matches
524,Fábio Silva,pt POR,FW,Las Palmas,22,2002,20.7,,,,,,,,,,,,,,,,,Matches
525,Rui Silva,pt POR,GK,Real Betis,30,1994,15.0,,,,,,,,,,,,,,,,,Matches
526,Giuliano Simeone,ar ARG,MF,Atlético Madrid,21,2002,21.4,,,,,,,,,,,,,,,,,Matches
527,Unai Simón,es ESP,GK,Athletic Club,27,1997,21.0,,,,,,,,,,,,,,,,,Matches
528,Daley Sinkgraven,nl NED,DF,Las Palmas,29,1995,1.0,,,,,,,,,,,,,,,,,Matches
529,Jailson Siqueira,br BRA,DF,Celta Vigo,28,1995,6.8,,,,,,,,,,,,,,,,,Matches
530,Antonio Sivera,es ESP,GK,Alavés,27,1996,31.2,,,,,,,,,,,,,,,,,Matches
531,Justin Smith,ca CAN,MF,Espanyol,21,2003,2.3,,,,,,,,,,,,,,,,,Matches
532,Alex Sola,es ESP,MF,Getafe,25,1999,11.4,,,,,,,,,,,,,,,,,Matches
533,Arnau Solà,es ESP,DF,Villarreal,21,2003,0.1,,,,,,,,,,,,,,,,,Matches
534,Jhon Solis,co COL,MF,Girona,19,2004,5.9,,,,,,,,,,,,,,,,,Matches
535,David Soria,es ESP,GK,Getafe,31,1993,38.0,,,,,,,,,,,,,,,,,Matches
536,Juan Soriano,es ESP,GK,Leganés,26,1997,6.0,,,,,,,,,,,,,,,,,Matches
537,Hugo Sotelo,es ESP,MF,Celta Vigo,20,2003,13.9,,,,,,,,,,,,,,,,,Matches
538,Djibril Sow,ch SUI,MF,Sevilla,27,1997,22.9,,,,,,,,,,,,,,,,,Matches
539,Carl Starfelt,se SWE,DF,Celta Vigo,29,1995,25.2,,,,,,,,,,,,,,,,,Matches
540,Orri Steinn Óskarsson,is ISL,FW,Real Sociedad,19,2004,10.5,,,,,,,,,,,,,,,,,Matches
541,Stoichkov,es ESP,"MF,FW",Alavés,30,1993,7.8,,,,,,,,,,,,,,,,,Matches
542,Cristhian Stuani,uy URU,FW,Girona,37,1986,12.0,,,,,,,,,,,,,,,,,Matches
543,Álex Suárez,es ESP,DF,Las Palmas,31,1993,27.3,,,,,,,,,,,,,,,,,Matches
544,Denis Suárez,es ESP,MF,Villarreal,30,1994,6.8,,,,,,,,,,,,,,,,,Matches
545,Luka Sučić,hr CRO,MF,Real Sociedad,21,2002,19.9,,,,,,,,,,,,,,,,,Matches
546,Suso,es ESP,"MF,FW",Sevilla,30,1993,6.7,,,,,,,,,,,,,,,,,Matches
547,Williot Swedberg,se SWE,"FW,MF",Celta Vigo,20,2004,15.0,,,,,,,,,,,,,,,,,Matches
548,Mamadou Sylla,sn SEN,"FW,MF",Valladolid,30,1994,17.6,,,,,,,,,,,,,,,,,Matches
549,Wojciech Szczęsny,pl POL,GK,Barcelona,34,1990,15.0,,,,,,,,,,,,,,,,,Matches
550,Alexander Sørloth,no NOR,FW,Atlético Madrid,28,1995,17.4,,,,,,,,,,,,,,,,,Matches
551,Renato Tapia,pe PER,"MF,DF",Leganés,29,1995,26.9,,,,,,,,,,,,,,,,,Matches
552,César Tárrega,es ESP,DF,Valencia,22,2002,33.6,,,,,,,,,,,,,,,,,Matches
553,Aurélien Tchouaméni,fr FRA,"DF,MF",Real Madrid,24,2000,29.9,,,,,,,,,,,,,,,,,Matches
554,Álvaro Tejero,es ESP,"MF,DF",Espanyol,28,1996,13.8,,,,,,,,,,,,,,,,,Matches
555,Martín Tejón,es ESP,MF,Valencia,20,2004,0.5,,,,,,,,,,,,,,,,,Matches
556,Nahuel Tenaglia,ar ARG,DF,Alavés,28,1996,32.5,,,,,,,,,,,,,,,,,Matches
557,Marc-André ter Stegen,de GER,GK,Barcelona,32,1992,7.5,,,,,,,,,,,,,,,,,Matches
558,Ramón Terrats,es ESP,FW,Villarreal,23,2000,1.5,,,,,,,,,,,,,,,,,Matches
559,Ramón Terrats,es ESP,"MF,FW",Getafe,23,2000,13.5,,,,,,,,,,,,,,,,,Matches
560,Raúl de Tomás,es ESP,FW,Rayo Vallecano,29,1994,0.2,,,,,,,,,,,,,,,,,Matches
561,Pablo Torre,es ESP,MF,Barcelona,21,2003,3.4,,,,,,,,,,,,,,,,,Matches
562,David Torres,es ESP,DF,Valladolid,21,2003,15.4,,,,,,,,,,,,,,,,,Matches
563,Ferrán Torres,es ESP,"FW,MF",Barcelona,24,2000,12.3,,,,,,,,,,,,,,,,,Matches
564,Lucas Torró,es ESP,MF,Osasuna,30,1994,32.9,,,,,,,,,,,,,,,,,Matches
565,Hamari Traoré,ml MLI,DF,Real Sociedad,32,1992,7.8,,,,,,,,,,,,,,,,,Matches
566,Óscar Trejo,ar ARG,MF,Rayo Vallecano,36,1988,5.5,,,,,,,,,,,,,,,,,Matches
567,Viktor Tsyhankov,ua UKR,"MF,FW",Girona,26,1997,21.3,,,,,,,,,,,,,,,,,Matches
568,Beñat Turrientes,es ESP,MF,Real Sociedad,22,2002,10.5,,,,,,,,,,,,,,,,,Matches
569,Christantus Uche,ng NGA,"FW,MF",Getafe,21,2003,27.6,,,,,,,,,,,,,,,,,Matches
570,Naci Ünüvar,nl NED,"FW,MF",Espanyol,21,2003,0.3,,,,,,,,,,,,,,,,,Matches
571,Óscar Valentín,es ESP,MF,Rayo Vallecano,29,1994,20.4,,,,,,,,,,,,,,,,,Matches
572,Germán Valera,es ESP,MF,Valencia,22,2002,1.6,,,,,,,,,,,,,,,,,Matches
573,Martin Valjent,sk SVK,DF,Mallorca,28,1995,30.7,,,,,,,,,,,,,,,,,Matches
574,Jesús Vallejo,es ESP,DF,Real Madrid,27,1997,1.5,,,,,,,,,,,,,,,,,Matches
575,Federico Valverde,uy URU,"MF,DF",Real Madrid,26,1998,33.7,,,,,,,,,,,,,,,,,Matches
576,Siebe Van Der Heyden,be BEL,DF,Mallorca,26,1998,1.1,,,,,,,,,,,,,,,,,Matches
577,Ruben Vargas,ch SUI,"MF,FW",Sevilla,25,1998,7.5,,,,,,,,,,,,,,,,,Matches
578,José Luis García Vayá,es ESP,MF,Valencia,25,1998,19.4,,,,,,,,,,,,,,,,,Matches
579,Jesus Vazquez,es ESP,DF,Valencia,21,2003,10.2,,,,,,,,,,,,,,,,,Matches
580,Lucas Vázquez,es ESP,DF,Real Madrid,33,1991,24.3,,,,,,,,,,,,,,,,,Matches
581,Alejo Véliz,ar ARG,FW,Espanyol,20,2003,12.5,,,,,,,,,,,,,,,,,Matches
582,Mikel Vesga,es ESP,MF,Athletic Club,31,1993,11.0,,,,,,,,,,,,,,,,,Matches
583,Carlos Vicente,es ESP,MF,Alavés,25,1999,34.4,,,,,,,,,,,,,,,,,Matches
584,Pau Victor,es ESP,FW,Barcelona,22,2001,3.5,,,,,,,,,,,,,,,,,Matches
585,Nacho Vidal,es ESP,DF,Osasuna,29,1995,1.4,,,,,,,,,,,,,,,,,Matches
586,Fran Vieites,es ESP,GK,Real Betis,25,1999,4.0,,,,,,,,,,,,,,,,,Matches
587,Sergio Viera,es ESP,MF,Las Palmas,19,2005,1.1,,,,,,,,,,,,,,,,,Matches
588,Asier Villalibre,es ESP,FW,Alavés,26,1997,3.7,,,,,,,,,,,,,,,,,Matches
589,Iván Villar,es ESP,GK,Celta Vigo,27,1997,4.0,,,,,,,,,,,,,,,,,Matches
590,Viti,es ESP,DF,Las Palmas,26,1997,22.0,,,,,,,,,,,,,,,,,Matches
591,Daniel Vivian,es ESP,DF,Athletic Club,25,1999,29.0,,,,,,,,,,,,,,,,,Matches
592,Iñaki Williams,gh GHA,"MF,FW",Athletic Club,30,1994,29.5,,,,,,,,,,,,,,,,,Matches
593,Nico Williams,es ESP,MF,Athletic Club,22,2002,22.2,,,,,,,,,,,,,,,,,Matches
594,Axel Witsel,be BEL,DF,Atlético Madrid,35,1989,9.5,,,,,,,,,,,,,,,,,Matches
595,Lamine Yamal,es ESP,"MF,FW",Barcelona,17,2007,31.7,,,,,,,,,,,,,,,,,Matches
596,Daniel Yáñez,es ESP,MF,Real Madrid,17,2007,0.0,,,,,,,,,,,,,,,,,Matches
597,Bertuğ Yıldırım,tr TUR,FW,Getafe,22,2002,12.0,,,,,,,,,,,,,,,,,Matches
598,Arsen Zakharyan,ru RUS,MF,Real Sociedad,21,2003,0.8,,,,,,,,,,,,,,,,,Matches
599,Bryan Zaragoza,es ESP,"MF,FW",Osasuna,22,2001,20.4,,,,,,,,,,,,,,,,,Matches
600,Igor Zubeldia,es ESP,DF,Real Sociedad,27,1997,25.2,,,,,,,,,,,,,,,,,Matches
601,Martín Zubimendi,es ESP,MF,Real Sociedad,25,1999,32.9,,,,,,,,,,,,,,,,,Matches
