Rk,Player,Nation,Pos,Squad,Age,Born,90s,Tkl,TklW,Def 3rd,Mid 3rd,Att 3rd,Tkl.1,Att,Tkl%,Lost,Blocks,Sh,Pass,Int,Tkl+Int,Clr,Err,Matches
1,Tammy Abraham,eng ENG,FW,Roma,25,1997,2.7,,1,,,,,,,,,,,0,,,,Matches
2,Francesco Acerbi,it ITA,DF,Inter,35,1988,26.5,,14,,,,,,,,,,,32,,,,Matches
3,Yacine Adli,fr FRA,MF,Milan,23,2000,15.6,,17,,,,,,,,,,,18,,,,Matches
4,Michel Aebischer,ch SUI,MF,Bologna,26,1997,24.8,,20,,,,,,,,,,,11,,,,Matches
5,Lucien Agoume,fr FRA,MF,Inter,21,2002,0.1,,0,,,,,,,,,,,0,,,,Matches
6,Marley Aké,fr FRA,"FW,MF",Udinese,22,2001,0.1,,0,,,,,,,,,,,0,,,,Matches
7,Ebenezer Akinsanmiro,ng NGA,MF,Inter,18,2004,0.2,,0,,,,,,,,,,,0,,,,Matches
8,Jean-Daniel Akpa-Akpro,ci CIV,"MF,DF",Monza,30,1992,7.8,,13,,,,,,,,,,,9,,,,Matches
9,David Akpan Ankeye,ng NGA,FW,Genoa,21,2002,0.6,,0,,,,,,,,,,,0,,,,Matches
10,Luis Alberto,es ESP,MF,Lazio,30,1992,25.7,,21,,,,,,,,,,,6,,,,Matches
11,Carlos Alcaraz,ar ARG,MF,Juventus,20,2002,4.2,,6,,,,,,,,,,,5,,,,Matches
12,Pontus Almqvist,se SWE,"FW,MF",Lecce,24,1999,23.4,,28,,,,,,,,,,,14,,,,Matches
13,Lorenzo Amatucci,it ITA,MF,Fiorentina,19,2004,0.2,,0,,,,,,,,,,,0,,,,Matches
14,Bruno Amione,ar ARG,DF,Hellas Verona,21,2002,6.4,,7,,,,,,,,,,,9,,,,Matches
15,Felipe Anderson,br BRA,"FW,MF",Lazio,30,1993,30.8,,44,,,,,,,,,,,27,,,,Matches
16,Angeliño,es ESP,"DF,MF",Roma,26,1997,12.7,,11,,,,,,,,,,,12,,,,Matches
17,Houssem Aouar,dz ALG,"MF,FW",Roma,25,1998,8.4,,11,,,,,,,,,,,4,,,,Matches
18,Simone Aresti,it ITA,GK,Cagliari,37,1986,0.0,,0,,,,,,,,,,,0,,,,Matches
19,Marko Arnautović,at AUT,FW,Inter,34,1989,8.9,,3,,,,,,,,,,,5,,,,Matches
20,Kristjan Asllani,al ALB,MF,Inter,21,2002,8.7,,2,,,,,,,,,,,11,,,,Matches
21,Emil Audero,id IDN,GK,Inter,26,1997,3.7,,0,,,,,,,,,,,0,,,,Matches
22,Tommaso Augello,it ITA,"DF,MF",Cagliari,28,1994,26.9,,20,,,,,,,,,,,13,,,,Matches
23,Carlos Augusto,br BRA,"MF,DF",Inter,24,1999,19.2,,22,,,,,,,,,,,14,,,,Matches
24,Yann Aurel Bisseck,de GER,DF,Inter,22,2000,10.0,,6,,,,,,,,,,,6,,,,Matches
25,Sardar Azmoun,ir IRN,"FW,MF",Roma,28,1995,6.5,,5,,,,,,,,,,,3,,,,Matches
26,Paulo Azzi,br BRA,"MF,DF",Cagliari,29,1994,10.6,,11,,,,,,,,,,,17,,,,Matches
27,Oussama El Azzouzi,ma MAR,MF,Bologna,22,2001,6.1,,8,,,,,,,,,,,5,,,,Matches
28,Milan Badelj,hr CRO,MF,Genoa,34,1989,28.2,,28,,,,,,,,,,,49,,,,Matches
29,Jaime Báez,uy URU,"MF,FW",Frosinone,28,1995,5.6,,1,,,,,,,,,,,4,,,,Matches
30,Nicola Bagnolini,it ITA,GK,Bologna,19,2004,0.1,,0,,,,,,,,,,,0,,,,Matches
31,Nedim Bajrami,al ALB,"MF,FW",Sassuolo,24,1999,14.6,,6,,,,,,,,,,,5,,,,Matches
32,Mitchel Bakker,nl NED,MF,Atalanta,23,2000,4.2,,4,,,,,,,,,,,3,,,,Matches
33,Tommaso Baldanzi,it ITA,"MF,FW",Empoli,20,2003,8.3,,3,,,,,,,,,,,2,,,,Matches
34,Tommaso Baldanzi,it ITA,"MF,FW",Roma,20,2003,5.8,,5,,,,,,,,,,,0,,,,Matches
35,Lameck Banda,zm ZAM,"FW,MF",Lecce,22,2001,15.0,,23,,,,,,,,,,,3,,,,Matches
36,Daniel Bandeira,pt POR,MF,Hellas Verona,23,2000,5.0,,5,,,,,,,,,,,4,,,,Matches
37,Mattia Bani,it ITA,DF,Genoa,29,1993,25.6,,10,,,,,,,,,,,21,,,,Matches
38,Antonín Barák,cz CZE,"MF,FW",Fiorentina,28,1994,9.0,,2,,,,,,,,,,,2,,,,Matches
39,Nicolò Barella,it ITA,MF,Inter,26,1997,31.6,,28,,,,,,,,,,,8,,,,Matches
40,Enzo Barrenechea,ar ARG,MF,Frosinone,22,2001,31.2,,42,,,,,,,,,,,28,,,,Matches
41,Davide Bartesaghi,it ITA,DF,Milan,17,2005,0.9,,1,,,,,,,,,,,0,,,,Matches
42,Federico Baschirotto,it ITA,DF,Lecce,26,1996,36.6,,11,,,,,,,,,,,22,,,,Matches
43,Toma Bašić,hr CRO,MF,Salernitana,26,1996,12.9,,13,,,,,,,,,,,14,,,,Matches
44,Alessandro Bastoni,it ITA,DF,Inter,24,1999,25.2,,32,,,,,,,,,,,25,,,,Matches
45,Simone Bastoni,it ITA,"MF,DF",Empoli,26,1996,8.3,,12,,,,,,,,,,,11,,,,Matches
46,Reda Belahyane,ma MAR,MF,Hellas Verona,19,2004,1.0,,1,,,,,,,,,,,1,,,,Matches
47,Raoul Bellanova,it ITA,MF,Torino,23,2000,33.8,,26,,,,,,,,,,,15,,,,Matches
48,Andrea Belotti,it ITA,FW,Fiorentina,29,1993,10.5,,3,,,,,,,,,,,3,,,,Matches
49,Andrea Belotti,it ITA,FW,Roma,29,1993,7.5,,4,,,,,,,,,,,1,,,,Matches
50,Lucas Beltrán,ar ARG,"FW,MF",Fiorentina,22,2001,18.8,,14,,,,,,,,,,,2,,,,Matches
51,Ismaël Bennacer,dz ALG,MF,Milan,25,1997,12.8,,21,,,,,,,,,,,11,,,,Matches
52,Domenico Berardi,it ITA,"MF,FW",Sassuolo,28,1994,15.9,,6,,,,,,,,,,,13,,,,Matches
53,Bartosz Bereszyński,pl POL,DF,Empoli,31,1992,19.6,,26,,,,,,,,,,,21,,,,Matches
54,Etrit Berisha,al ALB,GK,Empoli,34,1989,14.0,,0,,,,,,,,,,,0,,,,Matches
55,Medon Berisha,al ALB,MF,Lecce,19,2003,2.3,,0,,,,,,,,,,,1,,,,Matches
56,Victor Bernth Kristiansen,dk DEN,DF,Bologna,20,2002,25.6,,33,,,,,,,,,,,12,,,,Matches
57,Beto,gw GNB,FW,Udinese,25,1998,0.8,,0,,,,,,,,,,,0,,,,Matches
58,Davide Bettella,it ITA,DF,Monza,23,2000,0.0,,0,,,,,,,,,,,0,,,,Matches
59,Sam Beukema,nl NED,DF,Bologna,24,1998,28.3,,12,,,,,,,,,,,17,,,,Matches
60,Jaka Bijol,si SVN,DF,Udinese,24,1999,23.2,,28,,,,,,,,,,,23,,,,Matches
61,El Bilal Touré,ml MLI,FW,Atalanta,21,2001,4.4,,1,,,,,,,,,,,1,,,,Matches
62,Cristiano Biraghi,it ITA,DF,Fiorentina,30,1992,26.2,,30,,,,,,,,,,,15,,,,Matches
63,Davide Biraschi,it ITA,DF,Genoa,29,1994,1.0,,3,,,,,,,,,,,3,,,,Matches
64,Samuele Birindelli,it ITA,"MF,DF",Monza,24,1999,22.4,,20,,,,,,,,,,,16,,,,Matches
65,Alexis Blin,fr FRA,MF,Lecce,26,1996,18.2,,21,,,,,,,,,,,21,,,,Matches
66,Jérôme Boateng,de GER,DF,Salernitana,34,1988,2.6,,0,,,,,,,,,,,4,,,,Matches
67,Emil Bohinen,no NOR,MF,Salernitana,24,1999,5.9,,6,,,,,,,,,,,14,,,,Matches
68,Emil Bohinen,no NOR,MF,Genoa,24,1999,0.6,,1,,,,,,,,,,,0,,,,Matches
69,Daniel Boloca,ro ROU,MF,Sassuolo,24,1998,22.5,,33,,,,,,,,,,,15,,,,Matches
70,Giacomo Bonaventura,it ITA,MF,Fiorentina,33,1989,25.3,,13,,,,,,,,,,,12,,,,Matches
71,Federico Bonazzoli,it ITA,FW,Hellas Verona,26,1997,11.3,,1,,,,,,,,,,,3,,,,Matches
72,Warren Bondo,fr FRA,MF,Monza,19,2003,16.4,,23,,,,,,,,,,,6,,,,Matches
73,Giovanni Bonfanti,it ITA,DF,Atalanta,20,2003,1.0,,2,,,,,,,,,,,1,,,,Matches
74,Kevin Bonifazi,it ITA,DF,Frosinone,27,1996,3.4,,3,,,,,,,,,,,3,,,,Matches
75,Kevin Bonifazi,it ITA,DF,Bologna,27,1996,1.0,,0,,,,,,,,,,,0,,,,Matches
76,Gennaro Borrelli,it ITA,FW,Frosinone,23,2000,0.3,,0,,,,,,,,,,,0,,,,Matches
77,Erik Botheim,no NOR,"FW,MF",Salernitana,23,2000,3.5,,0,,,,,,,,,,,0,,,,Matches
78,Mehdi Bourabia,ma MAR,MF,Frosinone,31,1991,2.2,,4,,,,,,,,,,,1,,,,Matches
79,Edoardo Bove,it ITA,MF,Roma,21,2002,19.8,,31,,,,,,,,,,,10,,,,Matches
80,Domagoj Bradarić,hr CRO,"MF,DF",Salernitana,23,1999,30.5,,21,,,,,,,,,,,31,,,,Matches
81,Josip Brekalo,hr CRO,MF,Fiorentina,25,1998,7.2,,6,,,,,,,,,,,1,,,,Matches
82,Gleison Bremer,br BRA,DF,Juventus,26,1997,35.9,,44,,,,,,,,,,,36,,,,Matches
83,Brenner,br BRA,"MF,FW",Udinese,23,2000,2.1,,6,,,,,,,,,,,0,,,,Matches
84,Marco Brescianini,it ITA,MF,Frosinone,23,2000,25.8,,12,,,,,,,,,,,9,,,,Matches
85,Dylan Bronn,tn TUN,DF,Salernitana,28,1995,0.6,,0,,,,,,,,,,,0,,,,Matches
86,Tajon Buchanan,ca CAN,"DF,MF",Inter,24,1999,1.8,,1,,,,,,,,,,,0,,,,Matches
87,Alessandro Buongiorno,it ITA,DF,Torino,24,1999,28.1,,39,,,,,,,,,,,72,,,,Matches
88,Rareș-Cătălin Burnete,ro ROU,FW,Lecce,19,2004,0.1,,0,,,,,,,,,,,0,,,,Matches
89,Jovane Cabral,cv CPV,"MF,FW",Salernitana,25,1998,7.5,,9,,,,,,,,,,,1,,,,Matches
90,Liberato Cacace,nz NZL,"DF,MF",Empoli,22,2000,21.2,,23,,,,,,,,,,,19,,,,Matches
91,Jens Cajuste,se SWE,MF,Napoli,23,1999,11.3,,22,,,,,,,,,,,3,,,,Matches
92,Davide Calabria,it ITA,DF,Milan,26,1996,24.3,,40,,,,,,,,,,,21,,,,Matches
93,Riccardo Calafiori,it ITA,DF,Bologna,21,2002,26.1,,31,,,,,,,,,,,51,,,,Matches
94,Mattia Caldara,it ITA,DF,Milan,29,1994,0.4,,1,,,,,,,,,,,1,,,,Matches
95,Luca Caldirola,it ITA,DF,Monza,32,1991,23.8,,14,,,,,,,,,,,25,,,,Matches
96,Hakan Çalhanoğlu,tr TUR,MF,Inter,29,1994,28.4,,37,,,,,,,,,,,22,,,,Matches
97,Francesco Camarda,it ITA,FW,Milan,15,2008,0.2,,0,,,,,,,,,,,0,,,,Matches
98,Nicolò Cambiaghi,it ITA,"FW,MF",Empoli,22,2000,28.4,,40,,,,,,,,,,,14,,,,Matches
99,Andrea Cambiaso,it ITA,MF,Juventus,23,2000,26.4,,30,,,,,,,,,,,11,,,,Matches
100,Matteo Cancellieri,it ITA,"FW,MF",Empoli,21,2002,19.9,,24,,,,,,,,,,,5,,,,Matches
101,Antonio Candreva,it ITA,MF,Salernitana,36,1987,30.6,,13,,,,,,,,,,,7,,,,Matches
102,Luigi Canotto,it ITA,"FW,MF",Frosinone,29,1994,0.2,,0,,,,,,,,,,,0,,,,Matches
103,Gianluca Caprari,it ITA,"MF,FW",Monza,30,1993,3.2,,1,,,,,,,,,,,2,,,,Matches
104,Elia Caprile,it ITA,GK,Empoli,21,2001,23.0,,0,,,,,,,,,,,0,,,,Matches
105,Francesco Caputo,it ITA,FW,Empoli,35,1987,14.1,,0,,,,,,,,,,,0,,,,Matches
106,Andrea Carboni,it ITA,DF,Monza,22,2001,16.5,,22,,,,,,,,,,,17,,,,Matches
107,Valentin Carboni,ar ARG,MF,Monza,18,2005,13.0,,13,,,,,,,,,,,7,,,,Matches
108,Marco Carnesecchi,it ITA,GK,Atalanta,23,2000,26.9,,0,,,,,,,,,,,0,,,,Matches
109,Nicolò Casale,it ITA,DF,Lazio,25,1998,17.3,,10,,,,,,,,,,,11,,,,Matches
110,Giuseppe Caso,it ITA,FW,Frosinone,24,1998,4.6,,3,,,,,,,,,,,0,,,,Matches
111,Valentín Castellanos,ar ARG,FW,Lazio,24,1998,18.7,,11,,,,,,,,,,,3,,,,Matches
112,Samu Castillejo,es ESP,"MF,FW",Sassuolo,28,1995,6.0,,10,,,,,,,,,,,1,,,,Matches
113,Santiago Castro,ar ARG,FW,Bologna,18,2004,2.7,,1,,,,,,,,,,,0,,,,Matches
114,Gaetano Castrovilli,it ITA,MF,Fiorentina,26,1997,4.1,,2,,,,,,,,,,,2,,,,Matches
115,Danilo Cataldi,it ITA,MF,Lazio,28,1994,15.1,,11,,,,,,,,,,,18,,,,Matches
116,Emil Ceide,no NOR,FW,Sassuolo,21,2001,2.0,,1,,,,,,,,,,,0,,,,Matches
117,Zeki Çelik,tr TUR,"DF,MF",Roma,26,1997,7.5,,15,,,,,,,,,,,8,,,,Matches
118,Fabien Centonze,fr FRA,DF,Hellas Verona,27,1996,7.5,,8,,,,,,,,,,,9,,,,Matches
119,Michele Cerofolini,it ITA,GK,Frosinone,24,1999,7.5,,0,,,,,,,,,,,0,,,,Matches
120,Alberto Cerri,it ITA,FW,Empoli,27,1996,6.1,,3,,,,,,,,,,,3,,,,Matches
121,Leonardo Cerri,it ITA,FW,Juventus,20,2003,0.1,,0,,,,,,,,,,,0,,,,Matches
122,Charlys,br BRA,MF,Hellas Verona,19,2004,0.3,,0,,,,,,,,,,,1,,,,Matches
123,Walid Cheddira,ma MAR,FW,Frosinone,25,1998,23.6,,7,,,,,,,,,,,4,,,,Matches
124,Federico Chiesa,it ITA,FW,Juventus,25,1997,24.4,,11,,,,,,,,,,,6,,,,Matches
125,Oliver Christensen,dk DEN,GK,Fiorentina,24,1999,4.0,,0,,,,,,,,,,,0,,,,Matches
126,Samuel Chukwueze,ng NGA,"MF,FW",Milan,24,1999,11.3,,7,,,,,,,,,,,6,,,,Matches
127,Alphadjo Cissè,it ITA,MF,Hellas Verona,16,2006,0.1,,0,,,,,,,,,,,0,,,,Matches
128,Giorgio Cittadini,it ITA,DF,Monza,21,2002,0.2,,1,,,,,,,,,,,0,,,,Matches
129,Giorgio Cittadini,it ITA,DF,Genoa,21,2002,1.2,,5,,,,,,,,,,,3,,,,Matches
130,Patrick Ciurria,it ITA,MF,Monza,28,1995,17.8,,20,,,,,,,,,,,9,,,,Matches
131,Lorenzo Colombo,it ITA,FW,Monza,21,2002,15.1,,11,,,,,,,,,,,0,,,,Matches
132,Andrea Colpani,it ITA,MF,Monza,24,1999,29.5,,15,,,,,,,,,,,12,,,,Matches
133,Pietro Comuzzo,it ITA,DF,Fiorentina,18,2005,0.5,,1,,,,,,,,,,,1,,,,Matches
134,Andrea Consigli,it ITA,GK,Sassuolo,36,1987,35.0,,0,,,,,,,,,,,0,,,,Matches
135,Nikita Contini Baranovsky,it ITA,GK,Napoli,27,1996,0.2,,0,,,,,,,,,,,0,,,,Matches
136,Diego Coppola,it ITA,DF,Hellas Verona,19,2003,18.2,,22,,,,,,,,,,,28,,,,Matches
137,Tommaso Corazza,it ITA,DF,Bologna,19,2004,2.2,,4,,,,,,,,,,,5,,,,Matches
138,Jeppe Corfitzen,dk DEN,FW,Lecce,18,2004,0.1,,0,,,,,,,,,,,0,,,,Matches
139,Giacomo Corona,it ITA,FW,Empoli,19,2004,0.1,,0,,,,,,,,,,,0,,,,Matches
140,João Costa,br BRA,FW,Roma,18,2005,0.2,,0,,,,,,,,,,,0,,,,Matches
141,Benoît Costil,fr FRA,GK,Salernitana,36,1987,13.0,,1,,,,,,,,,,,0,,,,Matches
142,Lassana Coulibaly,ml MLI,MF,Salernitana,27,1996,23.1,,33,,,,,,,,,,,17,,,,Matches
143,Mamadou Coulibaly,sn SEN,MF,Salernitana,24,1999,0.0,,0,,,,,,,,,,,0,,,,Matches
144,Alessio Cragno,it ITA,GK,Sassuolo,29,1994,3.0,,0,,,,,,,,,,,0,,,,Matches
145,Bryan Cristante,it ITA,MF,Roma,28,1995,36.5,,41,,,,,,,,,,,23,,,,Matches
146,Juan Cruz,ar ARG,FW,Hellas Verona,24,1999,1.2,,2,,,,,,,,,,,1,,,,Matches
147,Juan Cuadrado,co COL,"DF,FW",Inter,35,1988,3.0,,3,,,,,,,,,,,1,,,,Matches
148,Marvin Cuni,al ALB,FW,Frosinone,22,2001,5.9,,3,,,,,,,,,,,1,,,,Matches
149,Danilo D'Ambrosio,it ITA,DF,Monza,34,1988,17.1,,34,,,,,,,,,,,15,,,,Matches
150,Flavius Daniliuc,at AUT,DF,Salernitana,22,2001,8.3,,11,,,,,,,,,,,8,,,,Matches
151,Danilo,br BRA,DF,Juventus,32,1991,27.2,,35,,,,,,,,,,,36,,,,Matches
152,Matteo Darmian,it ITA,"MF,DF",Inter,33,1989,26.7,,24,,,,,,,,,,,15,,,,Matches
153,Juan David Cabal,co COL,DF,Hellas Verona,22,2001,16.6,,29,,,,,,,,,,,28,,,,Matches
154,Keinan Davis,eng ENG,FW,Udinese,25,1998,2.1,,0,,,,,,,,,,,0,,,,Matches
155,Paweł Dawidowicz,pl POL,DF,Hellas Verona,28,1995,23.8,,30,,,,,,,,,,,22,,,,Matches
156,Charles De Ketelaere,be BEL,"FW,MF",Atalanta,22,2001,22.5,,21,,,,,,,,,,,6,,,,Matches
157,Mattia De Sciglio,it ITA,DF,Juventus,30,1992,0.5,,0,,,,,,,,,,,1,,,,Matches
158,Lorenzo De Silvestri,it ITA,DF,Bologna,35,1988,7.5,,9,,,,,,,,,,,6,,,,Matches
159,Koni De Winter,be BEL,DF,Genoa,21,2002,26.4,,25,,,,,,,,,,,23,,,,Matches
160,Grégoire Defrel,mq MTQ,"MF,FW",Sassuolo,32,1991,8.4,,7,,,,,,,,,,,4,,,,Matches
161,Alessandro Deiola,it ITA,MF,Cagliari,27,1995,17.9,,21,,,,,,,,,,,10,,,,Matches
162,Alessandro Dellavalle,it ITA,DF,Torino,19,2004,0.2,,0,,,,,,,,,,,1,,,,Matches
163,Diego Demme,de GER,MF,Napoli,31,1991,0.8,,1,,,,,,,,,,,0,,,,Matches
164,Leander Dendoncker,be BEL,"DF,MF",Napoli,28,1995,0.3,,0,,,,,,,,,,,0,,,,Matches
165,Mattia Destro,it ITA,FW,Empoli,32,1991,4.1,,1,,,,,,,,,,,3,,,,Matches
166,Federico Di Francesco,it ITA,"FW,MF",Lecce,29,1994,0.2,,0,,,,,,,,,,,0,,,,Matches
167,Raffaele Di Gennaro,it ITA,GK,Inter,29,1993,0.3,,0,,,,,,,,,,,0,,,,Matches
168,Michele Di Gregorio,it ITA,GK,Monza,26,1997,31.9,,0,,,,,,,,,,,2,,,,Matches
169,Giovanni Di Lorenzo,it ITA,DF,Napoli,29,1993,35.9,,36,,,,,,,,,,,22,,,,Matches
170,Alessandro Di Pardo,it ITA,"MF,DF",Cagliari,24,1999,4.0,,1,,,,,,,,,,,5,,,,Matches
171,Boulaye Dia,sn SEN,"FW,MF",Salernitana,26,1996,12.7,,2,,,,,,,,,,,3,,,,Matches
172,Federico Dimarco,it ITA,MF,Inter,25,1997,23.1,,26,,,,,,,,,,,7,,,,Matches
173,Tiago Djaló,pt POR,DF,Juventus,23,2000,0.2,,0,,,,,,,,,,,0,,,,Matches
174,Koffi Djidji,ci CIV,DF,Torino,30,1992,8.4,,8,,,,,,,,,,,10,,,,Matches
175,Berat Djimsiti,al ALB,DF,Atalanta,30,1993,31.5,,24,,,,,,,,,,,59,,,,Matches
176,Dodô,br BRA,DF,Fiorentina,24,1998,5.8,,3,,,,,,,,,,,5,,,,Matches
177,Josh Doig,sct SCO,"MF,DF",Hellas Verona,21,2002,9.2,,10,,,,,,,,,,,4,,,,Matches
178,Josh Doig,sct SCO,"DF,MF",Sassuolo,21,2002,14.9,,17,,,,,,,,,,,15,,,,Matches
179,Nicolás Domínguez,ar ARG,MF,Bologna,25,1998,1.1,,0,,,,,,,,,,,0,,,,Matches
180,Giulio Donati,it ITA,DF,Monza,33,1990,0.4,,0,,,,,,,,,,,0,,,,Matches
181,Patrick Dorgu,dk DEN,"MF,DF",Lecce,18,2004,17.4,,22,,,,,,,,,,,9,,,,Matches
182,Alberto Dossena,it ITA,DF,Cagliari,24,1998,33.1,,35,,,,,,,,,,,46,,,,Matches
183,Radu Drăgușin,ro ROU,DF,Genoa,21,2002,19.0,,12,,,,,,,,,,,21,,,,Matches
184,Ondrej Duda,sk SVK,MF,Hellas Verona,28,1994,27.3,,36,,,,,,,,,,,26,,,,Matches
185,Denzel Dumfries,nl NED,MF,Inter,27,1996,18.2,,11,,,,,,,,,,,12,,,,Matches
186,Alfred Duncan,gh GHA,MF,Fiorentina,30,1993,21.0,,24,,,,,,,,,,,10,,,,Matches
187,Paulo Dybala,ar ARG,"FW,MF",Roma,29,1993,21.8,,13,,,,,,,,,,,3,,,,Matches
188,Festy Ebosele,ie IRL,MF,Udinese,20,2002,18.9,,20,,,,,,,,,,,11,,,,Matches
189,Enzo Ebosse,cm CMR,DF,Udinese,24,1999,0.1,,1,,,,,,,,,,,1,,,,Matches
190,Tyronne Ebuehi,ng NGA,DF,Empoli,27,1995,12.2,,10,,,,,,,,,,,6,,,,Matches
191,Éderson,br BRA,MF,Atalanta,24,1999,31.9,,48,,,,,,,,,,,39,,,,Matches
192,Kingsley Ehizibue,nl NED,MF,Udinese,28,1995,10.6,,14,,,,,,,,,,,9,,,,Matches
193,Emmanuel Ekong,se SWE,FW,Empoli,21,2002,0.1,,0,,,,,,,,,,,0,,,,Matches
194,Caleb Ekuban,gh GHA,FW,Genoa,29,1994,12.6,,4,,,,,,,,,,,1,,,,Matches
195,Elif Elmas,mk MKD,"MF,FW",Napoli,23,1999,3.8,,3,,,,,,,,,,,1,,,,Matches
196,Martin Erlic,hr CRO,DF,Sassuolo,25,1998,29.1,,22,,,,,,,,,,,27,,,,Matches
197,Giovanni Fabbian,it ITA,MF,Bologna,20,2003,11.7,,9,,,,,,,,,,,7,,,,Matches
198,Nicolò Fagioli,it ITA,MF,Juventus,22,2001,4.9,,3,,,,,,,,,,,4,,,,Matches
199,Wladimiro Falcone,it ITA,GK,Lecce,28,1995,38.0,,0,,,,,,,,,,,1,,,,Matches
200,Davide Faraoni,it ITA,MF,Hellas Verona,31,1991,6.7,,10,,,,,,,,,,,6,,,,Matches
201,Davide Faraoni,it ITA,DF,Fiorentina,31,1991,4.4,,5,,,,,,,,,,,5,,,,Matches
202,Federico Fazio,ar ARG,DF,Salernitana,36,1987,15.1,,11,,,,,,,,,,,17,,,,Matches
203,Jacopo Fazzini,it ITA,MF,Empoli,20,2003,13.7,,25,,,,,,,,,,,11,,,,Matches
204,Lewis Ferguson,sct SCO,MF,Bologna,23,1999,30.1,,22,,,,,,,,,,,15,,,,Matches
205,Andrea Ferraris,it ITA,FW,Monza,20,2003,0.1,,1,,,,,,,,,,,0,,,,Matches
206,João Ferreira,pt POR,"DF,MF",Udinese,22,2001,20.2,,43,,,,,,,,,,,30,,,,Matches
207,Seydou Fini,it ITA,FW,Genoa,17,2006,0.4,,0,,,,,,,,,,,0,,,,Matches
208,Vincenzo Fiorillo,it ITA,GK,Salernitana,33,1990,4.0,,0,,,,,,,,,,,0,,,,Matches
209,Alessandro Florenzi,it ITA,"DF,MF",Milan,32,1991,19.2,,20,,,,,,,,,,,20,,,,Matches
210,Michael Folorunsho,it ITA,MF,Hellas Verona,25,1998,30.9,,27,,,,,,,,,,,16,,,,Matches
211,Davide Frattesi,it ITA,MF,Inter,23,1999,10.6,,6,,,,,,,,,,,5,,,,Matches
212,Morten Frendrup,dk DEN,MF,Genoa,22,2001,34.9,,72,,,,,,,,,,,48,,,,Matches
213,Remo Freuler,ch SUI,MF,Bologna,31,1992,29.2,,50,,,,,,,,,,,34,,,,Matches
214,Gerardo Fusco,it ITA,FW,Salernitana,18,2005,0.2,,0,,,,,,,,,,,0,,,,Matches
215,Matteo Gabbia,it ITA,DF,Milan,23,1999,14.2,,20,,,,,,,,,,,10,,,,Matches
216,Gianluca Gaetano,it ITA,MF,Napoli,23,2000,1.8,,1,,,,,,,,,,,1,,,,Matches
217,Gianluca Gaetano,it ITA,"MF,FW",Cagliari,23,2000,8.3,,3,,,,,,,,,,,4,,,,Matches
218,Roberto Gagliardini,it ITA,"MF,DF",Monza,29,1994,26.2,,29,,,,,,,,,,,30,,,,Matches
219,Pablo Galdames Millán,cl CHI,MF,Genoa,26,1996,0.1,,0,,,,,,,,,,,0,,,,Matches
220,Antonino Gallo,it ITA,DF,Lecce,23,2000,27.7,,26,,,,,,,,,,,23,,,,Matches
221,Luca Garritano,it ITA,MF,Frosinone,29,1994,5.4,,5,,,,,,,,,,,3,,,,Matches
222,Federico Gatti,it ITA,DF,Juventus,25,1998,29.3,,22,,,,,,,,,,,17,,,,Matches
223,Francesco Gelli,it ITA,"MF,DF",Frosinone,26,1996,17.3,,13,,,,,,,,,,,10,,,,Matches
224,Luca Gemello,it ITA,GK,Torino,23,2000,2.0,,0,,,,,,,,,,,0,,,,Matches
225,Valentin Gendrey,fr FRA,DF,Lecce,23,2000,33.8,,32,,,,,,,,,,,34,,,,Matches
226,Farés Ghedjemis,fr FRA,FW,Frosinone,20,2002,2.0,,0,,,,,,,,,,,1,,,,Matches
227,Lautaro Gianetti,ar ARG,DF,Udinese,29,1993,7.0,,4,,,,,,,,,,,18,,,,Matches
228,Mario Gila,es ESP,DF,Lazio,22,2000,20.1,,14,,,,,,,,,,,21,,,,Matches
229,Gvidas Gineitis,lt LTU,MF,Torino,19,2004,6.0,,7,,,,,,,,,,,4,,,,Matches
230,Olivier Giroud,fr FRA,FW,Milan,36,1986,26.3,,11,,,,,,,,,,,6,,,,Matches
231,Edoardo Goldaniga,it ITA,DF,Cagliari,29,1993,11.2,,7,,,,,,,,,,,15,,,,Matches
232,Pierluigi Gollini,it ITA,GK,Napoli,28,1995,7.0,,1,,,,,,,,,,,1,,,,Matches
233,Papu Gómez,ar ARG,"FW,MF",Monza,35,1988,0.5,,0,,,,,,,,,,,1,,,,Matches
234,Iron Gomis,fr FRA,MF,Salernitana,23,1999,1.5,,1,,,,,,,,,,,2,,,,Matches
235,Joan Gonzàlez,es ESP,MF,Lecce,21,2002,14.3,,19,,,,,,,,,,,4,,,,Matches
236,Nicolás González,ar ARG,MF,Fiorentina,25,1998,21.3,,18,,,,,,,,,,,12,,,,Matches
237,Alberto Grassi,it ITA,MF,Empoli,28,1995,20.1,,17,,,,,,,,,,,39,,,,Matches
238,Mattéo Guendouzi,fr FRA,MF,Lazio,24,1999,26.3,,15,,,,,,,,,,,23,,,,Matches
239,Axel Guessand,fr FRA,DF,Udinese,18,2004,0.5,,1,,,,,,,,,,,0,,,,Matches
240,Albert Guðmundsson,is ISL,"FW,MF",Genoa,26,1997,33.5,,10,,,,,,,,,,,11,,,,Matches
241,Emmanuel Gyasi,gh GHA,MF,Empoli,29,1994,20.9,,17,,,,,,,,,,,5,,,,Matches
242,Norbert Gyömbér,sk SVK,DF,Salernitana,31,1992,19.6,,19,,,,,,,,,,,23,,,,Matches
243,Nicolas Haas,ch SUI,MF,Empoli,27,1996,1.0,,3,,,,,,,,,,,1,,,,Matches
244,Ridgeciano Haps,sr SUR,MF,Genoa,30,1993,8.6,,6,,,,,,,,,,,6,,,,Matches
245,Abdou Harroui,nl NED,MF,Frosinone,25,1998,11.3,,11,,,,,,,,,,,5,,,,Matches
246,Hans Hateboer,nl NED,MF,Atalanta,29,1994,12.4,,5,,,,,,,,,,,4,,,,Matches
247,Pantelis Hatzidiakos,gr GRE,DF,Cagliari,26,1997,9.5,,11,,,,,,,,,,,11,,,,Matches
248,Silvan Hefti,ch SUI,MF,Genoa,25,1997,1.3,,1,,,,,,,,,,,0,,,,Matches
249,Liam Henderson,sct SCO,MF,Empoli,27,1996,0.1,,0,,,,,,,,,,,0,,,,Matches
250,Matheus Henrique,br BRA,MF,Sassuolo,25,1997,27.8,,29,,,,,,,,,,,24,,,,Matches
251,Thomas Henry,fr FRA,FW,Hellas Verona,28,1994,3.7,,0,,,,,,,,,,,0,,,,Matches
252,Theo Hernández,fr FRA,DF,Milan,25,1997,31.0,,17,,,,,,,,,,,21,,,,Matches
253,Isak Hien,se SWE,DF,Hellas Verona,24,1999,9.6,,10,,,,,,,,,,,7,,,,Matches
254,Isak Hien,se SWE,DF,Atalanta,24,1999,10.4,,12,,,,,,,,,,,14,,,,Matches
255,Emil Holm,se SWE,MF,Atalanta,23,2000,10.5,,20,,,,,,,,,,,7,,,,Matches
256,Martin Hongla,cm CMR,MF,Hellas Verona,25,1998,12.0,,13,,,,,,,,,,,7,,,,Matches
257,Sydney van Hooijdonk,nl NED,FW,Bologna,23,2000,2.4,,0,,,,,,,,,,,1,,,,Matches
258,Dean Huijsen,es ESP,DF,Juventus,18,2005,0.1,,0,,,,,,,,,,,0,,,,Matches
259,Dean Huijsen,es ESP,DF,Roma,18,2005,5.7,,5,,,,,,,,,,,3,,,,Matches
260,Elseid Hysaj,al ALB,DF,Lazio,29,1994,13.3,,14,,,,,,,,,,,18,,,,Matches
261,Arijon Ibrahimović,de GER,"MF,FW",Frosinone,17,2005,5.3,,6,,,,,,,,,,,1,,,,Matches
262,Jonathan Ikone,fr FRA,MF,Fiorentina,25,1998,18.7,,12,,,,,,,,,,,2,,,,Matches
263,Chukwubuikem Ikwuemesi,ng NGA,FW,Salernitana,21,2001,11.8,,1,,,,,,,,,,,1,,,,Matches
264,Ivan Ilić,rs SRB,MF,Torino,22,2001,23.3,,9,,,,,,,,,,,20,,,,Matches
265,Samuel Iling-Junior,eng ENG,MF,Juventus,19,2003,9.0,,13,,,,,,,,,,,6,,,,Matches
266,Ciro Immobile,it ITA,FW,Lazio,33,1990,18.4,,8,,,,,,,,,,,3,,,,Matches
267,Gino Infantino,ar ARG,MF,Fiorentina,20,2003,1.1,,1,,,,,,,,,,,3,,,,Matches
268,Gustav Isaksen,dk DEN,"FW,MF",Lazio,22,2001,11.9,,4,,,,,,,,,,,3,,,,Matches
269,Ardian Ismajli,al ALB,DF,Empoli,26,1996,22.7,,15,,,,,,,,,,,24,,,,Matches
270,Armando Izzo,it ITA,DF,Monza,31,1992,18.3,,20,,,,,,,,,,,24,,,,Matches
271,Filip Jagiełło,pl POL,MF,Genoa,25,1997,0.4,,0,,,,,,,,,,,1,,,,Matches
272,Jakub Jankto,cz CZE,MF,Cagliari,27,1996,9.7,,9,,,,,,,,,,,5,,,,Matches
273,Juan Jesus,br BRA,DF,Napoli,32,1991,23.5,,20,,,,,,,,,,,22,,,,Matches
274,Álex Jiménez,es ESP,DF,Milan,18,2005,0.8,,1,,,,,,,,,,,0,,,,Matches
275,Kaio Jorge,br BRA,FW,Frosinone,21,2002,9.0,,4,,,,,,,,,,,2,,,,Matches
276,Luka Jović,rs SRB,FW,Milan,25,1997,9.7,,3,,,,,,,,,,,1,,,,Matches
277,Hamed Junior Traorè,ci CIV,MF,Napoli,23,2000,4.2,,2,,,,,,,,,,,1,,,,Matches
278,Mohamed Kaba,fr FRA,MF,Lecce,21,2001,15.3,,20,,,,,,,,,,,12,,,,Matches
279,Christian Kabasele,be BEL,DF,Udinese,32,1991,9.6,,6,,,,,,,,,,,12,,,,Matches
280,Yayah Kallon,sl SLE,FW,Hellas Verona,22,2001,0.0,,0,,,,,,,,,,,0,,,,Matches
281,Pierre Kalulu,fr FRA,DF,Milan,23,2000,4.2,,1,,,,,,,,,,,1,,,,Matches
282,Daichi Kamada,jp JPN,MF,Lazio,26,1996,17.2,,36,,,,,,,,,,,18,,,,Matches
283,Hassane Kamara,ci CIV,MF,Udinese,29,1994,24.7,,32,,,,,,,,,,,25,,,,Matches
284,Yann Karamoh,fr FRA,MF,Torino,25,1998,1.8,,0,,,,,,,,,,,0,,,,Matches
285,Jesper Karlsson,se SWE,MF,Bologna,25,1998,3.8,,3,,,,,,,,,,,3,,,,Matches
286,Rick Karsdorp,nl NED,"MF,DF",Roma,28,1995,13.2,,18,,,,,,,,,,,9,,,,Matches
287,Grigoris Kastanos,cy CYP,MF,Salernitana,25,1998,16.4,,14,,,,,,,,,,,6,,,,Matches
288,Michael Kayode,it ITA,DF,Fiorentina,19,2004,22.9,,30,,,,,,,,,,,18,,,,Matches
289,Moise Kean,it ITA,FW,Juventus,23,2000,7.3,,5,,,,,,,,,,,2,,,,Matches
290,Simon Kjær,dk DEN,DF,Milan,34,1989,13.0,,15,,,,,,,,,,,13,,,,Matches
291,Davy Klaassen,nl NED,MF,Inter,30,1993,2.3,,2,,,,,,,,,,,3,,,,Matches
292,Sead Kolašinac,ba BIH,DF,Atalanta,30,1993,24.2,,32,,,,,,,,,,,20,,,,Matches
293,Teun Koopmeiners,nl NED,MF,Atalanta,25,1998,29.2,,27,,,,,,,,,,,9,,,,Matches
294,Filip Kostić,rs SRB,MF,Juventus,30,1992,20.2,,23,,,,,,,,,,,9,,,,Matches
295,Christian Kouamé,ci CIV,MF,Fiorentina,25,1997,12.1,,3,,,,,,,,,,,2,,,,Matches
296,Viktor Kovalenko,ua UKR,MF,Empoli,27,1996,6.8,,2,,,,,,,,,,,2,,,,Matches
297,Rasmus Kristensen,dk DEN,"MF,DF",Roma,26,1997,19.4,,18,,,,,,,,,,,7,,,,Matches
298,Thomas Kristensen,dk DEN,DF,Udinese,21,2002,23.3,,23,,,,,,,,,,,29,,,,Matches
299,Nikola Krstović,me MNE,FW,Lecce,23,2000,26.4,,8,,,,,,,,,,,3,,,,Matches
300,Rade Krunić,ba BIH,MF,Milan,29,1993,7.6,,8,,,,,,,,,,,11,,,,Matches
301,Marash Kumbulla,al ALB,DF,Sassuolo,23,2000,4.0,,2,,,,,,,,,,,0,,,,Matches
302,Justin Kumi,it ITA,MF,Sassuolo,19,2004,0.0,,0,,,,,,,,,,,0,,,,Matches
303,Berkan Kutlu,tr TUR,MF,Genoa,25,1998,2.2,,3,,,,,,,,,,,4,,,,Matches
304,Khvicha Kvaratskhelia,ge GEO,FW,Napoli,22,2001,30.4,,22,,,,,,,,,,,13,,,,Matches
305,Giorgi Kvernadze,ge GEO,FW,Frosinone,20,2003,0.7,,0,,,,,,,,,,,1,,,,Matches
306,Giorgos Kyriakopoulos,gr GRE,"MF,DF",Monza,27,1996,19.0,,10,,,,,,,,,,,12,,,,Matches
307,Gianluca Lapadula,pe PER,FW,Cagliari,33,1990,13.4,,1,,,,,,,,,,,2,,,,Matches
308,Armand Lauriente,fr FRA,"MF,FW",Sassuolo,24,1998,32.3,,21,,,,,,,,,,,18,,,,Matches
309,Valentino Lazaro,at AUT,MF,Torino,27,1996,22.2,,11,,,,,,,,,,,8,,,,Matches
310,Darko Lazović,rs SRB,MF,Hellas Verona,32,1990,21.4,,17,,,,,,,,,,,6,,,,Matches
311,Manuel Lazzari,it ITA,"DF,MF",Lazio,29,1993,18.6,,19,,,,,,,,,,,12,,,,Matches
312,Nicola Leali,it ITA,GK,Genoa,30,1993,2.0,,0,,,,,,,,,,,0,,,,Matches
313,Rafael Leão,pt POR,"MF,FW",Milan,24,1999,27.9,,10,,,,,,,,,,,9,,,,Matches
314,Jesper Lindstrøm,dk DEN,FW,Napoli,23,2000,4.8,,2,,,,,,,,,,,2,,,,Matches
315,Karol Linetty,pl POL,MF,Torino,28,1995,20.6,,19,,,,,,,,,,,23,,,,Matches
316,Luca Lipani,it ITA,MF,Sassuolo,18,2005,4.3,,7,,,,,,,,,,,6,,,,Matches
317,Pol Lirola,es ESP,"DF,MF",Frosinone,25,1997,17.1,,19,,,,,,,,,,,18,,,,Matches
318,Marcin Listkowski,pl POL,"FW,MF",Lecce,25,1998,0.1,,0,,,,,,,,,,,0,,,,Matches
319,Diego Llorente,es ESP,DF,Roma,29,1993,24.1,,19,,,,,,,,,,,22,,,,Matches
320,Stanislav Lobotka,sk SVK,MF,Napoli,28,1994,36.5,,40,,,,,,,,,,,31,,,,Matches
321,Manuel Locatelli,it ITA,MF,Juventus,25,1998,33.4,,47,,,,,,,,,,,26,,,,Matches
322,Ruben Loftus-Cheek,eng ENG,MF,Milan,27,1996,23.0,,18,,,,,,,,,,,10,,,,Matches
323,Ademola Lookman,ng NGA,"FW,MF",Atalanta,25,1997,21.0,,15,,,,,,,,,,,9,,,,Matches
324,Maxime Lopez,fr FRA,MF,Sassuolo,25,1997,1.6,,1,,,,,,,,,,,2,,,,Matches
325,Maxime Lopez,fr FRA,MF,Fiorentina,25,1997,8.9,,7,,,,,,,,,,,7,,,,Matches
326,Matteo Lovato,it ITA,DF,Torino,23,2000,6.0,,6,,,,,,,,,,,14,,,,Matches
327,Matteo Lovato,it ITA,DF,Salernitana,23,2000,10.5,,14,,,,,,,,,,,19,,,,Matches
328,Sandi Lovrić,si SVN,MF,Udinese,25,1998,22.1,,13,,,,,,,,,,,21,,,,Matches
329,Lorenzo Lucca,it ITA,FW,Udinese,22,2000,28.8,,11,,,,,,,,,,,4,,,,Matches
330,Jhon Lucumí,co COL,DF,Bologna,25,1998,24.6,,29,,,,,,,,,,,15,,,,Matches
331,José Luis Palomino,ar ARG,DF,Atalanta,33,1990,0.3,,1,,,,,,,,,,,1,,,,Matches
332,Romelu Lukaku,be BEL,FW,Roma,30,1993,29.3,,6,,,,,,,,,,,0,,,,Matches
333,Karlo Lulić,hr CRO,MF,Frosinone,27,1996,0.2,,0,,,,,,,,,,,1,,,,Matches
334,Sebastiano Luperto,it ITA,DF,Empoli,26,1996,37.8,,27,,,,,,,,,,,28,,,,Matches
335,Mateus Lusuardi,br BRA,DF,Frosinone,19,2004,2.4,,1,,,,,,,,,,,4,,,,Matches
336,Zito Luvumbo,ao ANG,"MF,FW",Cagliari,21,2002,21.6,,7,,,,,,,,,,,1,,,,Matches
337,Babis Lykogiannis,gr GRE,DF,Bologna,29,1993,10.0,,6,,,,,,,,,,,5,,,,Matches
338,Giulio Maggiore,it ITA,MF,Salernitana,25,1998,20.0,,26,,,,,,,,,,,22,,,,Matches
339,Giangiacomo Magnani,it ITA,DF,Hellas Verona,27,1995,27.2,,17,,,,,,,,,,,45,,,,Matches
340,Mike Maignan,fr FRA,GK,Milan,28,1995,29.0,,0,,,,,,,,,,,1,,,,Matches
341,Antoine Makoumbou,cg CGO,MF,Cagliari,25,1998,30.0,,22,,,,,,,,,,,16,,,,Matches
342,Daniel Maldini,it ITA,"FW,MF",Empoli,21,2001,2.9,,2,,,,,,,,,,,2,,,,Matches
343,Daniel Maldini,it ITA,MF,Monza,21,2001,3.7,,2,,,,,,,,,,,2,,,,Matches
344,Youssef Maleh,ma MAR,MF,Empoli,24,1998,28.9,,50,,,,,,,,,,,23,,,,Matches
345,Ruslan Malinovskyi,ua UKR,"MF,FW",Genoa,30,1993,17.2,,22,,,,,,,,,,,5,,,,Matches
346,Gianluca Mancini,it ITA,DF,Roma,27,1996,31.9,,19,,,,,,,,,,,34,,,,Matches
347,Marco Mancosu,it ITA,"MF,FW",Cagliari,34,1988,1.7,,0,,,,,,,,,,,0,,,,Matches
348,Christos Mandas,gr GRE,GK,Lazio,21,2001,8.0,,0,,,,,,,,,,,1,,,,Matches
349,Rolando Mandragora,it ITA,MF,Fiorentina,26,1997,17.6,,10,,,,,,,,,,,9,,,,Matches
350,Kostas Manolas,gr GRE,DF,Salernitana,32,1991,5.4,,6,,,,,,,,,,,2,,,,Matches
351,Riccardo Marchizza,it ITA,DF,Frosinone,25,1998,12.8,,6,,,,,,,,,,,7,,,,Matches
352,Gian Marco Ferrari,it ITA,DF,Sassuolo,31,1992,25.2,,11,,,,,,,,,,,26,,,,Matches
353,Pablo Marí,es ESP,DF,Monza,29,1993,29.1,,26,,,,,,,,,,,37,,,,Matches
354,Mirko Marić,hr CRO,FW,Monza,28,1995,3.2,,1,,,,,,,,,,,2,,,,Matches
355,Răzvan Marin,ro ROU,MF,Empoli,27,1996,20.2,,21,,,,,,,,,,,6,,,,Matches
356,Agustín Martegani,ar ARG,MF,Salernitana,23,2000,8.1,,7,,,,,,,,,,,4,,,,Matches
357,Aarón Martín,es ESP,"MF,DF",Genoa,26,1997,15.3,,10,,,,,,,,,,,7,,,,Matches
358,Tommaso Martinelli,it ITA,GK,Fiorentina,17,2006,1.0,,0,,,,,,,,,,,0,,,,Matches
359,Josep Martinez,es ESP,GK,Genoa,25,1998,36.0,,0,,,,,,,,,,,0,,,,Matches
360,Lautaro Martínez,ar ARG,FW,Inter,25,1997,29.5,,14,,,,,,,,,,,17,,,,Matches
361,Lucas Martínez Quarta,ar ARG,DF,Fiorentina,27,1996,25.5,,52,,,,,,,,,,,29,,,,Matches
362,Adam Marušić,me MNE,"DF,MF",Lazio,30,1992,34.4,,32,,,,,,,,,,,28,,,,Matches
363,Adam Masina,ma MAR,MF,Udinese,29,1994,0.7,,0,,,,,,,,,,,2,,,,Matches
364,Adam Masina,ma MAR,DF,Torino,29,1994,11.4,,12,,,,,,,,,,,11,,,,Matches
365,Alan Matturro,uy URU,MF,Genoa,18,2004,1.2,,1,,,,,,,,,,,2,,,,Matches
366,Luca Mazzitelli,it ITA,MF,Frosinone,27,1995,24.6,,26,,,,,,,,,,,20,,,,Matches
367,Pasquale Mazzocchi,it ITA,"MF,DF",Salernitana,28,1995,14.1,,18,,,,,,,,,,,4,,,,Matches
368,Pasquale Mazzocchi,it ITA,"DF,MF",Napoli,28,1995,4.8,,3,,,,,,,,,,,1,,,,Matches
369,Jordi Mboula,es ESP,"MF,FW",Hellas Verona,24,1999,3.4,,3,,,,,,,,,,,1,,,,Matches
370,Weston McKennie,us USA,MF,Juventus,24,1998,28.8,,29,,,,,,,,,,,19,,,,Matches
371,Arthur Melo,br BRA,MF,Fiorentina,26,1996,22.1,,29,,,,,,,,,,,19,,,,Matches
372,Leonardo Mendicino,it ITA,MF,Atalanta,17,2006,0.0,,0,,,,,,,,,,,0,,,,Matches
373,Alex Meret,it ITA,GK,Napoli,26,1997,30.8,,0,,,,,,,,,,,0,,,,Matches
374,Junior Messias,br BRA,"MF,FW",Genoa,32,1991,11.7,,19,,,,,,,,,,,5,,,,Matches
375,Nikola Milenković,rs SRB,DF,Fiorentina,25,1997,27.9,,19,,,,,,,,,,,27,,,,Matches
376,Arkadiusz Milik,pl POL,FW,Juventus,29,1994,10.2,,6,,,,,,,,,,,5,,,,Matches
377,Vanja Milinković-Savić,rs SRB,GK,Torino,26,1997,36.0,,0,,,,,,,,,,,1,,,,Matches
378,Yerry Mina,co COL,DF,Fiorentina,28,1994,0.5,,1,,,,,,,,,,,0,,,,Matches
379,Yerry Mina,co COL,DF,Cagliari,28,1994,13.5,,13,,,,,,,,,,,4,,,,Matches
380,Aleksei Miranchuk,ru RUS,"MF,FW",Atalanta,27,1995,13.1,,6,,,,,,,,,,,3,,,,Matches
381,Kevin Miranda,it ITA,DF,Sassuolo,20,2003,0.2,,0,,,,,,,,,,,0,,,,Matches
382,Antonio Mirante,it ITA,GK,Milan,40,1983,2.0,,0,,,,,,,,,,,0,,,,Matches
383,Fabio Miretti,it ITA,MF,Juventus,19,2003,12.3,,15,,,,,,,,,,,8,,,,Matches
384,Filippo Missori,it ITA,MF,Sassuolo,19,2004,3.0,,3,,,,,,,,,,,3,,,,Matches
385,Stefan Mitrović,rs SRB,MF,Hellas Verona,20,2002,4.3,,3,,,,,,,,,,,0,,,,Matches
386,Henrikh Mkhitaryan,am ARM,MF,Inter,34,1989,30.9,,33,,,,,,,,,,,28,,,,Matches
387,Ilario Monterisi,it ITA,DF,Frosinone,21,2001,16.3,,13,,,,,,,,,,,8,,,,Matches
388,Lorenzo Montipò,it ITA,GK,Hellas Verona,27,1996,37.0,,1,,,,,,,,,,,0,,,,Matches
389,Nikola Moro,hr CRO,"MF,FW",Bologna,25,1998,9.3,,17,,,,,,,,,,,7,,,,Matches
390,Dany Mota,pt POR,"MF,FW",Monza,25,1998,22.8,,7,,,,,,,,,,,2,,,,Matches
391,Samuele Mulattieri,it ITA,FW,Sassuolo,22,2000,5.1,,1,,,,,,,,,,,1,,,,Matches
392,Luis Muriel,co COL,FW,Atalanta,32,1991,4.5,,2,,,,,,,,,,,1,,,,Matches
393,Yunus Musah,us USA,MF,Milan,20,2002,16.4,,14,,,,,,,,,,,11,,,,Matches
394,Juan Musso,ar ARG,GK,Atalanta,29,1994,11.0,,0,,,,,,,,,,,0,,,,Matches
395,Kingstone Mutandwa,zm ZAM,FW,Cagliari,20,2003,0.4,,0,,,,,,,,,,,0,,,,Matches
396,Obite N'Dicka,ci CIV,DF,Roma,23,1999,24.1,,18,,,,,,,,,,,15,,,,Matches
397,Nahitan Nández,uy URU,"MF,DF",Cagliari,27,1995,26.0,,40,,,,,,,,,,,19,,,,Matches
398,Natan,br BRA,DF,Napoli,22,2001,10.6,,11,,,,,,,,,,,8,,,,Matches
399,Lapo Nava,it ITA,GK,Milan,19,2004,0.0,,0,,,,,,,,,,,0,,,,Matches
400,Michel Ndary Adopo,fr FRA,MF,Atalanta,23,2000,1.2,,3,,,,,,,,,,,0,,,,Matches
401,Dan Ndoye,ch SUI,"MF,FW",Bologna,22,2000,19.7,,15,,,,,,,,,,,10,,,,Matches
402,Cyril Ngonge,be BEL,"MF,FW",Hellas Verona,23,2000,15.9,,10,,,,,,,,,,,3,,,,Matches
403,Cyril Ngonge,be BEL,FW,Napoli,23,2000,3.5,,3,,,,,,,,,,,0,,,,Matches
404,M'Baye Niang,sn SEN,FW,Empoli,28,1994,7.9,,2,,,,,,,,,,,3,,,,Matches
405,Hans Nicolussi Caviglia,it ITA,MF,Juventus,23,2000,3.0,,2,,,,,,,,,,,0,,,,Matches
406,Joseph Nonge,be BEL,MF,Juventus,18,2005,0.3,,0,,,,,,,,,,,0,,,,Matches
407,Tijjani Noslin,nl NED,"FW,MF",Hellas Verona,24,1999,14.9,,7,,,,,,,,,,,2,,,,Matches
408,Simeon Nwankwo,ng NGA,FW,Salernitana,31,1992,7.6,,3,,,,,,,,,,,0,,,,Matches
409,M'Bala Nzola,ao ANG,FW,Fiorentina,26,1996,17.2,,8,,,,,,,,,,,0,,,,Matches
410,Adam Obert,sk SVK,DF,Cagliari,20,2002,10.5,,9,,,,,,,,,,,20,,,,Matches
411,Pedro Obiang,gq EQG,MF,Sassuolo,31,1992,5.0,,3,,,,,,,,,,,7,,,,Matches
412,Guillermo Ochoa,mx MEX,GK,Salernitana,38,1985,21.0,,0,,,,,,,,,,,0,,,,Matches
413,Jens Odgaard,dk DEN,"MF,FW",Bologna,24,1999,4.8,,4,,,,,,,,,,,1,,,,Matches
414,Noah Okafor,ch SUI,"FW,MF",Milan,23,2000,9.9,,4,,,,,,,,,,,0,,,,Matches
415,David Okereke,ng NGA,"FW,MF",Torino,25,1997,2.8,,1,,,,,,,,,,,1,,,,Matches
416,Caleb Okoli,it ITA,DF,Frosinone,22,2001,32.4,,34,,,,,,,,,,,31,,,,Matches
417,Maduka Okoye,ng NGA,GK,Udinese,23,1999,21.0,,0,,,,,,,,,,,1,,,,Matches
418,Mathías Olivera,uy URU,DF,Napoli,25,1997,17.4,,29,,,,,,,,,,,19,,,,Matches
419,Gaetano Oristanio,it ITA,"FW,MF",Cagliari,20,2002,12.3,,10,,,,,,,,,,,9,,,,Matches
420,Riccardo Orsolini,it ITA,MF,Bologna,26,1997,19.9,,14,,,,,,,,,,,8,,,,Matches
421,Victor Osimhen,ng NGA,FW,Napoli,24,1998,22.0,,8,,,,,,,,,,,2,,,,Matches
422,Remi Oudin,fr FRA,"MF,FW",Lecce,26,1996,20.2,,13,,,,,,,,,,,21,,,,Matches
423,Anthony Oyono,ga GAB,"DF,MF",Frosinone,22,2001,13.3,,27,,,,,,,,,,,9,,,,Matches
424,Simone Pafundi,it ITA,FW,Udinese,17,2006,0.1,,0,,,,,,,,,,,0,,,,Matches
425,Riccardo Pagano,it ITA,MF,Roma,18,2004,0.6,,2,,,,,,,,,,,0,,,,Matches
426,Christos Papadopoulos,gr GRE,MF,Genoa,18,2004,0.0,,0,,,,,,,,,,,0,,,,Matches
427,Leandro Paredes,ar ARG,MF,Roma,29,1994,29.3,,35,,,,,,,,,,,27,,,,Matches
428,Fabiano Parisi,it ITA,DF,Fiorentina,22,2000,16.2,,14,,,,,,,,,,,17,,,,Matches
429,Mario Pašalić,hr CRO,MF,Atalanta,28,1995,22.8,,16,,,,,,,,,,,17,,,,Matches
430,Triantafyllos Pasaridīs,gr GRE,DF,Salernitana,27,1996,5.0,,7,,,,,,,,,,,3,,,,Matches
431,Patric,es ESP,DF,Lazio,30,1993,17.9,,8,,,,,,,,,,,4,,,,Matches
432,Rui Patrício,pt POR,GK,Roma,35,1988,23.0,,0,,,,,,,,,,,0,,,,Matches
433,Benjamin Pavard,fr FRA,DF,Inter,27,1996,18.6,,24,,,,,,,,,,,31,,,,Matches
434,Leonardo Pavoletti,it ITA,FW,Cagliari,34,1988,7.0,,1,,,,,,,,,,,0,,,,Matches
435,Martín Payero,ar ARG,MF,Udinese,24,1998,20.0,,33,,,,,,,,,,,13,,,,Matches
436,Marcus Pedersen,no NOR,DF,Sassuolo,23,2000,17.9,,24,,,,,,,,,,,10,,,,Matches
437,Pedro,es ESP,FW,Lazio,36,1987,9.1,,12,,,,,,,,,,,2,,,,Matches
438,Pietro Pellegri,it ITA,"FW,MF",Torino,22,2001,8.4,,1,,,,,,,,,,,2,,,,Matches
439,Lorenzo Pellegrini,it ITA,MF,Roma,27,1996,20.7,,20,,,,,,,,,,,20,,,,Matches
440,Luca Pellegrini,it ITA,"DF,MF",Lazio,24,1999,8.7,,14,,,,,,,,,,,8,,,,Matches
441,Marco Pellegrino,ar ARG,DF,Salernitana,21,2002,6.1,,6,,,,,,,,,,,10,,,,Matches
442,Marco Pellegrino,ar ARG,DF,Milan,21,2002,0.8,,1,,,,,,,,,,,1,,,,Matches
443,Pepín,gq EQG,MF,Monza,26,1996,2.7,,1,,,,,,,,,,,0,,,,Matches
444,Pedro Pereira,pt POR,"MF,DF",Monza,25,1998,9.3,,13,,,,,,,,,,,4,,,,Matches
445,Roberto Pereyra,ar ARG,"FW,MF",Udinese,32,1991,20.6,,10,,,,,,,,,,,7,,,,Matches
446,Nehuén Pérez,ar ARG,DF,Udinese,23,2000,36.0,,49,,,,,,,,,,,45,,,,Matches
447,Simone Perilli,it ITA,GK,Hellas Verona,28,1995,1.0,,0,,,,,,,,,,,0,,,,Matches
448,Mattia Perin,it ITA,GK,Juventus,30,1992,2.5,,0,,,,,,,,,,,0,,,,Matches
449,Samuele Perisan,it ITA,GK,Empoli,25,1997,1.0,,0,,,,,,,,,,,0,,,,Matches
450,Matteo Pessina,it ITA,MF,Monza,26,1997,35.8,,25,,,,,,,,,,,27,,,,Matches
451,Andrea Petagna,it ITA,FW,Cagliari,28,1995,11.1,,2,,,,,,,,,,,1,,,,Matches
452,Giuseppe Pezzella,it ITA,"MF,DF",Empoli,25,1997,12.1,,14,,,,,,,,,,,2,,,,Matches
453,Roberto Piccoli,it ITA,FW,Lecce,22,2001,15.3,,7,,,,,,,,,,,3,,,,Matches
454,Roberto Piccoli,it ITA,FW,Empoli,22,2001,0.4,,1,,,,,,,,,,,0,,,,Matches
455,Santiago Pierotti,ar ARG,"FW,MF",Lecce,22,2001,2.2,,8,,,,,,,,,,,1,,,,Matches
456,Niccolò Pierozzi,it ITA,DF,Salernitana,21,2001,9.7,,10,,,,,,,,,,,11,,,,Matches
457,Andrea Pinamonti,it ITA,FW,Sassuolo,24,1999,34.2,,9,,,,,,,,,,,1,,,,Matches
458,Carlo Pinsoglio,it ITA,GK,Juventus,33,1990,0.5,,0,,,,,,,,,,,0,,,,Matches
459,Lorenzo Pirola,it ITA,DF,Salernitana,21,2002,22.1,,22,,,,,,,,,,,25,,,,Matches
460,Niccolò Pisilli,it ITA,MF,Roma,18,2004,0.1,,0,,,,,,,,,,,0,,,,Matches
461,Tommaso Pobega,it ITA,"MF,DF",Milan,24,1999,3.5,,9,,,,,,,,,,,5,,,,Matches
462,Paul Pogba,fr FRA,MF,Juventus,30,1993,0.6,,0,,,,,,,,,,,1,,,,Matches
463,Matteo Politano,it ITA,FW,Napoli,29,1993,26.2,,9,,,,,,,,,,,15,,,,Matches
464,Marin Pongračić,hr CRO,DF,Lecce,25,1997,35.8,,27,,,,,,,,,,,50,,,,Matches
465,Stefan Posch,at AUT,DF,Bologna,26,1997,26.8,,45,,,,,,,,,,,18,,,,Matches
466,Matteo Prati,it ITA,MF,Cagliari,19,2003,21.9,,25,,,,,,,,,,,14,,,,Matches
467,Ivan Provedel,it ITA,GK,Lazio,29,1994,30.0,,0,,,,,,,,,,,0,,,,Matches
468,Christian Pulisic,us USA,"MF,FW",Milan,24,1998,28.9,,25,,,,,,,,,,,10,,,,Matches
469,George Pușcaș,ro ROU,FW,Genoa,27,1996,2.1,,0,,,,,,,,,,,0,,,,Matches
470,Domingos Quina,pt POR,MF,Udinese,23,1999,0.1,,1,,,,,,,,,,,0,,,,Matches
471,Adrien Rabiot,fr FRA,MF,Juventus,28,1995,29.5,,39,,,,,,,,,,,25,,,,Matches
472,Uroš Račić,rs SRB,MF,Sassuolo,25,1998,9.1,,5,,,,,,,,,,,7,,,,Matches
473,Nemanja Radonjić,rs SRB,MF,Torino,27,1996,4.2,,1,,,,,,,,,,,0,,,,Matches
474,Boris Radunović,rs SRB,GK,Cagliari,27,1996,7.0,,0,,,,,,,,,,,1,,,,Matches
475,Hamza Rafia,tn TUN,MF,Lecce,24,1999,13.4,,29,,,,,,,,,,,11,,,,Matches
476,Ylber Ramadani,al ALB,MF,Lecce,27,1996,33.0,,44,,,,,,,,,,,47,,,,Matches
477,Luca Ranieri,it ITA,DF,Fiorentina,24,1999,22.9,,11,,,,,,,,,,,27,,,,Matches
478,Filippo Ranocchia,it ITA,MF,Empoli,22,2001,5.3,,11,,,,,,,,,,,3,,,,Matches
479,Giacomo Raspadori,it ITA,FW,Napoli,23,2000,17.6,,11,,,,,,,,,,,4,,,,Matches
480,Federico Ravaglia,it ITA,GK,Bologna,23,1999,5.9,,0,,,,,,,,,,,0,,,,Matches
481,Tijjani Reijnders,nl NED,MF,Milan,25,1998,31.3,,25,,,,,,,,,,,19,,,,Matches
482,Reinier,br BRA,"MF,FW",Frosinone,21,2002,11.8,,10,,,,,,,,,,,10,,,,Matches
483,Mateo Retegui,it ITA,FW,Genoa,24,1999,24.6,,11,,,,,,,,,,,0,,,,Matches
484,Samuele Ricci,it ITA,MF,Torino,21,2001,26.6,,18,,,,,,,,,,,28,,,,Matches
485,Ricardo Rodríguez,ch SUI,"DF,MF",Torino,30,1992,30.8,,27,,,,,,,,,,,26,,,,Matches
486,Alessio Romagnoli,it ITA,DF,Lazio,28,1995,26.8,,16,,,,,,,,,,,31,,,,Matches
487,Simone Romagnoli,it ITA,DF,Frosinone,33,1990,30.2,,17,,,,,,,,,,,28,,,,Matches
488,Luka Romero,ar ARG,MF,Milan,18,2004,1.0,,1,,,,,,,,,,,0,,,,Matches
489,Marten de Roon,nl NED,"MF,DF",Atalanta,32,1991,28.9,,44,,,,,,,,,,,36,,,,Matches
490,Francesco Rossi,it ITA,GK,Atalanta,32,1991,0.1,,0,,,,,,,,,,,0,,,,Matches
491,Nicolò Rovella,it ITA,MF,Lazio,21,2001,14.6,,26,,,,,,,,,,,23,,,,Matches
492,Amir Rrahmani,xk KVX,DF,Napoli,29,1994,28.9,,27,,,,,,,,,,,19,,,,Matches
493,Ruan,br BRA,DF,Sassuolo,24,1999,16.8,,14,,,,,,,,,,,23,,,,Matches
494,Daniele Rugani,it ITA,DF,Juventus,29,1994,13.2,,10,,,,,,,,,,,8,,,,Matches
495,Matteo Ruggeri,it ITA,MF,Atalanta,21,2002,27.2,,15,,,,,,,,,,,22,,,,Matches
496,Mário Rui,pt POR,DF,Napoli,32,1991,13.4,,15,,,,,,,,,,,16,,,,Matches
497,Stefano Sabelli,it ITA,"MF,DF",Genoa,30,1993,27.0,,23,,,,,,,,,,,23,,,,Matches
498,Alexis Saelemaekers,be BEL,MF,Bologna,24,1999,21.0,,22,,,,,,,,,,,14,,,,Matches
499,Lazar Samardzic,rs SRB,MF,Udinese,21,2002,26.4,,17,,,,,,,,,,,9,,,,Matches
500,Junior Sambia,fr FRA,MF,Salernitana,26,1996,11.5,,5,,,,,,,,,,,10,,,,Matches
501,Antonio Sanabria,py PAR,FW,Torino,27,1996,23.7,,15,,,,,,,,,,,7,,,,Matches
502,Renato Sanches,pt POR,MF,Roma,25,1997,1.6,,1,,,,,,,,,,,0,,,,Matches
503,Alexis Sánchez,cl CHI,FW,Inter,34,1988,8.5,,6,,,,,,,,,,,1,,,,Matches
504,Alex Sandro,br BRA,DF,Juventus,32,1991,8.0,,8,,,,,,,,,,,18,,,,Matches
505,Nicola Sansone,it ITA,"MF,FW",Lecce,31,1991,8.5,,7,,,,,,,,,,,4,,,,Matches
506,Riccardo Saponara,it ITA,"MF,FW",Hellas Verona,31,1991,3.8,,1,,,,,,,,,,,0,,,,Matches
507,Zanos Savva,cy CYP,FW,Torino,17,2005,0.3,,1,,,,,,,,,,,0,,,,Matches
508,Saba Sazonov,ge GEO,DF,Torino,21,2002,4.0,,7,,,,,,,,,,,3,,,,Matches
509,Giorgio Scalvini,it ITA,DF,Atalanta,19,2003,28.3,,30,,,,,,,,,,,57,,,,Matches
510,Gianluca Scamacca,it ITA,FW,Atalanta,24,1999,16.1,,9,,,,,,,,,,,4,,,,Matches
511,Perr Schuurs,nl NED,DF,Torino,23,1999,8.6,,12,,,,,,,,,,,11,,,,Matches
512,Simone Scuffet,it ITA,GK,Cagliari,27,1996,31.0,,0,,,,,,,,,,,1,,,,Matches
513,Demba Seck,sn SEN,"FW,MF",Frosinone,22,2001,3.3,,5,,,,,,,,,,,1,,,,Matches
514,Demba Seck,sn SEN,MF,Torino,22,2001,4.7,,3,,,,,,,,,,,1,,,,Matches
515,Nikola Sekulov,it ITA,MF,Juventus,21,2002,0.1,,0,,,,,,,,,,,0,,,,Matches
516,Vivaldo Semedo,pt POR,FW,Udinese,18,2005,0.1,,0,,,,,,,,,,,0,,,,Matches
517,Stefano Sensi,it ITA,MF,Inter,27,1995,0.5,,1,,,,,,,,,,,1,,,,Matches
518,Suat Serdar,de GER,MF,Hellas Verona,26,1997,18.4,,39,,,,,,,,,,,17,,,,Matches
519,Andres Sfait,ro ROU,MF,Salernitana,18,2004,0.3,,1,,,,,,,,,,,0,,,,Matches
520,Stephan El Shaarawy,it ITA,"FW,MF",Roma,30,1992,19.3,,13,,,,,,,,,,,14,,,,Matches
521,Eldor Shomurodov,uz UZB,"MF,FW",Cagliari,28,1995,10.4,,4,,,,,,,,,,,4,,,,Matches
522,Steven Shpendi,al ALB,FW,Empoli,20,2003,4.6,,0,,,,,,,,,,,1,,,,Matches
523,Marco Silvestri,it ITA,GK,Udinese,32,1991,17.0,,0,,,,,,,,,,,0,,,,Matches
524,Giovanni Simeone,ar ARG,FW,Napoli,28,1995,8.9,,4,,,,,,,,,,,1,,,,Matches
525,Jan-Carlo Simic,rs SRB,DF,Milan,18,2005,1.6,,1,,,,,,,,,,,0,,,,Matches
526,Leo Skiri Østigård,no NOR,DF,Napoli,23,1999,18.1,,11,,,,,,,,,,,15,,,,Matches
527,Łukasz Skorupski,pl POL,GK,Bologna,32,1991,32.0,,1,,,,,,,,,,,1,,,,Matches
528,Chris Smalling,eng ENG,DF,Roma,33,1989,4.3,,1,,,,,,,,,,,3,,,,Matches
529,Andrea Sodero,it ITA,MF,Empoli,18,2004,0.1,,0,,,,,,,,,,,0,,,,Matches
530,Ola Solbakken,no NOR,FW,Roma,24,1998,0.3,,0,,,,,,,,,,,0,,,,Matches
531,Daniele Sommariva,it ITA,GK,Genoa,26,1997,0.1,,0,,,,,,,,,,,0,,,,Matches
532,Yann Sommer,ch SUI,GK,Inter,34,1988,34.0,,1,,,,,,,,,,,0,,,,Matches
533,Brandon Soppy,fr FRA,MF,Torino,21,2002,2.0,,2,,,,,,,,,,,0,,,,Matches
534,Alessandro Sorrentino,it ITA,GK,Monza,21,2002,6.1,,0,,,,,,,,,,,0,,,,Matches
535,Riccardo Sottil,it ITA,MF,Fiorentina,24,1999,12.3,,5,,,,,,,,,,,2,,,,Matches
536,Matìas Soulé,ar ARG,"MF,FW",Frosinone,20,2003,34.7,,27,,,,,,,,,,,18,,,,Matches
537,Djed Spence,eng ENG,MF,Genoa,22,2000,9.5,,10,,,,,,,,,,,9,,,,Matches
538,Leonardo Spinazzola,it ITA,"MF,DF",Roma,30,1993,14.6,,7,,,,,,,,,,,3,,,,Matches
539,Marco Sportiello,it ITA,GK,Milan,31,1992,7.0,,0,,,,,,,,,,,0,,,,Matches
540,Trivante Stewart,jm JAM,FW,Salernitana,23,2000,1.1,,0,,,,,,,,,,,0,,,,Matches
541,Gabriel Strefezza,br BRA,"FW,MF",Lecce,26,1997,12.4,,17,,,,,,,,,,,7,,,,Matches
542,Kevin Strootman,nl NED,MF,Genoa,33,1990,13.4,,19,,,,,,,,,,,7,,,,Matches
543,Isaac Success,ng NGA,"FW,MF",Udinese,27,1996,9.8,,4,,,,,,,,,,,2,,,,Matches
544,Ibrahim Sulemana,gh GHA,MF,Cagliari,20,2003,14.9,,13,,,,,,,,,,,6,,,,Matches
545,Tomáš Suslov,sk SVK,MF,Hellas Verona,21,2002,23.2,,29,,,,,,,,,,,6,,,,Matches
546,Mile Svilar,rs SRB,GK,Roma,23,1999,15.0,,0,,,,,,,,,,,0,,,,Matches
547,Karol Świderski,pl POL,"FW,MF",Hellas Verona,26,1997,5.6,,3,,,,,,,,,,,1,,,,Matches
548,Wojciech Szczęsny,pl POL,GK,Juventus,33,1990,35.0,,0,,,,,,,,,,,1,,,,Matches
549,Przemysław Szymiński,pl POL,DF,Frosinone,29,1994,0.1,,0,,,,,,,,,,,0,,,,Matches
550,Adrien Tameze,cm CMR,"DF,MF",Torino,29,1994,23.8,,16,,,,,,,,,,,47,,,,Matches
551,Elayis Tavsan,nl NED,"FW,MF",Hellas Verona,22,2001,0.6,,0,,,,,,,,,,,0,,,,Matches
552,Loum Tchaouna,fr FRA,"MF,FW",Salernitana,19,2003,23.3,,10,,,,,,,,,,,5,,,,Matches
553,Jackson Tchatchoua,cm CMR,DF,Hellas Verona,21,2001,19.2,,26,,,,,,,,,,,23,,,,Matches
554,Filippo Terracciano,it ITA,"MF,DF",Hellas Verona,20,2003,14.4,,17,,,,,,,,,,,19,,,,Matches
555,Filippo Terracciano,it ITA,DF,Milan,20,2003,0.8,,2,,,,,,,,,,,0,,,,Matches
556,Pietro Terracciano,it ITA,GK,Fiorentina,33,1990,33.0,,0,,,,,,,,,,,0,,,,Matches
557,Florian Thauvin,fr FRA,FW,Udinese,30,1993,19.0,,5,,,,,,,,,,,3,,,,Matches
558,Malick Thiaw,de GER,DF,Milan,21,2001,18.0,,18,,,,,,,,,,,16,,,,Matches
559,Morten Thorsby,no NOR,MF,Genoa,27,1996,12.9,,11,,,,,,,,,,,4,,,,Matches
560,Kristian Thorstvedt,no NOR,MF,Sassuolo,24,1999,26.6,,20,,,,,,,,,,,22,,,,Matches
561,Marcus Thuram,fr FRA,FW,Inter,25,1997,29.9,,15,,,,,,,,,,,2,,,,Matches
562,Antonio Tikvić,hr CRO,DF,Udinese,19,2004,0.0,,0,,,,,,,,,,,0,,,,Matches
563,Jeremy Toljan,de GER,DF,Sassuolo,28,1994,23.1,,10,,,,,,,,,,,15,,,,Matches
564,Rafael Tolói,it ITA,DF,Atalanta,32,1990,10.7,,10,,,,,,,,,,,11,,,,Matches
565,Fikayo Tomori,eng ENG,DF,Milan,25,1997,23.6,,23,,,,,,,,,,,25,,,,Matches
566,Ahmed Touba,dz ALG,DF,Lecce,25,1998,3.1,,4,,,,,,,,,,,7,,,,Matches
567,Chaka Traorè,ci CIV,FW,Milan,18,2004,0.2,,1,,,,,,,,,,,0,,,,Matches
568,Stefano Turati,it ITA,GK,Frosinone,21,2001,30.5,,0,,,,,,,,,,,0,,,,Matches
569,Kacper Urbanski,pl POL,"MF,FW",Bologna,18,2004,10.3,,9,,,,,,,,,,,4,,,,Matches
570,Emanuele Valeri,it ITA,"MF,DF",Frosinone,24,1998,13.1,,14,,,,,,,,,,,10,,,,Matches
571,Johan Vásquez,mx MEX,DF,Genoa,24,1998,31.7,,32,,,,,,,,,,,48,,,,Matches
572,Matías Vecino,uy URU,MF,Lazio,31,1991,12.8,,17,,,,,,,,,,,10,,,,Matches
573,Lorenzo Venuti,it ITA,DF,Lecce,28,1995,4.0,,4,,,,,,,,,,,5,,,,Matches
574,Simone Verdi,it ITA,"FW,MF",Torino,31,1992,0.0,,0,,,,,,,,,,,0,,,,Matches
575,Emanuel Vignato,it ITA,"MF,FW",Salernitana,22,2000,3.5,,7,,,,,,,,,,,1,,,,Matches
576,Samuele Vignato,it ITA,MF,Monza,19,2004,3.8,,4,,,,,,,,,,,1,,,,Matches
577,Matías Viña,uy URU,DF,Sassuolo,25,1997,11.3,,20,,,,,,,,,,,9,,,,Matches
578,Rúben Vinagre,pt POR,DF,Hellas Verona,24,1999,3.1,,2,,,,,,,,,,,1,,,,Matches
579,Nicolas Viola,it ITA,"MF,FW",Cagliari,33,1989,13.4,,8,,,,,,,,,,,3,,,,Matches
580,Mattia Viti,it ITA,DF,Sassuolo,21,2002,10.9,,16,,,,,,,,,,,10,,,,Matches
581,Vitinha,pt POR,"MF,FW",Genoa,23,2000,3.2,,2,,,,,,,,,,,0,,,,Matches
582,Dušan Vlahović,rs SRB,FW,Juventus,23,2000,25.6,,5,,,,,,,,,,,2,,,,Matches
583,Nikola Vlašić,hr CRO,MF,Torino,25,1997,29.0,,14,,,,,,,,,,,11,,,,Matches
584,Alessandro Vogliacco,it ITA,DF,Genoa,24,1998,13.0,,15,,,,,,,,,,,30,,,,Matches
585,Mërgim Vojvoda,xk KVX,"MF,DF",Torino,28,1995,15.3,,8,,,,,,,,,,,14,,,,Matches
586,Cristian Volpato,it ITA,"MF,FW",Sassuolo,19,2003,7.2,,8,,,,,,,,,,,2,,,,Matches
587,Stefan de Vrij,nl NED,DF,Inter,31,1992,17.6,,13,,,,,,,,,,,24,,,,Matches
588,Walace,br BRA,MF,Udinese,28,1995,36.0,,43,,,,,,,,,,,43,,,,Matches
589,Sebastian Walukiewicz,pl POL,DF,Empoli,23,2000,22.8,,28,,,,,,,,,,,16,,,,Matches
590,Timothy Weah,us USA,MF,Juventus,23,2000,14.0,,19,,,,,,,,,,,6,,,,Matches
591,Shon Weissman,il ISR,FW,Salernitana,27,1996,5.5,,3,,,,,,,,,,,3,,,,Matches
592,Mateusz Wieteska,pl POL,DF,Cagliari,26,1997,10.7,,10,,,,,,,,,,,14,,,,Matches
593,Kenan Yıldız,tr TUR,FW,Juventus,18,2005,10.6,,10,,,,,,,,,,,1,,,,Matches
594,Mattia Zaccagni,it ITA,"FW,MF",Lazio,28,1995,21.7,,16,,,,,,,,,,,21,,,,Matches
595,Nicola Zalewski,pl POL,"MF,FW",Roma,21,2002,10.8,,13,,,,,,,,,,,8,,,,Matches
596,Andre-Frank Zambo Anguissa,cm CMR,MF,Napoli,27,1995,31.0,,35,,,,,,,,,,,28,,,,Matches
597,Alessandro Zanoli,it ITA,MF,Napoli,22,2000,0.6,,1,,,,,,,,,,,1,,,,Matches
598,Alessandro Zanoli,it ITA,"MF,DF",Salernitana,22,2000,10.2,,12,,,,,,,,,,,2,,,,Matches
599,Duván Zapata,co COL,FW,Atalanta,32,1991,1.2,,0,,,,,,,,,,,0,,,,Matches
600,Duván Zapata,co COL,FW,Torino,32,1991,32.0,,7,,,,,,,,,,,7,,,,Matches
601,Gabriele Zappa,it ITA,"DF,MF",Cagliari,23,1999,28.5,,30,,,,,,,,,,,20,,,,Matches
602,Davide Zappacosta,it ITA,MF,Atalanta,31,1992,20.7,,21,,,,,,,,,,,5,,,,Matches
603,Oier Zarraga,es ESP,MF,Udinese,24,1999,4.5,,3,,,,,,,,,,,5,,,,Matches
604,Jordan Zemura,zw ZIM,MF,Udinese,23,1999,11.5,,16,,,,,,,,,,,15,,,,Matches
605,Alessio Zerbin,it ITA,MF,Monza,24,1999,7.6,,11,,,,,,,,,,,3,,,,Matches
606,Alessio Zerbin,it ITA,FW,Napoli,24,1999,1.7,,2,,,,,,,,,,,0,,,,Matches
607,Kevin Zeroli,it ITA,MF,Milan,18,2005,0.3,,0,,,,,,,,,,,0,,,,Matches
608,Piotr Zieliński,pl POL,MF,Napoli,29,1994,21.4,,16,,,,,,,,,,,10,,,,Matches
609,David Zima,cz CZE,DF,Torino,22,2000,1.0,,1,,,,,,,,,,,4,,,,Matches
610,Joshua Zirkzee,nl NED,FW,Bologna,22,2001,30.7,,20,,,,,,,,,,,3,,,,Matches
611,Nadir Zortea,it ITA,"MF,DF",Frosinone,24,1999,14.0,,13,,,,,,,,,,,4,,,,Matches
612,Nadir Zortea,it ITA,"DF,MF",Atalanta,24,1999,1.7,,4,,,,,,,,,,,1,,,,Matches
613,Szymon Żurkowski,pl POL,MF,Empoli,25,1997,9.6,,6,,,,,,,,,,,5,,,,Matches
614,Milan Đurić,ba BIH,FW,Hellas Verona,33,1990,13.4,,0,,,,,,,,,,,1,,,,Matches
615,Milan Đurić,ba BIH,FW,Monza,33,1990,14.0,,4,,,,,,,,,,,0,,,,Matches
616,Mateusz Łęgowski,pl POL,MF,Salernitana,20,2003,12.7,,12,,,,,,,,,,,7,,,,Matches
